filepath,label,macro_label,sub_label,fold
battery/battery273.jpg,0,battery,battery,2
battery/battery182.jpg,0,battery,battery,5
battery/battery321.jpg,0,battery,battery,5
battery/battery119.jpg,0,battery,battery,4
battery/battery860.jpg,0,battery,battery,5
battery/battery890.jpg,0,battery,battery,2
battery/battery459.jpg,0,battery,battery,2
battery/battery105.jpg,0,battery,battery,5
battery/battery275.jpg,0,battery,battery,4
battery/battery734.jpg,0,battery,battery,2
battery/battery114.jpg,0,battery,battery,3
battery/battery913.jpg,0,battery,battery,2
battery/battery121.jpg,0,battery,battery,5
battery/battery168.jpg,0,battery,battery,5
battery/battery944.jpg,0,battery,battery,3
battery/battery383.jpg,0,battery,battery,5
battery/battery884.jpg,0,battery,battery,5
battery/battery427.jpg,0,battery,battery,5
battery/battery83.jpg,0,battery,battery,4
battery/battery35.jpg,0,battery,battery,3
battery/battery914.jpg,0,battery,battery,2
battery/battery78.jpg,0,battery,battery,4
battery/battery282.jpg,0,battery,battery,4
battery/battery508.jpg,0,battery,battery,2
battery/battery6.jpg,0,battery,battery,4
battery/battery189.jpg,0,battery,battery,3
battery/battery591.jpg,0,battery,battery,5
battery/battery849.jpg,0,battery,battery,5
battery/battery285.jpg,0,battery,battery,4
battery/battery395.jpg,0,battery,battery,5
battery/battery637.jpg,0,battery,battery,3
battery/battery330.jpg,0,battery,battery,5
battery/battery699.jpg,0,battery,battery,4
battery/battery244.jpg,0,battery,battery,5
battery/battery580.jpg,0,battery,battery,3
battery/battery271.jpg,0,battery,battery,5
battery/battery443.jpg,0,battery,battery,5
battery/battery643.jpg,0,battery,battery,2
battery/battery97.jpg,0,battery,battery,5
battery/battery501.jpg,0,battery,battery,3
battery/battery84.jpg,0,battery,battery,5
battery/battery227.jpg,0,battery,battery,4
battery/battery373.jpg,0,battery,battery,2
battery/battery387.jpg,0,battery,battery,3
battery/battery790.jpg,0,battery,battery,5
battery/battery270.jpg,0,battery,battery,4
battery/battery88.jpg,0,battery,battery,3
battery/battery713.jpg,0,battery,battery,5
battery/battery394.jpg,0,battery,battery,4
battery/battery148.jpg,0,battery,battery,2
battery/battery357.jpg,0,battery,battery,3
battery/battery226.jpg,0,battery,battery,5
battery/battery692.jpg,0,battery,battery,2
battery/battery792.jpg,0,battery,battery,4
battery/battery800.jpg,0,battery,battery,4
battery/battery605.jpg,0,battery,battery,3
battery/battery405.jpg,0,battery,battery,5
battery/battery64.jpg,0,battery,battery,3
battery/battery336.jpg,0,battery,battery,5
battery/battery349.jpg,0,battery,battery,2
battery/battery471.jpg,0,battery,battery,3
battery/battery324.jpg,0,battery,battery,3
battery/battery509.jpg,0,battery,battery,5
battery/battery401.jpg,0,battery,battery,2
battery/battery231.jpg,0,battery,battery,5
battery/battery617.jpg,0,battery,battery,2
battery/battery902.jpg,0,battery,battery,5
battery/battery431.jpg,0,battery,battery,5
battery/battery819.jpg,0,battery,battery,3
battery/battery400.jpg,0,battery,battery,5
battery/battery687.jpg,0,battery,battery,4
battery/battery63.jpg,0,battery,battery,4
battery/battery46.jpg,0,battery,battery,4
battery/battery12.jpg,0,battery,battery,5
battery/battery398.jpg,0,battery,battery,3
battery/battery53.jpg,0,battery,battery,4
battery/battery126.jpg,0,battery,battery,2
battery/battery199.jpg,0,battery,battery,3
battery/battery445.jpg,0,battery,battery,4
battery/battery682.jpg,0,battery,battery,5
battery/battery725.jpg,0,battery,battery,4
battery/battery618.jpg,0,battery,battery,3
battery/battery494.jpg,0,battery,battery,2
battery/battery639.jpg,0,battery,battery,4
battery/battery176.jpg,0,battery,battery,3
battery/battery320.jpg,0,battery,battery,4
battery/battery865.jpg,0,battery,battery,5
battery/battery769.jpg,0,battery,battery,2
battery/battery733.jpg,0,battery,battery,4
battery/battery833.jpg,0,battery,battery,3
battery/battery257.jpg,0,battery,battery,3
battery/battery910.jpg,0,battery,battery,4
battery/battery813.jpg,0,battery,battery,2
battery/battery597.jpg,0,battery,battery,5
battery/battery164.jpg,0,battery,battery,4
battery/battery467.jpg,0,battery,battery,2
battery/battery30.jpg,0,battery,battery,2
battery/battery234.jpg,0,battery,battery,4
battery/battery612.jpg,0,battery,battery,2
battery/battery194.jpg,0,battery,battery,2
battery/battery678.jpg,0,battery,battery,2
battery/battery640.jpg,0,battery,battery,5
battery/battery475.jpg,0,battery,battery,5
battery/battery688.jpg,0,battery,battery,5
battery/battery167.jpg,0,battery,battery,2
battery/battery379.jpg,0,battery,battery,3
battery/battery616.jpg,0,battery,battery,3
battery/battery838.jpg,0,battery,battery,2
battery/battery905.jpg,0,battery,battery,3
battery/battery863.jpg,0,battery,battery,4
battery/battery850.jpg,0,battery,battery,3
battery/battery550.jpg,0,battery,battery,2
battery/battery241.jpg,0,battery,battery,3
battery/battery26.jpg,0,battery,battery,2
battery/battery306.jpg,0,battery,battery,4
battery/battery598.jpg,0,battery,battery,3
battery/battery98.jpg,0,battery,battery,5
battery/battery329.jpg,0,battery,battery,5
battery/battery186.jpg,0,battery,battery,2
battery/battery27.jpg,0,battery,battery,5
battery/battery656.jpg,0,battery,battery,5
battery/battery517.jpg,0,battery,battery,5
battery/battery578.jpg,0,battery,battery,4
battery/battery933.jpg,0,battery,battery,5
battery/battery268.jpg,0,battery,battery,2
battery/battery256.jpg,0,battery,battery,4
battery/battery903.jpg,0,battery,battery,5
battery/battery628.jpg,0,battery,battery,2
battery/battery930.jpg,0,battery,battery,2
battery/battery210.jpg,0,battery,battery,4
battery/battery558.jpg,0,battery,battery,4
battery/battery174.jpg,0,battery,battery,5
battery/battery175.jpg,0,battery,battery,3
battery/battery736.jpg,0,battery,battery,5
battery/battery889.jpg,0,battery,battery,3
battery/battery647.jpg,0,battery,battery,4
battery/battery808.jpg,0,battery,battery,4
battery/battery276.jpg,0,battery,battery,5
battery/battery886.jpg,0,battery,battery,2
battery/battery181.jpg,0,battery,battery,5
battery/battery854.jpg,0,battery,battery,5
battery/battery361.jpg,0,battery,battery,4
battery/battery3.jpg,0,battery,battery,3
battery/battery708.jpg,0,battery,battery,5
battery/battery267.jpg,0,battery,battery,4
battery/battery112.jpg,0,battery,battery,2
battery/battery499.jpg,0,battery,battery,5
battery/battery888.jpg,0,battery,battery,5
battery/battery338.jpg,0,battery,battery,5
battery/battery173.jpg,0,battery,battery,5
battery/battery48.jpg,0,battery,battery,3
battery/battery305.jpg,0,battery,battery,3
battery/battery169.jpg,0,battery,battery,4
battery/battery269.jpg,0,battery,battery,2
battery/battery536.jpg,0,battery,battery,5
battery/battery183.jpg,0,battery,battery,4
battery/battery479.jpg,0,battery,battery,2
battery/battery289.jpg,0,battery,battery,4
battery/battery404.jpg,0,battery,battery,4
battery/battery219.jpg,0,battery,battery,4
battery/battery49.jpg,0,battery,battery,3
battery/battery36.jpg,0,battery,battery,2
battery/battery826.jpg,0,battery,battery,5
battery/battery576.jpg,0,battery,battery,5
battery/battery690.jpg,0,battery,battery,2
battery/battery251.jpg,0,battery,battery,5
battery/battery466.jpg,0,battery,battery,3
battery/battery279.jpg,0,battery,battery,3
battery/battery880.jpg,0,battery,battery,4
battery/battery184.jpg,0,battery,battery,2
battery/battery38.jpg,0,battery,battery,2
battery/battery455.jpg,0,battery,battery,5
battery/battery843.jpg,0,battery,battery,2
battery/battery454.jpg,0,battery,battery,5
battery/battery599.jpg,0,battery,battery,4
battery/battery726.jpg,0,battery,battery,2
battery/battery41.jpg,0,battery,battery,3
battery/battery493.jpg,0,battery,battery,3
battery/battery166.jpg,0,battery,battery,2
battery/battery31.jpg,0,battery,battery,3
battery/battery418.jpg,0,battery,battery,4
battery/battery753.jpg,0,battery,battery,5
battery/battery868.jpg,0,battery,battery,5
battery/battery877.jpg,0,battery,battery,5
battery/battery750.jpg,0,battery,battery,4
battery/battery568.jpg,0,battery,battery,4
battery/battery540.jpg,0,battery,battery,3
battery/battery555.jpg,0,battery,battery,3
battery/battery72.jpg,0,battery,battery,4
battery/battery694.jpg,0,battery,battery,3
battery/battery697.jpg,0,battery,battery,3
battery/battery799.jpg,0,battery,battery,4
battery/battery409.jpg,0,battery,battery,5
battery/battery355.jpg,0,battery,battery,2
battery/battery878.jpg,0,battery,battery,3
battery/battery788.jpg,0,battery,battery,5
battery/battery669.jpg,0,battery,battery,5
battery/battery899.jpg,0,battery,battery,2
battery/battery125.jpg,0,battery,battery,4
battery/battery187.jpg,0,battery,battery,4
battery/battery77.jpg,0,battery,battery,3
battery/battery396.jpg,0,battery,battery,2
battery/battery390.jpg,0,battery,battery,2
battery/battery451.jpg,0,battery,battery,3
battery/battery766.jpg,0,battery,battery,5
battery/battery693.jpg,0,battery,battery,4
battery/battery23.jpg,0,battery,battery,4
battery/battery548.jpg,0,battery,battery,5
battery/battery89.jpg,0,battery,battery,3
battery/battery205.jpg,0,battery,battery,4
battery/battery57.jpg,0,battery,battery,2
battery/battery252.jpg,0,battery,battery,2
battery/battery533.jpg,0,battery,battery,5
battery/battery927.jpg,0,battery,battery,4
battery/battery47.jpg,0,battery,battery,4
battery/battery577.jpg,0,battery,battery,2
battery/battery220.jpg,0,battery,battery,4
battery/battery416.jpg,0,battery,battery,5
battery/battery610.jpg,0,battery,battery,3
battery/battery701.jpg,0,battery,battery,5
battery/battery943.jpg,0,battery,battery,3
battery/battery116.jpg,0,battery,battery,5
battery/battery624.jpg,0,battery,battery,4
battery/battery286.jpg,0,battery,battery,5
battery/battery171.jpg,0,battery,battery,5
battery/battery153.jpg,0,battery,battery,2
battery/battery547.jpg,0,battery,battery,4
battery/battery147.jpg,0,battery,battery,5
battery/battery158.jpg,0,battery,battery,4
battery/battery926.jpg,0,battery,battery,3
battery/battery259.jpg,0,battery,battery,3
battery/battery432.jpg,0,battery,battery,3
battery/battery593.jpg,0,battery,battery,3
battery/battery365.jpg,0,battery,battery,5
battery/battery655.jpg,0,battery,battery,2
battery/battery660.jpg,0,battery,battery,3
battery/battery513.jpg,0,battery,battery,4
battery/battery875.jpg,0,battery,battery,3
battery/battery8.jpg,0,battery,battery,4
battery/battery399.jpg,0,battery,battery,2
battery/battery738.jpg,0,battery,battery,3
battery/battery760.jpg,0,battery,battery,3
battery/battery684.jpg,0,battery,battery,2
battery/battery100.jpg,0,battery,battery,4
battery/battery68.jpg,0,battery,battery,3
battery/battery919.jpg,0,battery,battery,3
battery/battery531.jpg,0,battery,battery,5
battery/battery891.jpg,0,battery,battery,2
battery/battery714.jpg,0,battery,battery,2
battery/battery20.jpg,0,battery,battery,2
battery/battery323.jpg,0,battery,battery,5
battery/battery512.jpg,0,battery,battery,4
battery/battery740.jpg,0,battery,battery,2
battery/battery474.jpg,0,battery,battery,4
battery/battery425.jpg,0,battery,battery,5
battery/battery515.jpg,0,battery,battery,2
battery/battery677.jpg,0,battery,battery,3
battery/battery778.jpg,0,battery,battery,4
battery/battery414.jpg,0,battery,battery,4
battery/battery200.jpg,0,battery,battery,5
battery/battery266.jpg,0,battery,battery,5
battery/battery485.jpg,0,battery,battery,4
battery/battery709.jpg,0,battery,battery,5
battery/battery250.jpg,0,battery,battery,3
battery/battery829.jpg,0,battery,battery,2
battery/battery457.jpg,0,battery,battery,4
battery/battery66.jpg,0,battery,battery,4
battery/battery641.jpg,0,battery,battery,3
battery/battery363.jpg,0,battery,battery,3
battery/battery872.jpg,0,battery,battery,3
battery/battery470.jpg,0,battery,battery,2
battery/battery945.jpg,0,battery,battery,4
battery/battery372.jpg,0,battery,battery,3
battery/battery670.jpg,0,battery,battery,3
battery/battery519.jpg,0,battery,battery,2
battery/battery909.jpg,0,battery,battery,3
battery/battery544.jpg,0,battery,battery,4
battery/battery304.jpg,0,battery,battery,2
battery/battery620.jpg,0,battery,battery,3
battery/battery384.jpg,0,battery,battery,5
battery/battery434.jpg,0,battery,battery,3
battery/battery871.jpg,0,battery,battery,2
battery/battery389.jpg,0,battery,battery,4
battery/battery710.jpg,0,battery,battery,3
battery/battery486.jpg,0,battery,battery,3
battery/battery450.jpg,0,battery,battery,3
battery/battery671.jpg,0,battery,battery,4
battery/battery151.jpg,0,battery,battery,2
battery/battery622.jpg,0,battery,battery,2
battery/battery218.jpg,0,battery,battery,4
battery/battery503.jpg,0,battery,battery,2
battery/battery442.jpg,0,battery,battery,2
battery/battery859.jpg,0,battery,battery,2
battery/battery491.jpg,0,battery,battery,5
battery/battery43.jpg,0,battery,battery,2
battery/battery348.jpg,0,battery,battery,4
battery/battery110.jpg,0,battery,battery,4
battery/battery392.jpg,0,battery,battery,4
battery/battery521.jpg,0,battery,battery,5
battery/battery351.jpg,0,battery,battery,4
battery/battery433.jpg,0,battery,battery,2
battery/battery436.jpg,0,battery,battery,3
battery/battery752.jpg,0,battery,battery,2
battery/battery545.jpg,0,battery,battery,5
battery/battery368.jpg,0,battery,battery,4
battery/battery506.jpg,0,battery,battery,2
battery/battery563.jpg,0,battery,battery,3
battery/battery140.jpg,0,battery,battery,3
battery/battery465.jpg,0,battery,battery,5
battery/battery284.jpg,0,battery,battery,3
battery/battery73.jpg,0,battery,battery,4
battery/battery782.jpg,0,battery,battery,3
battery/battery543.jpg,0,battery,battery,5
battery/battery82.jpg,0,battery,battery,4
battery/battery149.jpg,0,battery,battery,4
battery/battery937.jpg,0,battery,battery,3
battery/battery280.jpg,0,battery,battery,3
battery/battery771.jpg,0,battery,battery,5
battery/battery765.jpg,0,battery,battery,3
battery/battery879.jpg,0,battery,battery,3
battery/battery222.jpg,0,battery,battery,3
battery/battery177.jpg,0,battery,battery,5
battery/battery468.jpg,0,battery,battery,2
battery/battery764.jpg,0,battery,battery,4
battery/battery844.jpg,0,battery,battery,2
battery/battery376.jpg,0,battery,battery,3
battery/battery322.jpg,0,battery,battery,4
battery/battery335.jpg,0,battery,battery,5
battery/battery489.jpg,0,battery,battery,2
battery/battery191.jpg,0,battery,battery,2
battery/battery759.jpg,0,battery,battery,3
battery/battery406.jpg,0,battery,battery,5
battery/battery212.jpg,0,battery,battery,4
battery/battery757.jpg,0,battery,battery,5
battery/battery564.jpg,0,battery,battery,3
battery/battery685.jpg,0,battery,battery,3
battery/battery538.jpg,0,battery,battery,2
battery/battery500.jpg,0,battery,battery,2
battery/battery712.jpg,0,battery,battery,3
battery/battery311.jpg,0,battery,battery,5
battery/battery152.jpg,0,battery,battery,4
battery/battery309.jpg,0,battery,battery,4
battery/battery840.jpg,0,battery,battery,3
battery/battery161.jpg,0,battery,battery,4
battery/battery236.jpg,0,battery,battery,2
battery/battery592.jpg,0,battery,battery,2
battery/battery864.jpg,0,battery,battery,5
battery/battery213.jpg,0,battery,battery,3
battery/battery636.jpg,0,battery,battery,2
battery/battery828.jpg,0,battery,battery,4
battery/battery918.jpg,0,battery,battery,3
battery/battery881.jpg,0,battery,battery,3
battery/battery303.jpg,0,battery,battery,4
battery/battery377.jpg,0,battery,battery,4
battery/battery374.jpg,0,battery,battery,3
battery/battery347.jpg,0,battery,battery,5
battery/battery411.jpg,0,battery,battery,4
battery/battery906.jpg,0,battery,battery,3
battery/battery295.jpg,0,battery,battery,2
battery/battery146.jpg,0,battery,battery,3
battery/battery934.jpg,0,battery,battery,2
battery/battery133.jpg,0,battery,battery,4
battery/battery291.jpg,0,battery,battery,3
battery/battery362.jpg,0,battery,battery,5
battery/battery111.jpg,0,battery,battery,4
battery/battery737.jpg,0,battery,battery,2
battery/battery42.jpg,0,battery,battery,2
battery/battery588.jpg,0,battery,battery,5
battery/battery824.jpg,0,battery,battery,2
battery/battery809.jpg,0,battery,battery,5
battery/battery224.jpg,0,battery,battery,3
battery/battery464.jpg,0,battery,battery,5
battery/battery830.jpg,0,battery,battery,5
battery/battery652.jpg,0,battery,battery,4
battery/battery216.jpg,0,battery,battery,3
battery/battery561.jpg,0,battery,battery,5
battery/battery587.jpg,0,battery,battery,3
battery/battery572.jpg,0,battery,battery,3
battery/battery695.jpg,0,battery,battery,3
battery/battery657.jpg,0,battery,battery,2
battery/battery341.jpg,0,battery,battery,5
battery/battery124.jpg,0,battery,battery,5
battery/battery696.jpg,0,battery,battery,2
battery/battery108.jpg,0,battery,battery,4
battery/battery352.jpg,0,battery,battery,3
battery/battery573.jpg,0,battery,battery,3
battery/battery483.jpg,0,battery,battery,2
battery/battery382.jpg,0,battery,battery,5
battery/battery315.jpg,0,battery,battery,5
battery/battery9.jpg,0,battery,battery,3
battery/battery680.jpg,0,battery,battery,4
battery/battery339.jpg,0,battery,battery,2
battery/battery705.jpg,0,battery,battery,2
battery/battery302.jpg,0,battery,battery,4
battery/battery316.jpg,0,battery,battery,5
battery/battery897.jpg,0,battery,battery,3
battery/battery749.jpg,0,battery,battery,4
battery/battery65.jpg,0,battery,battery,4
battery/battery867.jpg,0,battery,battery,3
battery/battery178.jpg,0,battery,battery,2
battery/battery198.jpg,0,battery,battery,5
battery/battery80.jpg,0,battery,battery,5
battery/battery798.jpg,0,battery,battery,3
battery/battery345.jpg,0,battery,battery,5
battery/battery448.jpg,0,battery,battery,4
battery/battery426.jpg,0,battery,battery,3
battery/battery816.jpg,0,battery,battery,2
battery/battery761.jpg,0,battery,battery,4
battery/battery354.jpg,0,battery,battery,3
battery/battery274.jpg,0,battery,battery,5
battery/battery626.jpg,0,battery,battery,3
battery/battery804.jpg,0,battery,battery,3
battery/battery654.jpg,0,battery,battery,4
battery/battery756.jpg,0,battery,battery,3
battery/battery821.jpg,0,battery,battery,4
battery/battery542.jpg,0,battery,battery,2
battery/battery601.jpg,0,battery,battery,4
battery/battery795.jpg,0,battery,battery,5
battery/battery292.jpg,0,battery,battery,4
battery/battery397.jpg,0,battery,battery,5
battery/battery571.jpg,0,battery,battery,5
battery/battery722.jpg,0,battery,battery,2
battery/battery774.jpg,0,battery,battery,5
battery/battery721.jpg,0,battery,battery,2
battery/battery237.jpg,0,battery,battery,3
battery/battery172.jpg,0,battery,battery,4
battery/battery818.jpg,0,battery,battery,3
battery/battery127.jpg,0,battery,battery,3
battery/battery496.jpg,0,battery,battery,3
battery/battery632.jpg,0,battery,battery,3
battery/battery770.jpg,0,battery,battery,2
battery/battery378.jpg,0,battery,battery,5
battery/battery511.jpg,0,battery,battery,5
battery/battery806.jpg,0,battery,battery,3
battery/battery456.jpg,0,battery,battery,2
battery/battery113.jpg,0,battery,battery,3
battery/battery847.jpg,0,battery,battery,5
battery/battery208.jpg,0,battery,battery,4
battery/battery857.jpg,0,battery,battery,5
battery/battery90.jpg,0,battery,battery,5
battery/battery413.jpg,0,battery,battery,4
battery/battery520.jpg,0,battery,battery,4
battery/battery904.jpg,0,battery,battery,3
battery/battery559.jpg,0,battery,battery,3
battery/battery393.jpg,0,battery,battery,4
battery/battery34.jpg,0,battery,battery,3
battery/battery96.jpg,0,battery,battery,2
battery/battery115.jpg,0,battery,battery,3
battery/battery595.jpg,0,battery,battery,4
battery/battery157.jpg,0,battery,battery,4
battery/battery923.jpg,0,battery,battery,4
battery/battery796.jpg,0,battery,battery,2
battery/battery539.jpg,0,battery,battery,2
battery/battery331.jpg,0,battery,battery,5
battery/battery307.jpg,0,battery,battery,4
battery/battery931.jpg,0,battery,battery,2
battery/battery735.jpg,0,battery,battery,2
battery/battery135.jpg,0,battery,battery,5
battery/battery675.jpg,0,battery,battery,4
battery/battery22.jpg,0,battery,battery,5
battery/battery896.jpg,0,battery,battery,3
battery/battery635.jpg,0,battery,battery,3
battery/battery793.jpg,0,battery,battery,2
battery/battery874.jpg,0,battery,battery,2
battery/battery155.jpg,0,battery,battery,2
battery/battery391.jpg,0,battery,battery,2
battery/battery308.jpg,0,battery,battery,5
battery/battery444.jpg,0,battery,battery,5
battery/battery297.jpg,0,battery,battery,3
battery/battery325.jpg,0,battery,battery,2
battery/battery272.jpg,0,battery,battery,4
battery/battery541.jpg,0,battery,battery,2
battery/battery463.jpg,0,battery,battery,2
battery/battery567.jpg,0,battery,battery,2
battery/battery206.jpg,0,battery,battery,4
battery/battery530.jpg,0,battery,battery,4
battery/battery915.jpg,0,battery,battery,2
battery/battery160.jpg,0,battery,battery,3
battery/battery412.jpg,0,battery,battery,4
battery/battery462.jpg,0,battery,battery,2
battery/battery941.jpg,0,battery,battery,3
battery/battery131.jpg,0,battery,battery,3
battery/battery54.jpg,0,battery,battery,5
battery/battery627.jpg,0,battery,battery,5
battery/battery711.jpg,0,battery,battery,3
battery/battery408.jpg,0,battery,battery,4
battery/battery689.jpg,0,battery,battery,4
battery/battery179.jpg,0,battery,battery,3
battery/battery715.jpg,0,battery,battery,3
battery/battery278.jpg,0,battery,battery,3
battery/battery334.jpg,0,battery,battery,3
battery/battery642.jpg,0,battery,battery,5
battery/battery76.jpg,0,battery,battery,5
battery/battery359.jpg,0,battery,battery,2
battery/battery93.jpg,0,battery,battery,2
battery/battery134.jpg,0,battery,battery,4
battery/battery916.jpg,0,battery,battery,2
battery/battery238.jpg,0,battery,battery,5
battery/battery731.jpg,0,battery,battery,2
battery/battery211.jpg,0,battery,battery,4
battery/battery1.jpg,0,battery,battery,4
battery/battery851.jpg,0,battery,battery,4
battery/battery607.jpg,0,battery,battery,3
battery/battery356.jpg,0,battery,battery,3
battery/battery633.jpg,0,battery,battery,2
battery/battery667.jpg,0,battery,battery,2
battery/battery107.jpg,0,battery,battery,5
battery/battery254.jpg,0,battery,battery,3
battery/battery718.jpg,0,battery,battery,4
battery/battery301.jpg,0,battery,battery,4
battery/battery366.jpg,0,battery,battery,3
battery/battery19.jpg,0,battery,battery,4
battery/battery492.jpg,0,battery,battery,2
battery/battery815.jpg,0,battery,battery,2
battery/battery497.jpg,0,battery,battery,2
battery/battery552.jpg,0,battery,battery,5
battery/battery892.jpg,0,battery,battery,2
battery/battery686.jpg,0,battery,battery,3
battery/battery706.jpg,0,battery,battery,2
battery/battery196.jpg,0,battery,battery,4
battery/battery263.jpg,0,battery,battery,2
battery/battery772.jpg,0,battery,battery,3
battery/battery553.jpg,0,battery,battery,2
battery/battery856.jpg,0,battery,battery,4
battery/battery502.jpg,0,battery,battery,4
battery/battery789.jpg,0,battery,battery,2
battery/battery69.jpg,0,battery,battery,5
battery/battery58.jpg,0,battery,battery,4
battery/battery233.jpg,0,battery,battery,5
battery/battery625.jpg,0,battery,battery,3
battery/battery51.jpg,0,battery,battery,2
battery/battery700.jpg,0,battery,battery,5
battery/battery318.jpg,0,battery,battery,4
battery/battery360.jpg,0,battery,battery,3
battery/battery663.jpg,0,battery,battery,4
battery/battery265.jpg,0,battery,battery,4
battery/battery527.jpg,0,battery,battery,2
battery/battery419.jpg,0,battery,battery,5
battery/battery928.jpg,0,battery,battery,3
battery/battery900.jpg,0,battery,battery,4
battery/battery410.jpg,0,battery,battery,4
battery/battery16.jpg,0,battery,battery,5
battery/battery2.jpg,0,battery,battery,4
battery/battery358.jpg,0,battery,battery,3
battery/battery480.jpg,0,battery,battery,4
battery/battery745.jpg,0,battery,battery,3
battery/battery102.jpg,0,battery,battery,5
battery/battery52.jpg,0,battery,battery,3
battery/battery139.jpg,0,battery,battery,5
battery/battery604.jpg,0,battery,battery,3
battery/battery109.jpg,0,battery,battery,2
battery/battery814.jpg,0,battery,battery,4
battery/battery581.jpg,0,battery,battery,4
battery/battery4.jpg,0,battery,battery,4
battery/battery430.jpg,0,battery,battery,5
battery/battery866.jpg,0,battery,battery,5
battery/battery837.jpg,0,battery,battery,2
battery/battery832.jpg,0,battery,battery,3
battery/battery730.jpg,0,battery,battery,4
battery/battery841.jpg,0,battery,battery,2
battery/battery243.jpg,0,battery,battery,5
battery/battery590.jpg,0,battery,battery,5
battery/battery333.jpg,0,battery,battery,3
battery/battery653.jpg,0,battery,battery,4
battery/battery193.jpg,0,battery,battery,2
battery/battery720.jpg,0,battery,battery,3
battery/battery812.jpg,0,battery,battery,3
battery/battery802.jpg,0,battery,battery,2
battery/battery727.jpg,0,battery,battery,5
battery/battery117.jpg,0,battery,battery,2
battery/battery922.jpg,0,battery,battery,2
battery/battery129.jpg,0,battery,battery,4
battery/battery505.jpg,0,battery,battery,4
battery/battery932.jpg,0,battery,battery,3
battery/battery883.jpg,0,battery,battery,4
battery/battery901.jpg,0,battery,battery,3
battery/battery556.jpg,0,battery,battery,2
battery/battery846.jpg,0,battery,battery,4
battery/battery894.jpg,0,battery,battery,4
battery/battery600.jpg,0,battery,battery,2
battery/battery260.jpg,0,battery,battery,3
battery/battery71.jpg,0,battery,battery,3
battery/battery794.jpg,0,battery,battery,3
battery/battery101.jpg,0,battery,battery,5
battery/battery724.jpg,0,battery,battery,5
battery/battery261.jpg,0,battery,battery,2
battery/battery661.jpg,0,battery,battery,4
battery/battery498.jpg,0,battery,battery,2
battery/battery855.jpg,0,battery,battery,4
battery/battery476.jpg,0,battery,battery,4
battery/battery453.jpg,0,battery,battery,5
battery/battery367.jpg,0,battery,battery,2
battery/battery822.jpg,0,battery,battery,5
battery/battery873.jpg,0,battery,battery,2
battery/battery74.jpg,0,battery,battery,5
battery/battery911.jpg,0,battery,battery,5
battery/battery631.jpg,0,battery,battery,5
battery/battery319.jpg,0,battery,battery,4
battery/battery310.jpg,0,battery,battery,2
battery/battery277.jpg,0,battery,battery,5
battery/battery596.jpg,0,battery,battery,3
battery/battery162.jpg,0,battery,battery,2
battery/battery75.jpg,0,battery,battery,5
battery/battery672.jpg,0,battery,battery,4
battery/battery144.jpg,0,battery,battery,2
battery/battery848.jpg,0,battery,battery,5
battery/battery924.jpg,0,battery,battery,2
battery/battery446.jpg,0,battery,battery,2
battery/battery594.jpg,0,battery,battery,2
battery/battery524.jpg,0,battery,battery,5
battery/battery630.jpg,0,battery,battery,3
battery/battery70.jpg,0,battery,battery,2
battery/battery170.jpg,0,battery,battery,3
battery/battery751.jpg,0,battery,battery,5
battery/battery925.jpg,0,battery,battery,4
battery/battery791.jpg,0,battery,battery,2
battery/battery246.jpg,0,battery,battery,2
battery/battery938.jpg,0,battery,battery,2
battery/battery141.jpg,0,battery,battery,3
battery/battery343.jpg,0,battery,battery,2
battery/battery55.jpg,0,battery,battery,3
battery/battery681.jpg,0,battery,battery,4
battery/battery449.jpg,0,battery,battery,3
battery/battery807.jpg,0,battery,battery,4
battery/battery565.jpg,0,battery,battery,2
battery/battery402.jpg,0,battery,battery,3
battery/battery13.jpg,0,battery,battery,4
battery/battery619.jpg,0,battery,battery,3
battery/battery609.jpg,0,battery,battery,3
battery/battery209.jpg,0,battery,battery,3
battery/battery294.jpg,0,battery,battery,5
battery/battery381.jpg,0,battery,battery,3
battery/battery482.jpg,0,battery,battery,4
battery/battery249.jpg,0,battery,battery,4
battery/battery86.jpg,0,battery,battery,5
battery/battery296.jpg,0,battery,battery,4
battery/battery283.jpg,0,battery,battery,5
battery/battery747.jpg,0,battery,battery,2
battery/battery763.jpg,0,battery,battery,2
battery/battery33.jpg,0,battery,battery,5
battery/battery613.jpg,0,battery,battery,2
battery/battery300.jpg,0,battery,battery,3
battery/battery797.jpg,0,battery,battery,2
battery/battery704.jpg,0,battery,battery,5
battery/battery621.jpg,0,battery,battery,4
battery/battery420.jpg,0,battery,battery,3
battery/battery472.jpg,0,battery,battery,5
battery/battery546.jpg,0,battery,battery,2
battery/battery228.jpg,0,battery,battery,4
battery/battery940.jpg,0,battery,battery,3
battery/battery629.jpg,0,battery,battery,5
battery/battery698.jpg,0,battery,battery,2
battery/battery364.jpg,0,battery,battery,5
battery/battery908.jpg,0,battery,battery,4
battery/battery811.jpg,0,battery,battery,5
battery/battery128.jpg,0,battery,battery,3
battery/battery61.jpg,0,battery,battery,5
battery/battery676.jpg,0,battery,battery,4
battery/battery85.jpg,0,battery,battery,5
battery/battery417.jpg,0,battery,battery,4
battery/battery716.jpg,0,battery,battery,2
battery/battery130.jpg,0,battery,battery,4
battery/battery264.jpg,0,battery,battery,5
battery/battery460.jpg,0,battery,battery,2
battery/battery290.jpg,0,battery,battery,2
battery/battery452.jpg,0,battery,battery,2
battery/battery91.jpg,0,battery,battery,4
battery/battery741.jpg,0,battery,battery,4
battery/battery522.jpg,0,battery,battery,5
battery/battery858.jpg,0,battery,battery,3
battery/battery893.jpg,0,battery,battery,3
battery/battery225.jpg,0,battery,battery,3
battery/battery912.jpg,0,battery,battery,5
battery/battery258.jpg,0,battery,battery,5
battery/battery150.jpg,0,battery,battery,2
battery/battery56.jpg,0,battery,battery,5
battery/battery185.jpg,0,battery,battery,5
battery/battery801.jpg,0,battery,battery,2
battery/battery240.jpg,0,battery,battery,3
battery/battery215.jpg,0,battery,battery,4
battery/battery67.jpg,0,battery,battery,5
battery/battery287.jpg,0,battery,battery,2
battery/battery648.jpg,0,battery,battery,5
battery/battery461.jpg,0,battery,battery,3
battery/battery702.jpg,0,battery,battery,5
battery/battery570.jpg,0,battery,battery,5
battery/battery920.jpg,0,battery,battery,3
battery/battery203.jpg,0,battery,battery,3
battery/battery584.jpg,0,battery,battery,4
battery/battery317.jpg,0,battery,battery,3
battery/battery478.jpg,0,battery,battery,4
battery/battery21.jpg,0,battery,battery,2
battery/battery574.jpg,0,battery,battery,5
battery/battery535.jpg,0,battery,battery,3
battery/battery739.jpg,0,battery,battery,3
battery/battery342.jpg,0,battery,battery,4
battery/battery853.jpg,0,battery,battery,4
battery/battery232.jpg,0,battery,battery,2
battery/battery784.jpg,0,battery,battery,2
battery/battery371.jpg,0,battery,battery,2
battery/battery898.jpg,0,battery,battery,4
battery/battery469.jpg,0,battery,battery,2
battery/battery195.jpg,0,battery,battery,3
battery/battery441.jpg,0,battery,battery,4
battery/battery29.jpg,0,battery,battery,4
battery/battery95.jpg,0,battery,battery,4
battery/battery328.jpg,0,battery,battery,2
battery/battery582.jpg,0,battery,battery,2
battery/battery403.jpg,0,battery,battery,2
battery/battery350.jpg,0,battery,battery,2
battery/battery839.jpg,0,battery,battery,3
battery/battery39.jpg,0,battery,battery,3
battery/battery842.jpg,0,battery,battery,5
battery/battery62.jpg,0,battery,battery,4
battery/battery223.jpg,0,battery,battery,4
battery/battery835.jpg,0,battery,battery,4
battery/battery691.jpg,0,battery,battery,2
battery/battery104.jpg,0,battery,battery,3
battery/battery831.jpg,0,battery,battery,5
battery/battery836.jpg,0,battery,battery,3
battery/battery370.jpg,0,battery,battery,2
battery/battery603.jpg,0,battery,battery,4
battery/battery495.jpg,0,battery,battery,3
battery/battery201.jpg,0,battery,battery,5
battery/battery518.jpg,0,battery,battery,2
battery/battery929.jpg,0,battery,battery,5
battery/battery562.jpg,0,battery,battery,2
battery/battery754.jpg,0,battery,battery,2
battery/battery583.jpg,0,battery,battery,2
battery/battery190.jpg,0,battery,battery,5
battery/battery606.jpg,0,battery,battery,2
battery/battery380.jpg,0,battery,battery,4
battery/battery634.jpg,0,battery,battery,5
battery/battery645.jpg,0,battery,battery,4
battery/battery386.jpg,0,battery,battery,5
battery/battery142.jpg,0,battery,battery,3
battery/battery312.jpg,0,battery,battery,5
battery/battery327.jpg,0,battery,battery,2
battery/battery422.jpg,0,battery,battery,2
battery/battery523.jpg,0,battery,battery,5
battery/battery557.jpg,0,battery,battery,2
battery/battery214.jpg,0,battery,battery,4
battery/battery589.jpg,0,battery,battery,5
battery/battery939.jpg,0,battery,battery,3
battery/battery817.jpg,0,battery,battery,4
battery/battery744.jpg,0,battery,battery,2
battery/battery28.jpg,0,battery,battery,4
battery/battery767.jpg,0,battery,battery,3
battery/battery145.jpg,0,battery,battery,5
battery/battery132.jpg,0,battery,battery,3
battery/battery154.jpg,0,battery,battery,5
battery/battery344.jpg,0,battery,battery,4
battery/battery585.jpg,0,battery,battery,4
battery/battery103.jpg,0,battery,battery,2
battery/battery156.jpg,0,battery,battery,5
battery/battery664.jpg,0,battery,battery,2
clothing/clothes/clothes4439.jpg,1,clothing,clothes,5
clothing/clothes/clothes4592.jpg,1,clothing,clothes,2
clothing/clothes/clothes4699.jpg,1,clothing,clothes,2
clothing/clothes/clothes648.jpg,1,clothing,clothes,3
clothing/clothes/clothes5273.jpg,1,clothing,clothes,4
clothing/clothes/clothes4287.jpg,1,clothing,clothes,3
clothing/clothes/clothes3330.jpg,1,clothing,clothes,3
clothing/clothes/clothes1740.jpg,1,clothing,clothes,2
clothing/clothes/clothes665.jpg,1,clothing,clothes,4
clothing/clothes/clothes3856.jpg,1,clothing,clothes,2
clothing/clothes/clothes4127.jpg,1,clothing,clothes,5
clothing/clothes/clothes3243.jpg,1,clothing,clothes,5
clothing/clothes/clothes4947.jpg,1,clothing,clothes,3
clothing/clothes/clothes3927.jpg,1,clothing,clothes,4
clothing/clothes/clothes2022.jpg,1,clothing,clothes,2
clothing/clothes/clothes2103.jpg,1,clothing,clothes,3
clothing/clothes/clothes2380.jpg,1,clothing,clothes,4
clothing/clothes/clothes3482.jpg,1,clothing,clothes,2
clothing/clothes/clothes5026.jpg,1,clothing,clothes,2
clothing/clothes/clothes613.jpg,1,clothing,clothes,2
clothing/clothes/clothes3218.jpg,1,clothing,clothes,4
clothing/clothes/clothes139.jpg,1,clothing,clothes,5
clothing/clothes/clothes2676.jpg,1,clothing,clothes,5
clothing/clothes/clothes1811.jpg,1,clothing,clothes,2
clothing/clothes/clothes4450.jpg,1,clothing,clothes,4
clothing/clothes/clothes92.jpg,1,clothing,clothes,5
clothing/clothes/clothes4038.jpg,1,clothing,clothes,2
clothing/clothes/clothes1797.jpg,1,clothing,clothes,2
clothing/clothes/clothes4843.jpg,1,clothing,clothes,5
clothing/clothes/clothes1190.jpg,1,clothing,clothes,4
clothing/clothes/clothes4149.jpg,1,clothing,clothes,2
clothing/clothes/clothes748.jpg,1,clothing,clothes,4
clothing/clothes/clothes3860.jpg,1,clothing,clothes,5
clothing/clothes/clothes1235.jpg,1,clothing,clothes,4
clothing/clothes/clothes833.jpg,1,clothing,clothes,4
clothing/clothes/clothes478.jpg,1,clothing,clothes,2
clothing/clothes/clothes1294.jpg,1,clothing,clothes,5
clothing/clothes/clothes1324.jpg,1,clothing,clothes,5
clothing/clothes/clothes5201.jpg,1,clothing,clothes,3
clothing/clothes/clothes18.jpg,1,clothing,clothes,2
clothing/clothes/clothes320.jpg,1,clothing,clothes,2
clothing/clothes/clothes2068.jpg,1,clothing,clothes,5
clothing/clothes/clothes3065.jpg,1,clothing,clothes,5
clothing/clothes/clothes3371.jpg,1,clothing,clothes,2
clothing/clothes/clothes404.jpg,1,clothing,clothes,2
clothing/clothes/clothes852.jpg,1,clothing,clothes,4
clothing/clothes/clothes1630.jpg,1,clothing,clothes,2
clothing/clothes/clothes531.jpg,1,clothing,clothes,4
clothing/clothes/clothes4164.jpg,1,clothing,clothes,2
clothing/clothes/clothes2612.jpg,1,clothing,clothes,2
clothing/clothes/clothes283.jpg,1,clothing,clothes,5
clothing/clothes/clothes699.jpg,1,clothing,clothes,3
clothing/clothes/clothes4139.jpg,1,clothing,clothes,5
clothing/clothes/clothes2467.jpg,1,clothing,clothes,2
clothing/clothes/clothes1554.jpg,1,clothing,clothes,3
clothing/clothes/clothes511.jpg,1,clothing,clothes,4
clothing/clothes/clothes4553.jpg,1,clothing,clothes,3
clothing/clothes/clothes2096.jpg,1,clothing,clothes,2
clothing/clothes/clothes2647.jpg,1,clothing,clothes,2
clothing/clothes/clothes2631.jpg,1,clothing,clothes,2
clothing/clothes/clothes1680.jpg,1,clothing,clothes,4
clothing/clothes/clothes1576.jpg,1,clothing,clothes,5
clothing/clothes/clothes1145.jpg,1,clothing,clothes,3
clothing/clothes/clothes190.jpg,1,clothing,clothes,2
clothing/clothes/clothes3385.jpg,1,clothing,clothes,5
clothing/clothes/clothes739.jpg,1,clothing,clothes,3
clothing/clothes/clothes2185.jpg,1,clothing,clothes,5
clothing/clothes/clothes5136.jpg,1,clothing,clothes,3
clothing/clothes/clothes45.jpg,1,clothing,clothes,4
clothing/clothes/clothes3715.jpg,1,clothing,clothes,4
clothing/clothes/clothes4298.jpg,1,clothing,clothes,2
clothing/clothes/clothes172.jpg,1,clothing,clothes,5
clothing/clothes/clothes1486.jpg,1,clothing,clothes,5
clothing/clothes/clothes1129.jpg,1,clothing,clothes,4
clothing/clothes/clothes243.jpg,1,clothing,clothes,2
clothing/clothes/clothes4143.jpg,1,clothing,clothes,5
clothing/clothes/clothes3739.jpg,1,clothing,clothes,2
clothing/clothes/clothes5152.jpg,1,clothing,clothes,3
clothing/clothes/clothes365.jpg,1,clothing,clothes,4
clothing/clothes/clothes1191.jpg,1,clothing,clothes,2
clothing/clothes/clothes431.jpg,1,clothing,clothes,4
clothing/clothes/clothes2247.jpg,1,clothing,clothes,2
clothing/clothes/clothes3159.jpg,1,clothing,clothes,4
clothing/clothes/clothes5224.jpg,1,clothing,clothes,4
clothing/clothes/clothes706.jpg,1,clothing,clothes,5
clothing/clothes/clothes4957.jpg,1,clothing,clothes,4
clothing/clothes/clothes3382.jpg,1,clothing,clothes,4
clothing/clothes/clothes2833.jpg,1,clothing,clothes,4
clothing/clothes/clothes1092.jpg,1,clothing,clothes,5
clothing/clothes/clothes564.jpg,1,clothing,clothes,5
clothing/clothes/clothes212.jpg,1,clothing,clothes,3
clothing/clothes/clothes1288.jpg,1,clothing,clothes,2
clothing/clothes/clothes169.jpg,1,clothing,clothes,5
clothing/clothes/clothes1969.jpg,1,clothing,clothes,5
clothing/clothes/clothes1103.jpg,1,clothing,clothes,5
clothing/clothes/clothes4296.jpg,1,clothing,clothes,4
clothing/clothes/clothes4614.jpg,1,clothing,clothes,4
clothing/clothes/clothes3442.jpg,1,clothing,clothes,2
clothing/clothes/clothes4356.jpg,1,clothing,clothes,4
clothing/clothes/clothes506.jpg,1,clothing,clothes,4
clothing/clothes/clothes5158.jpg,1,clothing,clothes,2
clothing/clothes/clothes2056.jpg,1,clothing,clothes,5
clothing/clothes/clothes4051.jpg,1,clothing,clothes,3
clothing/clothes/clothes4904.jpg,1,clothing,clothes,3
clothing/clothes/clothes898.jpg,1,clothing,clothes,3
clothing/clothes/clothes4457.jpg,1,clothing,clothes,3
clothing/clothes/clothes5040.jpg,1,clothing,clothes,5
clothing/clothes/clothes2772.jpg,1,clothing,clothes,2
clothing/clothes/clothes4205.jpg,1,clothing,clothes,3
clothing/clothes/clothes1864.jpg,1,clothing,clothes,5
clothing/clothes/clothes2352.jpg,1,clothing,clothes,5
clothing/clothes/clothes2902.jpg,1,clothing,clothes,2
clothing/clothes/clothes559.jpg,1,clothing,clothes,4
clothing/clothes/clothes750.jpg,1,clothing,clothes,2
clothing/clothes/clothes4906.jpg,1,clothing,clothes,4
clothing/clothes/clothes1592.jpg,1,clothing,clothes,3
clothing/clothes/clothes3532.jpg,1,clothing,clothes,2
clothing/clothes/clothes3519.jpg,1,clothing,clothes,3
clothing/clothes/clothes2578.jpg,1,clothing,clothes,4
clothing/clothes/clothes3123.jpg,1,clothing,clothes,4
clothing/clothes/clothes4335.jpg,1,clothing,clothes,5
clothing/clothes/clothes3173.jpg,1,clothing,clothes,4
clothing/clothes/clothes2548.jpg,1,clothing,clothes,3
clothing/clothes/clothes2758.jpg,1,clothing,clothes,5
clothing/clothes/clothes226.jpg,1,clothing,clothes,3
clothing/clothes/clothes3188.jpg,1,clothing,clothes,3
clothing/clothes/clothes1069.jpg,1,clothing,clothes,4
clothing/clothes/clothes3825.jpg,1,clothing,clothes,3
clothing/clothes/clothes757.jpg,1,clothing,clothes,3
clothing/clothes/clothes582.jpg,1,clothing,clothes,2
clothing/clothes/clothes1544.jpg,1,clothing,clothes,5
clothing/clothes/clothes4361.jpg,1,clothing,clothes,3
clothing/clothes/clothes1390.jpg,1,clothing,clothes,3
clothing/clothes/clothes4734.jpg,1,clothing,clothes,5
clothing/clothes/clothes146.jpg,1,clothing,clothes,5
clothing/clothes/clothes3212.jpg,1,clothing,clothes,2
clothing/clothes/clothes3138.jpg,1,clothing,clothes,3
clothing/clothes/clothes4118.jpg,1,clothing,clothes,4
clothing/clothes/clothes59.jpg,1,clothing,clothes,5
clothing/clothes/clothes1248.jpg,1,clothing,clothes,2
clothing/clothes/clothes1196.jpg,1,clothing,clothes,5
clothing/clothes/clothes2423.jpg,1,clothing,clothes,2
clothing/clothes/clothes4613.jpg,1,clothing,clothes,4
clothing/clothes/clothes2381.jpg,1,clothing,clothes,2
clothing/clothes/clothes1247.jpg,1,clothing,clothes,5
clothing/clothes/clothes3107.jpg,1,clothing,clothes,2
clothing/clothes/clothes4959.jpg,1,clothing,clothes,5
clothing/clothes/clothes2326.jpg,1,clothing,clothes,3
clothing/clothes/clothes3169.jpg,1,clothing,clothes,3
clothing/clothes/clothes1473.jpg,1,clothing,clothes,2
clothing/clothes/clothes525.jpg,1,clothing,clothes,5
clothing/clothes/clothes1809.jpg,1,clothing,clothes,5
clothing/clothes/clothes4055.jpg,1,clothing,clothes,5
clothing/clothes/clothes1909.jpg,1,clothing,clothes,2
clothing/clothes/clothes2342.jpg,1,clothing,clothes,5
clothing/clothes/clothes853.jpg,1,clothing,clothes,2
clothing/clothes/clothes4282.jpg,1,clothing,clothes,2
clothing/clothes/clothes2793.jpg,1,clothing,clothes,3
clothing/clothes/clothes983.jpg,1,clothing,clothes,4
clothing/clothes/clothes3197.jpg,1,clothing,clothes,4
clothing/clothes/clothes3932.jpg,1,clothing,clothes,3
clothing/clothes/clothes698.jpg,1,clothing,clothes,3
clothing/clothes/clothes3909.jpg,1,clothing,clothes,2
clothing/clothes/clothes639.jpg,1,clothing,clothes,2
clothing/clothes/clothes2110.jpg,1,clothing,clothes,3
clothing/clothes/clothes3751.jpg,1,clothing,clothes,4
clothing/clothes/clothes3811.jpg,1,clothing,clothes,5
clothing/clothes/clothes1033.jpg,1,clothing,clothes,2
clothing/clothes/clothes3779.jpg,1,clothing,clothes,2
clothing/clothes/clothes1791.jpg,1,clothing,clothes,3
clothing/clothes/clothes658.jpg,1,clothing,clothes,2
clothing/clothes/clothes2616.jpg,1,clothing,clothes,2
clothing/clothes/clothes4107.jpg,1,clothing,clothes,2
clothing/clothes/clothes553.jpg,1,clothing,clothes,4
clothing/clothes/clothes2266.jpg,1,clothing,clothes,5
clothing/clothes/clothes68.jpg,1,clothing,clothes,5
clothing/clothes/clothes1877.jpg,1,clothing,clothes,4
clothing/clothes/clothes1366.jpg,1,clothing,clothes,3
clothing/clothes/clothes4623.jpg,1,clothing,clothes,4
clothing/clothes/clothes782.jpg,1,clothing,clothes,4
clothing/clothes/clothes3332.jpg,1,clothing,clothes,3
clothing/clothes/clothes2147.jpg,1,clothing,clothes,2
clothing/clothes/clothes981.jpg,1,clothing,clothes,3
clothing/clothes/clothes1991.jpg,1,clothing,clothes,5
clothing/clothes/clothes4020.jpg,1,clothing,clothes,5
clothing/clothes/clothes107.jpg,1,clothing,clothes,2
clothing/clothes/clothes950.jpg,1,clothing,clothes,5
clothing/clothes/clothes593.jpg,1,clothing,clothes,3
clothing/clothes/clothes2004.jpg,1,clothing,clothes,3
clothing/clothes/clothes5125.jpg,1,clothing,clothes,2
clothing/clothes/clothes3671.jpg,1,clothing,clothes,2
clothing/clothes/clothes1114.jpg,1,clothing,clothes,2
clothing/clothes/clothes4058.jpg,1,clothing,clothes,4
clothing/clothes/clothes307.jpg,1,clothing,clothes,4
clothing/clothes/clothes2779.jpg,1,clothing,clothes,3
clothing/clothes/clothes1681.jpg,1,clothing,clothes,2
clothing/clothes/clothes4774.jpg,1,clothing,clothes,4
clothing/clothes/clothes2491.jpg,1,clothing,clothes,2
clothing/clothes/clothes3219.jpg,1,clothing,clothes,3
clothing/clothes/clothes3639.jpg,1,clothing,clothes,4
clothing/clothes/clothes3049.jpg,1,clothing,clothes,2
clothing/clothes/clothes4224.jpg,1,clothing,clothes,3
clothing/clothes/clothes2513.jpg,1,clothing,clothes,4
clothing/clothes/clothes1801.jpg,1,clothing,clothes,4
clothing/clothes/clothes5020.jpg,1,clothing,clothes,2
clothing/clothes/clothes4119.jpg,1,clothing,clothes,5
clothing/clothes/clothes2999.jpg,1,clothing,clothes,2
clothing/clothes/clothes1623.jpg,1,clothing,clothes,3
clothing/clothes/clothes1921.jpg,1,clothing,clothes,5
clothing/clothes/clothes3108.jpg,1,clothing,clothes,2
clothing/clothes/clothes1858.jpg,1,clothing,clothes,2
clothing/clothes/clothes4893.jpg,1,clothing,clothes,4
clothing/clothes/clothes4710.jpg,1,clothing,clothes,5
clothing/clothes/clothes2665.jpg,1,clothing,clothes,2
clothing/clothes/clothes3225.jpg,1,clothing,clothes,2
clothing/clothes/clothes555.jpg,1,clothing,clothes,5
clothing/clothes/clothes23.jpg,1,clothing,clothes,5
clothing/clothes/clothes1215.jpg,1,clothing,clothes,4
clothing/clothes/clothes5030.jpg,1,clothing,clothes,3
clothing/clothes/clothes2174.jpg,1,clothing,clothes,4
clothing/clothes/clothes2154.jpg,1,clothing,clothes,5
clothing/clothes/clothes3011.jpg,1,clothing,clothes,5
clothing/clothes/clothes3034.jpg,1,clothing,clothes,2
clothing/clothes/clothes1192.jpg,1,clothing,clothes,4
clothing/clothes/clothes2544.jpg,1,clothing,clothes,5
clothing/clothes/clothes1470.jpg,1,clothing,clothes,2
clothing/clothes/clothes3761.jpg,1,clothing,clothes,2
clothing/clothes/clothes3580.jpg,1,clothing,clothes,3
clothing/clothes/clothes3838.jpg,1,clothing,clothes,4
clothing/clothes/clothes3497.jpg,1,clothing,clothes,4
clothing/clothes/clothes4493.jpg,1,clothing,clothes,4
clothing/clothes/clothes380.jpg,1,clothing,clothes,3
clothing/clothes/clothes3152.jpg,1,clothing,clothes,4
clothing/clothes/clothes5165.jpg,1,clothing,clothes,4
clothing/clothes/clothes2591.jpg,1,clothing,clothes,4
clothing/clothes/clothes1479.jpg,1,clothing,clothes,3
clothing/clothes/clothes3995.jpg,1,clothing,clothes,5
clothing/clothes/clothes3547.jpg,1,clothing,clothes,3
clothing/clothes/clothes2259.jpg,1,clothing,clothes,5
clothing/clothes/clothes688.jpg,1,clothing,clothes,4
clothing/clothes/clothes4115.jpg,1,clothing,clothes,2
clothing/clothes/clothes3278.jpg,1,clothing,clothes,3
clothing/clothes/clothes4078.jpg,1,clothing,clothes,4
clothing/clothes/clothes1403.jpg,1,clothing,clothes,5
clothing/clothes/clothes4098.jpg,1,clothing,clothes,5
clothing/clothes/clothes4870.jpg,1,clothing,clothes,3
clothing/clothes/clothes3029.jpg,1,clothing,clothes,3
clothing/clothes/clothes3053.jpg,1,clothing,clothes,4
clothing/clothes/clothes4682.jpg,1,clothing,clothes,2
clothing/clothes/clothes51.jpg,1,clothing,clothes,2
clothing/clothes/clothes4551.jpg,1,clothing,clothes,4
clothing/clothes/clothes3069.jpg,1,clothing,clothes,4
clothing/clothes/clothes94.jpg,1,clothing,clothes,3
clothing/clothes/clothes4138.jpg,1,clothing,clothes,4
clothing/clothes/clothes3770.jpg,1,clothing,clothes,2
clothing/clothes/clothes2575.jpg,1,clothing,clothes,4
clothing/clothes/clothes82.jpg,1,clothing,clothes,2
clothing/clothes/clothes4245.jpg,1,clothing,clothes,4
clothing/clothes/clothes1816.jpg,1,clothing,clothes,4
clothing/clothes/clothes2264.jpg,1,clothing,clothes,3
clothing/clothes/clothes87.jpg,1,clothing,clothes,3
clothing/clothes/clothes4477.jpg,1,clothing,clothes,5
clothing/clothes/clothes2819.jpg,1,clothing,clothes,2
clothing/clothes/clothes4671.jpg,1,clothing,clothes,2
clothing/clothes/clothes4229.jpg,1,clothing,clothes,3
clothing/clothes/clothes1665.jpg,1,clothing,clothes,5
clothing/clothes/clothes2755.jpg,1,clothing,clothes,2
clothing/clothes/clothes5073.jpg,1,clothing,clothes,4
clothing/clothes/clothes4489.jpg,1,clothing,clothes,4
clothing/clothes/clothes454.jpg,1,clothing,clothes,3
clothing/clothes/clothes849.jpg,1,clothing,clothes,3
clothing/clothes/clothes3697.jpg,1,clothing,clothes,4
clothing/clothes/clothes1838.jpg,1,clothing,clothes,3
clothing/clothes/clothes3804.jpg,1,clothing,clothes,2
clothing/clothes/clothes2302.jpg,1,clothing,clothes,4
clothing/clothes/clothes5244.jpg,1,clothing,clothes,2
clothing/clothes/clothes285.jpg,1,clothing,clothes,3
clothing/clothes/clothes126.jpg,1,clothing,clothes,3
clothing/clothes/clothes4981.jpg,1,clothing,clothes,2
clothing/clothes/clothes1638.jpg,1,clothing,clothes,3
clothing/clothes/clothes4727.jpg,1,clothing,clothes,5
clothing/clothes/clothes5062.jpg,1,clothing,clothes,3
clothing/clothes/clothes1132.jpg,1,clothing,clothes,2
clothing/clothes/clothes1002.jpg,1,clothing,clothes,5
clothing/clothes/clothes2595.jpg,1,clothing,clothes,4
clothing/clothes/clothes4776.jpg,1,clothing,clothes,5
clothing/clothes/clothes1268.jpg,1,clothing,clothes,3
clothing/clothes/clothes4749.jpg,1,clothing,clothes,4
clothing/clothes/clothes2648.jpg,1,clothing,clothes,3
clothing/clothes/clothes1029.jpg,1,clothing,clothes,4
clothing/clothes/clothes2001.jpg,1,clothing,clothes,5
clothing/clothes/clothes4781.jpg,1,clothing,clothes,2
clothing/clothes/clothes1381.jpg,1,clothing,clothes,2
clothing/clothes/clothes204.jpg,1,clothing,clothes,2
clothing/clothes/clothes3301.jpg,1,clothing,clothes,5
clothing/clothes/clothes3304.jpg,1,clothing,clothes,3
clothing/clothes/clothes1159.jpg,1,clothing,clothes,2
clothing/clothes/clothes3738.jpg,1,clothing,clothes,3
clothing/clothes/clothes4263.jpg,1,clothing,clothes,4
clothing/clothes/clothes3154.jpg,1,clothing,clothes,5
clothing/clothes/clothes1257.jpg,1,clothing,clothes,5
clothing/clothes/clothes4345.jpg,1,clothing,clothes,4
clothing/clothes/clothes2387.jpg,1,clothing,clothes,2
clothing/clothes/clothes4907.jpg,1,clothing,clothes,5
clothing/clothes/clothes2389.jpg,1,clothing,clothes,4
clothing/clothes/clothes1217.jpg,1,clothing,clothes,5
clothing/clothes/clothes2335.jpg,1,clothing,clothes,4
clothing/clothes/clothes1979.jpg,1,clothing,clothes,3
clothing/clothes/clothes3617.jpg,1,clothing,clothes,2
clothing/clothes/clothes3694.jpg,1,clothing,clothes,4
clothing/clothes/clothes1447.jpg,1,clothing,clothes,3
clothing/clothes/clothes421.jpg,1,clothing,clothes,3
clothing/clothes/clothes5269.jpg,1,clothing,clothes,4
clothing/clothes/clothes1530.jpg,1,clothing,clothes,2
clothing/clothes/clothes4494.jpg,1,clothing,clothes,5
clothing/clothes/clothes4635.jpg,1,clothing,clothes,3
clothing/clothes/clothes174.jpg,1,clothing,clothes,3
clothing/clothes/clothes5095.jpg,1,clothing,clothes,2
clothing/clothes/clothes160.jpg,1,clothing,clothes,4
clothing/clothes/clothes695.jpg,1,clothing,clothes,5
clothing/clothes/clothes4633.jpg,1,clothing,clothes,4
clothing/clothes/clothes1744.jpg,1,clothing,clothes,4
clothing/clothes/clothes5088.jpg,1,clothing,clothes,5
clothing/clothes/clothes5074.jpg,1,clothing,clothes,5
clothing/clothes/clothes754.jpg,1,clothing,clothes,4
clothing/clothes/clothes3436.jpg,1,clothing,clothes,4
clothing/clothes/clothes5046.jpg,1,clothing,clothes,3
clothing/clothes/clothes1546.jpg,1,clothing,clothes,2
clothing/clothes/clothes488.jpg,1,clothing,clothes,3
clothing/clothes/clothes1882.jpg,1,clothing,clothes,4
clothing/clothes/clothes2260.jpg,1,clothing,clothes,3
clothing/clothes/clothes3507.jpg,1,clothing,clothes,3
clothing/clothes/clothes5197.jpg,1,clothing,clothes,5
clothing/clothes/clothes3642.jpg,1,clothing,clothes,5
clothing/clothes/clothes3254.jpg,1,clothing,clothes,2
clothing/clothes/clothes4950.jpg,1,clothing,clothes,2
clothing/clothes/clothes2277.jpg,1,clothing,clothes,2
clothing/clothes/clothes4009.jpg,1,clothing,clothes,4
clothing/clothes/clothes3251.jpg,1,clothing,clothes,4
clothing/clothes/clothes4040.jpg,1,clothing,clothes,5
clothing/clothes/clothes2037.jpg,1,clothing,clothes,2
clothing/clothes/clothes2927.jpg,1,clothing,clothes,3
clothing/clothes/clothes3300.jpg,1,clothing,clothes,5
clothing/clothes/clothes2674.jpg,1,clothing,clothes,4
clothing/clothes/clothes1535.jpg,1,clothing,clothes,2
clothing/clothes/clothes2992.jpg,1,clothing,clothes,3
clothing/clothes/clothes1806.jpg,1,clothing,clothes,4
clothing/clothes/clothes3384.jpg,1,clothing,clothes,2
clothing/clothes/clothes2484.jpg,1,clothing,clothes,3
clothing/clothes/clothes2921.jpg,1,clothing,clothes,5
clothing/clothes/clothes2135.jpg,1,clothing,clothes,2
clothing/clothes/clothes4942.jpg,1,clothing,clothes,2
clothing/clothes/clothes289.jpg,1,clothing,clothes,3
clothing/clothes/clothes4810.jpg,1,clothing,clothes,4
clothing/clothes/clothes233.jpg,1,clothing,clothes,5
clothing/clothes/clothes3339.jpg,1,clothing,clothes,2
clothing/clothes/clothes3766.jpg,1,clothing,clothes,5
clothing/clothes/clothes625.jpg,1,clothing,clothes,2
clothing/clothes/clothes466.jpg,1,clothing,clothes,3
clothing/clothes/clothes2072.jpg,1,clothing,clothes,4
clothing/clothes/clothes4976.jpg,1,clothing,clothes,3
clothing/clothes/clothes5017.jpg,1,clothing,clothes,3
clothing/clothes/clothes4658.jpg,1,clothing,clothes,5
clothing/clothes/clothes1082.jpg,1,clothing,clothes,3
clothing/clothes/clothes3720.jpg,1,clothing,clothes,4
clothing/clothes/clothes4753.jpg,1,clothing,clothes,5
clothing/clothes/clothes1350.jpg,1,clothing,clothes,3
clothing/clothes/clothes3432.jpg,1,clothing,clothes,5
clothing/clothes/clothes5093.jpg,1,clothing,clothes,4
clothing/clothes/clothes1458.jpg,1,clothing,clothes,2
clothing/clothes/clothes1787.jpg,1,clothing,clothes,5
clothing/clothes/clothes4803.jpg,1,clothing,clothes,4
clothing/clothes/clothes747.jpg,1,clothing,clothes,4
clothing/clothes/clothes4588.jpg,1,clothing,clothes,2
clothing/clothes/clothes1756.jpg,1,clothing,clothes,2
clothing/clothes/clothes378.jpg,1,clothing,clothes,2
clothing/clothes/clothes4471.jpg,1,clothing,clothes,5
clothing/clothes/clothes3270.jpg,1,clothing,clothes,4
clothing/clothes/clothes3267.jpg,1,clothing,clothes,3
clothing/clothes/clothes4662.jpg,1,clothing,clothes,5
clothing/clothes/clothes1263.jpg,1,clothing,clothes,2
clothing/clothes/clothes2468.jpg,1,clothing,clothes,4
clothing/clothes/clothes3352.jpg,1,clothing,clothes,4
clothing/clothes/clothes2344.jpg,1,clothing,clothes,2
clothing/clothes/clothes1940.jpg,1,clothing,clothes,4
clothing/clothes/clothes799.jpg,1,clothing,clothes,4
clothing/clothes/clothes3361.jpg,1,clothing,clothes,5
clothing/clothes/clothes3289.jpg,1,clothing,clothes,4
clothing/clothes/clothes787.jpg,1,clothing,clothes,3
clothing/clothes/clothes310.jpg,1,clothing,clothes,2
clothing/clothes/clothes4472.jpg,1,clothing,clothes,4
clothing/clothes/clothes1494.jpg,1,clothing,clothes,5
clothing/clothes/clothes2910.jpg,1,clothing,clothes,5
clothing/clothes/clothes973.jpg,1,clothing,clothes,2
clothing/clothes/clothes4085.jpg,1,clothing,clothes,4
clothing/clothes/clothes5121.jpg,1,clothing,clothes,2
clothing/clothes/clothes2465.jpg,1,clothing,clothes,4
clothing/clothes/clothes1319.jpg,1,clothing,clothes,2
clothing/clothes/clothes5119.jpg,1,clothing,clothes,5
clothing/clothes/clothes4262.jpg,1,clothing,clothes,2
clothing/clothes/clothes3418.jpg,1,clothing,clothes,5
clothing/clothes/clothes989.jpg,1,clothing,clothes,4
clothing/clothes/clothes2852.jpg,1,clothing,clothes,2
clothing/clothes/clothes1713.jpg,1,clothing,clothes,3
clothing/clothes/clothes50.jpg,1,clothing,clothes,3
clothing/clothes/clothes2732.jpg,1,clothing,clothes,3
clothing/clothes/clothes242.jpg,1,clothing,clothes,4
clothing/clothes/clothes3360.jpg,1,clothing,clothes,5
clothing/clothes/clothes2407.jpg,1,clothing,clothes,3
clothing/clothes/clothes634.jpg,1,clothing,clothes,3
clothing/clothes/clothes4100.jpg,1,clothing,clothes,4
clothing/clothes/clothes1651.jpg,1,clothing,clothes,3
clothing/clothes/clothes2359.jpg,1,clothing,clothes,5
clothing/clothes/clothes1661.jpg,1,clothing,clothes,5
clothing/clothes/clothes5221.jpg,1,clothing,clothes,5
clothing/clothes/clothes442.jpg,1,clothing,clothes,5
clothing/clothes/clothes4429.jpg,1,clothing,clothes,4
clothing/clothes/clothes2577.jpg,1,clothing,clothes,5
clothing/clothes/clothes709.jpg,1,clothing,clothes,5
clothing/clothes/clothes2165.jpg,1,clothing,clothes,4
clothing/clothes/clothes2044.jpg,1,clothing,clothes,3
clothing/clothes/clothes1000.jpg,1,clothing,clothes,2
clothing/clothes/clothes2988.jpg,1,clothing,clothes,5
clothing/clothes/clothes3841.jpg,1,clothing,clothes,2
clothing/clothes/clothes4381.jpg,1,clothing,clothes,5
clothing/clothes/clothes4828.jpg,1,clothing,clothes,5
clothing/clothes/clothes1172.jpg,1,clothing,clothes,5
clothing/clothes/clothes1914.jpg,1,clothing,clothes,4
clothing/clothes/clothes769.jpg,1,clothing,clothes,3
clothing/clothes/clothes3440.jpg,1,clothing,clothes,4
clothing/clothes/clothes1845.jpg,1,clothing,clothes,2
clothing/clothes/clothes4661.jpg,1,clothing,clothes,4
clothing/clothes/clothes2077.jpg,1,clothing,clothes,4
clothing/clothes/clothes1214.jpg,1,clothing,clothes,3
clothing/clothes/clothes679.jpg,1,clothing,clothes,5
clothing/clothes/clothes2069.jpg,1,clothing,clothes,5
clothing/clothes/clothes1464.jpg,1,clothing,clothes,2
clothing/clothes/clothes4877.jpg,1,clothing,clothes,5
clothing/clothes/clothes4751.jpg,1,clothing,clothes,4
clothing/clothes/clothes1148.jpg,1,clothing,clothes,3
clothing/clothes/clothes2332.jpg,1,clothing,clothes,3
clothing/clothes/clothes4807.jpg,1,clothing,clothes,3
clothing/clothes/clothes2948.jpg,1,clothing,clothes,4
clothing/clothes/clothes4239.jpg,1,clothing,clothes,3
clothing/clothes/clothes1354.jpg,1,clothing,clothes,3
clothing/clothes/clothes4199.jpg,1,clothing,clothes,2
clothing/clothes/clothes3970.jpg,1,clothing,clothes,3
clothing/clothes/clothes284.jpg,1,clothing,clothes,4
clothing/clothes/clothes5246.jpg,1,clothing,clothes,5
clothing/clothes/clothes925.jpg,1,clothing,clothes,5
clothing/clothes/clothes1803.jpg,1,clothing,clothes,4
clothing/clothes/clothes1738.jpg,1,clothing,clothes,5
clothing/clothes/clothes1580.jpg,1,clothing,clothes,5
clothing/clothes/clothes5161.jpg,1,clothing,clothes,4
clothing/clothes/clothes1404.jpg,1,clothing,clothes,2
clothing/clothes/clothes4344.jpg,1,clothing,clothes,3
clothing/clothes/clothes4587.jpg,1,clothing,clothes,3
clothing/clothes/clothes2644.jpg,1,clothing,clothes,2
clothing/clothes/clothes1878.jpg,1,clothing,clothes,2
clothing/clothes/clothes4818.jpg,1,clothing,clothes,4
clothing/clothes/clothes4978.jpg,1,clothing,clothes,5
clothing/clothes/clothes1512.jpg,1,clothing,clothes,2
clothing/clothes/clothes1519.jpg,1,clothing,clothes,4
clothing/clothes/clothes1237.jpg,1,clothing,clothes,4
clothing/clothes/clothes446.jpg,1,clothing,clothes,4
clothing/clothes/clothes3245.jpg,1,clothing,clothes,5
clothing/clothes/clothes765.jpg,1,clothing,clothes,5
clothing/clothes/clothes3116.jpg,1,clothing,clothes,5
clothing/clothes/clothes624.jpg,1,clothing,clothes,3
clothing/clothes/clothes4046.jpg,1,clothing,clothes,4
clothing/clothes/clothes1505.jpg,1,clothing,clothes,5
clothing/clothes/clothes2403.jpg,1,clothing,clothes,4
clothing/clothes/clothes4878.jpg,1,clothing,clothes,4
clothing/clothes/clothes3035.jpg,1,clothing,clothes,3
clothing/clothes/clothes585.jpg,1,clothing,clothes,3
clothing/clothes/clothes1992.jpg,1,clothing,clothes,2
clothing/clothes/clothes780.jpg,1,clothing,clothes,5
clothing/clothes/clothes2473.jpg,1,clothing,clothes,4
clothing/clothes/clothes5076.jpg,1,clothing,clothes,3
clothing/clothes/clothes557.jpg,1,clothing,clothes,2
clothing/clothes/clothes3297.jpg,1,clothing,clothes,2
clothing/clothes/clothes3071.jpg,1,clothing,clothes,5
clothing/clothes/clothes873.jpg,1,clothing,clothes,3
clothing/clothes/clothes3998.jpg,1,clothing,clothes,2
clothing/clothes/clothes645.jpg,1,clothing,clothes,5
clothing/clothes/clothes86.jpg,1,clothing,clothes,5
clothing/clothes/clothes1538.jpg,1,clothing,clothes,4
clothing/clothes/clothes4434.jpg,1,clothing,clothes,2
clothing/clothes/clothes453.jpg,1,clothing,clothes,4
clothing/clothes/clothes3467.jpg,1,clothing,clothes,2
clothing/clothes/clothes2750.jpg,1,clothing,clothes,5
clothing/clothes/clothes493.jpg,1,clothing,clothes,2
clothing/clothes/clothes1046.jpg,1,clothing,clothes,3
clothing/clothes/clothes2311.jpg,1,clothing,clothes,4
clothing/clothes/clothes3502.jpg,1,clothing,clothes,5
clothing/clothes/clothes4975.jpg,1,clothing,clothes,4
clothing/clothes/clothes2582.jpg,1,clothing,clothes,5
clothing/clothes/clothes5047.jpg,1,clothing,clothes,5
clothing/clothes/clothes1778.jpg,1,clothing,clothes,3
clothing/clothes/clothes357.jpg,1,clothing,clothes,3
clothing/clothes/clothes2214.jpg,1,clothing,clothes,2
clothing/clothes/clothes2645.jpg,1,clothing,clothes,5
clothing/clothes/clothes3114.jpg,1,clothing,clothes,2
clothing/clothes/clothes4919.jpg,1,clothing,clothes,5
clothing/clothes/clothes915.jpg,1,clothing,clothes,4
clothing/clothes/clothes2215.jpg,1,clothing,clothes,3
clothing/clothes/clothes463.jpg,1,clothing,clothes,3
clothing/clothes/clothes3534.jpg,1,clothing,clothes,4
clothing/clothes/clothes5065.jpg,1,clothing,clothes,5
clothing/clothes/clothes1728.jpg,1,clothing,clothes,5
clothing/clothes/clothes2977.jpg,1,clothing,clothes,2
clothing/clothes/clothes4716.jpg,1,clothing,clothes,5
clothing/clothes/clothes4605.jpg,1,clothing,clothes,4
clothing/clothes/clothes2108.jpg,1,clothing,clothes,2
clothing/clothes/clothes843.jpg,1,clothing,clothes,5
clothing/clothes/clothes818.jpg,1,clothing,clothes,3
clothing/clothes/clothes1451.jpg,1,clothing,clothes,2
clothing/clothes/clothes1088.jpg,1,clothing,clothes,4
clothing/clothes/clothes1209.jpg,1,clothing,clothes,3
clothing/clothes/clothes3623.jpg,1,clothing,clothes,5
clothing/clothes/clothes2850.jpg,1,clothing,clothes,3
clothing/clothes/clothes4074.jpg,1,clothing,clothes,4
clothing/clothes/clothes5043.jpg,1,clothing,clothes,4
clothing/clothes/clothes2920.jpg,1,clothing,clothes,2
clothing/clothes/clothes386.jpg,1,clothing,clothes,5
clothing/clothes/clothes2728.jpg,1,clothing,clothes,2
clothing/clothes/clothes262.jpg,1,clothing,clothes,3
clothing/clothes/clothes3204.jpg,1,clothing,clothes,3
clothing/clothes/clothes5251.jpg,1,clothing,clothes,3
clothing/clothes/clothes4073.jpg,1,clothing,clothes,4
clothing/clothes/clothes4080.jpg,1,clothing,clothes,4
clothing/clothes/clothes4670.jpg,1,clothing,clothes,2
clothing/clothes/clothes288.jpg,1,clothing,clothes,5
clothing/clothes/clothes5219.jpg,1,clothing,clothes,2
clothing/clothes/clothes335.jpg,1,clothing,clothes,2
clothing/clothes/clothes3521.jpg,1,clothing,clothes,3
clothing/clothes/clothes3396.jpg,1,clothing,clothes,4
clothing/clothes/clothes3052.jpg,1,clothing,clothes,5
clothing/clothes/clothes3767.jpg,1,clothing,clothes,3
clothing/clothes/clothes3505.jpg,1,clothing,clothes,5
clothing/clothes/clothes1246.jpg,1,clothing,clothes,5
clothing/clothes/clothes3712.jpg,1,clothing,clothes,3
clothing/clothes/clothes3882.jpg,1,clothing,clothes,5
clothing/clothes/clothes2487.jpg,1,clothing,clothes,4
clothing/clothes/clothes2371.jpg,1,clothing,clothes,3
clothing/clothes/clothes4389.jpg,1,clothing,clothes,2
clothing/clothes/clothes2494.jpg,1,clothing,clothes,3
clothing/clothes/clothes1340.jpg,1,clothing,clothes,5
clothing/clothes/clothes894.jpg,1,clothing,clothes,5
clothing/clothes/clothes1050.jpg,1,clothing,clothes,3
clothing/clothes/clothes3336.jpg,1,clothing,clothes,3
clothing/clothes/clothes2472.jpg,1,clothing,clothes,3
clothing/clothes/clothes1950.jpg,1,clothing,clothes,2
clothing/clothes/clothes1363.jpg,1,clothing,clothes,2
clothing/clothes/clothes2580.jpg,1,clothing,clothes,4
clothing/clothes/clothes5122.jpg,1,clothing,clothes,2
clothing/clothes/clothes1343.jpg,1,clothing,clothes,4
clothing/clothes/clothes5085.jpg,1,clothing,clothes,3
clothing/clothes/clothes203.jpg,1,clothing,clothes,2
clothing/clothes/clothes5268.jpg,1,clothing,clothes,3
clothing/clothes/clothes2445.jpg,1,clothing,clothes,4
clothing/clothes/clothes526.jpg,1,clothing,clothes,3
clothing/clothes/clothes1297.jpg,1,clothing,clothes,3
clothing/clothes/clothes2822.jpg,1,clothing,clothes,5
clothing/clothes/clothes4067.jpg,1,clothing,clothes,2
clothing/clothes/clothes1776.jpg,1,clothing,clothes,3
clothing/clothes/clothes4738.jpg,1,clothing,clothes,4
clothing/clothes/clothes870.jpg,1,clothing,clothes,5
clothing/clothes/clothes3406.jpg,1,clothing,clothes,2
clothing/clothes/clothes3641.jpg,1,clothing,clothes,5
clothing/clothes/clothes2047.jpg,1,clothing,clothes,2
clothing/clothes/clothes1656.jpg,1,clothing,clothes,5
clothing/clothes/clothes4811.jpg,1,clothing,clothes,3
clothing/clothes/clothes5305.jpg,1,clothing,clothes,2
clothing/clothes/clothes2237.jpg,1,clothing,clothes,3
clothing/clothes/clothes4771.jpg,1,clothing,clothes,2
clothing/clothes/clothes507.jpg,1,clothing,clothes,5
clothing/clothes/clothes1541.jpg,1,clothing,clothes,5
clothing/clothes/clothes4271.jpg,1,clothing,clothes,4
clothing/clothes/clothes3450.jpg,1,clothing,clothes,2
clothing/clothes/clothes4342.jpg,1,clothing,clothes,4
clothing/clothes/clothes1072.jpg,1,clothing,clothes,2
clothing/clothes/clothes4704.jpg,1,clothing,clothes,5
clothing/clothes/clothes1130.jpg,1,clothing,clothes,3
clothing/clothes/clothes1684.jpg,1,clothing,clothes,5
clothing/clothes/clothes2180.jpg,1,clothing,clothes,5
clothing/clothes/clothes4461.jpg,1,clothing,clothes,3
clothing/clothes/clothes3584.jpg,1,clothing,clothes,3
clothing/clothes/clothes1605.jpg,1,clothing,clothes,2
clothing/clothes/clothes137.jpg,1,clothing,clothes,3
clothing/clothes/clothes1351.jpg,1,clothing,clothes,5
clothing/clothes/clothes3000.jpg,1,clothing,clothes,5
clothing/clothes/clothes2290.jpg,1,clothing,clothes,3
clothing/clothes/clothes776.jpg,1,clothing,clothes,4
clothing/clothes/clothes3921.jpg,1,clothing,clothes,4
clothing/clothes/clothes22.jpg,1,clothing,clothes,3
clothing/clothes/clothes1250.jpg,1,clothing,clothes,3
clothing/clothes/clothes4297.jpg,1,clothing,clothes,5
clothing/clothes/clothes3368.jpg,1,clothing,clothes,4
clothing/clothes/clothes2831.jpg,1,clothing,clothes,5
clothing/clothes/clothes2288.jpg,1,clothing,clothes,2
clothing/clothes/clothes554.jpg,1,clothing,clothes,2
clothing/clothes/clothes4359.jpg,1,clothing,clothes,2
clothing/clothes/clothes52.jpg,1,clothing,clothes,3
clothing/clothes/clothes4729.jpg,1,clothing,clothes,4
clothing/clothes/clothes3894.jpg,1,clothing,clothes,4
clothing/clothes/clothes4243.jpg,1,clothing,clothes,4
clothing/clothes/clothes5143.jpg,1,clothing,clothes,4
clothing/clothes/clothes3181.jpg,1,clothing,clothes,3
clothing/clothes/clothes549.jpg,1,clothing,clothes,2
clothing/clothes/clothes1045.jpg,1,clothing,clothes,2
clothing/clothes/clothes4672.jpg,1,clothing,clothes,5
clothing/clothes/clothes4835.jpg,1,clothing,clothes,4
clothing/clothes/clothes4169.jpg,1,clothing,clothes,2
clothing/clothes/clothes195.jpg,1,clothing,clothes,3
clothing/clothes/clothes3093.jpg,1,clothing,clothes,3
clothing/clothes/clothes239.jpg,1,clothing,clothes,2
clothing/clothes/clothes279.jpg,1,clothing,clothes,5
clothing/clothes/clothes2569.jpg,1,clothing,clothes,5
clothing/clothes/clothes4874.jpg,1,clothing,clothes,4
clothing/clothes/clothes4397.jpg,1,clothing,clothes,2
clothing/clothes/clothes29.jpg,1,clothing,clothes,4
clothing/clothes/clothes2318.jpg,1,clothing,clothes,3
clothing/clothes/clothes4609.jpg,1,clothing,clothes,3
clothing/clothes/clothes246.jpg,1,clothing,clothes,4
clothing/clothes/clothes3372.jpg,1,clothing,clothes,3
clothing/clothes/clothes3313.jpg,1,clothing,clothes,4
clothing/clothes/clothes206.jpg,1,clothing,clothes,3
clothing/clothes/clothes4454.jpg,1,clothing,clothes,5
clothing/clothes/clothes3421.jpg,1,clothing,clothes,2
clothing/clothes/clothes4788.jpg,1,clothing,clothes,2
clothing/clothes/clothes24.jpg,1,clothing,clothes,5
clothing/clothes/clothes5033.jpg,1,clothing,clothes,5
clothing/clothes/clothes1021.jpg,1,clothing,clothes,5
clothing/clothes/clothes194.jpg,1,clothing,clothes,4
clothing/clothes/clothes3199.jpg,1,clothing,clothes,3
clothing/clothes/clothes4535.jpg,1,clothing,clothes,3
clothing/clothes/clothes4737.jpg,1,clothing,clothes,4
clothing/clothes/clothes4990.jpg,1,clothing,clothes,3
clothing/clothes/clothes3227.jpg,1,clothing,clothes,5
clothing/clothes/clothes4227.jpg,1,clothing,clothes,3
clothing/clothes/clothes3345.jpg,1,clothing,clothes,4
clothing/clothes/clothes1614.jpg,1,clothing,clothes,3
clothing/clothes/clothes2527.jpg,1,clothing,clothes,4
clothing/clothes/clothes5315.jpg,1,clothing,clothes,2
clothing/clothes/clothes892.jpg,1,clothing,clothes,4
clothing/clothes/clothes2934.jpg,1,clothing,clothes,4
clothing/clothes/clothes1901.jpg,1,clothing,clothes,3
clothing/clothes/clothes1413.jpg,1,clothing,clothes,2
clothing/clothes/clothes163.jpg,1,clothing,clothes,2
clothing/clothes/clothes5298.jpg,1,clothing,clothes,3
clothing/clothes/clothes4690.jpg,1,clothing,clothes,2
clothing/clothes/clothes2125.jpg,1,clothing,clothes,4
clothing/clothes/clothes4867.jpg,1,clothing,clothes,5
clothing/clothes/clothes532.jpg,1,clothing,clothes,5
clothing/clothes/clothes2411.jpg,1,clothing,clothes,5
clothing/clothes/clothes535.jpg,1,clothing,clothes,3
clothing/clothes/clothes4174.jpg,1,clothing,clothes,4
clothing/clothes/clothes1056.jpg,1,clothing,clothes,5
clothing/clothes/clothes2338.jpg,1,clothing,clothes,3
clothing/clothes/clothes5135.jpg,1,clothing,clothes,5
clothing/clothes/clothes3685.jpg,1,clothing,clothes,5
clothing/clothes/clothes1358.jpg,1,clothing,clothes,4
clothing/clothes/clothes4260.jpg,1,clothing,clothes,3
clothing/clothes/clothes4593.jpg,1,clothing,clothes,4
clothing/clothes/clothes4217.jpg,1,clothing,clothes,3
clothing/clothes/clothes1919.jpg,1,clothing,clothes,4
clothing/clothes/clothes3796.jpg,1,clothing,clothes,4
clothing/clothes/clothes3142.jpg,1,clothing,clothes,2
clothing/clothes/clothes4754.jpg,1,clothing,clothes,5
clothing/clothes/clothes1355.jpg,1,clothing,clothes,5
clothing/clothes/clothes4228.jpg,1,clothing,clothes,2
clothing/clothes/clothes2442.jpg,1,clothing,clothes,5
clothing/clothes/clothes3047.jpg,1,clothing,clothes,2
clothing/clothes/clothes76.jpg,1,clothing,clothes,5
clothing/clothes/clothes2160.jpg,1,clothing,clothes,4
clothing/clothes/clothes481.jpg,1,clothing,clothes,4
clothing/clothes/clothes3063.jpg,1,clothing,clothes,3
clothing/clothes/clothes5261.jpg,1,clothing,clothes,4
clothing/clothes/clothes3778.jpg,1,clothing,clothes,3
clothing/clothes/clothes5112.jpg,1,clothing,clothes,2
clothing/clothes/clothes3276.jpg,1,clothing,clothes,4
clothing/clothes/clothes3698.jpg,1,clothing,clothes,2
clothing/clothes/clothes1835.jpg,1,clothing,clothes,2
clothing/clothes/clothes2946.jpg,1,clothing,clothes,2
clothing/clothes/clothes4409.jpg,1,clothing,clothes,2
clothing/clothes/clothes1840.jpg,1,clothing,clothes,5
clothing/clothes/clothes4018.jpg,1,clothing,clothes,3
clothing/clothes/clothes4426.jpg,1,clothing,clothes,5
clothing/clothes/clothes415.jpg,1,clothing,clothes,4
clothing/clothes/clothes3784.jpg,1,clothing,clothes,4
clothing/clothes/clothes2102.jpg,1,clothing,clothes,3
clothing/clothes/clothes5059.jpg,1,clothing,clothes,2
clothing/clothes/clothes1821.jpg,1,clothing,clothes,2
clothing/clothes/clothes1264.jpg,1,clothing,clothes,3
clothing/clothes/clothes2560.jpg,1,clothing,clothes,2
clothing/clothes/clothes4088.jpg,1,clothing,clothes,3
clothing/clothes/clothes4388.jpg,1,clothing,clothes,3
clothing/clothes/clothes3200.jpg,1,clothing,clothes,3
clothing/clothes/clothes1426.jpg,1,clothing,clothes,4
clothing/clothes/clothes2807.jpg,1,clothing,clothes,5
clothing/clothes/clothes1411.jpg,1,clothing,clothes,2
clothing/clothes/clothes2615.jpg,1,clothing,clothes,2
clothing/clothes/clothes4458.jpg,1,clothing,clothes,2
clothing/clothes/clothes995.jpg,1,clothing,clothes,2
clothing/clothes/clothes6.jpg,1,clothing,clothes,5
clothing/clothes/clothes4323.jpg,1,clothing,clothes,4
clothing/clothes/clothes2469.jpg,1,clothing,clothes,2
clothing/clothes/clothes1799.jpg,1,clothing,clothes,4
clothing/clothes/clothes3678.jpg,1,clothing,clothes,2
clothing/clothes/clothes2058.jpg,1,clothing,clothes,2
clothing/clothes/clothes1086.jpg,1,clothing,clothes,3
clothing/clothes/clothes4418.jpg,1,clothing,clothes,5
clothing/clothes/clothes27.jpg,1,clothing,clothes,4
clothing/clothes/clothes4113.jpg,1,clothing,clothes,5
clothing/clothes/clothes724.jpg,1,clothing,clothes,5
clothing/clothes/clothes3834.jpg,1,clothing,clothes,4
clothing/clothes/clothes4790.jpg,1,clothing,clothes,4
clothing/clothes/clothes1163.jpg,1,clothing,clothes,3
clothing/clothes/clothes2699.jpg,1,clothing,clothes,5
clothing/clothes/clothes17.jpg,1,clothing,clothes,4
clothing/clothes/clothes93.jpg,1,clothing,clothes,2
clothing/clothes/clothes2170.jpg,1,clothing,clothes,2
clothing/clothes/clothes302.jpg,1,clothing,clothes,4
clothing/clothes/clothes2522.jpg,1,clothing,clothes,4
clothing/clothes/clothes2911.jpg,1,clothing,clothes,3
clothing/clothes/clothes3629.jpg,1,clothing,clothes,3
clothing/clothes/clothes4502.jpg,1,clothing,clothes,3
clothing/clothes/clothes2554.jpg,1,clothing,clothes,2
clothing/clothes/clothes75.jpg,1,clothing,clothes,3
clothing/clothes/clothes2814.jpg,1,clothing,clothes,5
clothing/clothes/clothes4714.jpg,1,clothing,clothes,4
clothing/clothes/clothes1718.jpg,1,clothing,clothes,3
clothing/clothes/clothes3681.jpg,1,clothing,clothes,2
clothing/clothes/clothes1133.jpg,1,clothing,clothes,2
clothing/clothes/clothes3241.jpg,1,clothing,clothes,2
clothing/clothes/clothes647.jpg,1,clothing,clothes,3
clothing/clothes/clothes4797.jpg,1,clothing,clothes,4
clothing/clothes/clothes4525.jpg,1,clothing,clothes,4
clothing/clothes/clothes1939.jpg,1,clothing,clothes,3
clothing/clothes/clothes2965.jpg,1,clothing,clothes,3
clothing/clothes/clothes3899.jpg,1,clothing,clothes,5
clothing/clothes/clothes3503.jpg,1,clothing,clothes,3
clothing/clothes/clothes65.jpg,1,clothing,clothes,5
clothing/clothes/clothes727.jpg,1,clothing,clothes,5
clothing/clothes/clothes2505.jpg,1,clothing,clothes,2
clothing/clothes/clothes2024.jpg,1,clothing,clothes,3
clothing/clothes/clothes1023.jpg,1,clothing,clothes,2
clothing/clothes/clothes188.jpg,1,clothing,clothes,5
clothing/clothes/clothes5129.jpg,1,clothing,clothes,2
clothing/clothes/clothes5116.jpg,1,clothing,clothes,4
clothing/clothes/clothes946.jpg,1,clothing,clothes,3
clothing/clothes/clothes1890.jpg,1,clothing,clothes,3
clothing/clothes/clothes4775.jpg,1,clothing,clothes,2
clothing/clothes/clothes705.jpg,1,clothing,clothes,4
clothing/clothes/clothes2019.jpg,1,clothing,clothes,4
clothing/clothes/clothes4589.jpg,1,clothing,clothes,3
clothing/clothes/clothes1710.jpg,1,clothing,clothes,2
clothing/clothes/clothes5182.jpg,1,clothing,clothes,5
clothing/clothes/clothes2752.jpg,1,clothing,clothes,3
clothing/clothes/clothes3061.jpg,1,clothing,clothes,5
clothing/clothes/clothes2765.jpg,1,clothing,clothes,5
clothing/clothes/clothes2452.jpg,1,clothing,clothes,5
clothing/clothes/clothes1499.jpg,1,clothing,clothes,4
clothing/clothes/clothes1462.jpg,1,clothing,clothes,4
clothing/clothes/clothes2993.jpg,1,clothing,clothes,2
clothing/clothes/clothes2860.jpg,1,clothing,clothes,3
clothing/clothes/clothes3756.jpg,1,clothing,clothes,5
clothing/clothes/clothes4772.jpg,1,clothing,clothes,5
clothing/clothes/clothes4800.jpg,1,clothing,clothes,5
clothing/clothes/clothes2084.jpg,1,clothing,clothes,4
clothing/clothes/clothes4531.jpg,1,clothing,clothes,2
clothing/clothes/clothes578.jpg,1,clothing,clothes,5
clothing/clothes/clothes2650.jpg,1,clothing,clothes,4
clothing/clothes/clothes2341.jpg,1,clothing,clothes,4
clothing/clothes/clothes5300.jpg,1,clothing,clothes,5
clothing/clothes/clothes1281.jpg,1,clothing,clothes,4
clothing/clothes/clothes36.jpg,1,clothing,clothes,3
clothing/clothes/clothes2382.jpg,1,clothing,clothes,2
clothing/clothes/clothes417.jpg,1,clothing,clothes,2
clothing/clothes/clothes2289.jpg,1,clothing,clothes,5
clothing/clothes/clothes1703.jpg,1,clothing,clothes,3
clothing/clothes/clothes4963.jpg,1,clothing,clothes,4
clothing/clothes/clothes2148.jpg,1,clothing,clothes,4
clothing/clothes/clothes1596.jpg,1,clothing,clothes,4
clothing/clothes/clothes270.jpg,1,clothing,clothes,5
clothing/clothes/clothes4006.jpg,1,clothing,clothes,3
clothing/clothes/clothes3876.jpg,1,clothing,clothes,2
clothing/clothes/clothes3155.jpg,1,clothing,clothes,4
clothing/clothes/clothes1800.jpg,1,clothing,clothes,3
clothing/clothes/clothes2555.jpg,1,clothing,clothes,3
clothing/clothes/clothes2419.jpg,1,clothing,clothes,4
clothing/clothes/clothes4998.jpg,1,clothing,clothes,4
clothing/clothes/clothes4794.jpg,1,clothing,clothes,2
clothing/clothes/clothes490.jpg,1,clothing,clothes,2
clothing/clothes/clothes5008.jpg,1,clothing,clothes,2
clothing/clothes/clothes703.jpg,1,clothing,clothes,3
clothing/clothes/clothes1346.jpg,1,clothing,clothes,3
clothing/clothes/clothes4654.jpg,1,clothing,clothes,2
clothing/clothes/clothes4844.jpg,1,clothing,clothes,4
clothing/clothes/clothes1.jpg,1,clothing,clothes,4
clothing/clothes/clothes4186.jpg,1,clothing,clothes,2
clothing/clothes/clothes2633.jpg,1,clothing,clothes,4
clothing/clothes/clothes1442.jpg,1,clothing,clothes,3
clothing/clothes/clothes1723.jpg,1,clothing,clothes,4
clothing/clothes/clothes5155.jpg,1,clothing,clothes,5
clothing/clothes/clothes1271.jpg,1,clothing,clothes,5
clothing/clothes/clothes1382.jpg,1,clothing,clothes,5
clothing/clothes/clothes1291.jpg,1,clothing,clothes,3
clothing/clothes/clothes1070.jpg,1,clothing,clothes,5
clothing/clothes/clothes3568.jpg,1,clothing,clothes,3
clothing/clothes/clothes4189.jpg,1,clothing,clothes,5
clothing/clothes/clothes3203.jpg,1,clothing,clothes,3
clothing/clothes/clothes77.jpg,1,clothing,clothes,5
clothing/clothes/clothes4678.jpg,1,clothing,clothes,3
clothing/clothes/clothes1007.jpg,1,clothing,clothes,2
clothing/clothes/clothes2895.jpg,1,clothing,clothes,4
clothing/clothes/clothes33.jpg,1,clothing,clothes,2
clothing/clothes/clothes1412.jpg,1,clothing,clothes,2
clothing/clothes/clothes4612.jpg,1,clothing,clothes,3
clothing/clothes/clothes480.jpg,1,clothing,clothes,3
clothing/clothes/clothes4317.jpg,1,clothing,clothes,3
clothing/clothes/clothes4289.jpg,1,clothing,clothes,4
clothing/clothes/clothes970.jpg,1,clothing,clothes,2
clothing/clothes/clothes181.jpg,1,clothing,clothes,4
clothing/clothes/clothes2464.jpg,1,clothing,clothes,5
clothing/clothes/clothes3663.jpg,1,clothing,clothes,3
clothing/clothes/clothes298.jpg,1,clothing,clothes,2
clothing/clothes/clothes1699.jpg,1,clothing,clothes,4
clothing/clothes/clothes5038.jpg,1,clothing,clothes,2
clothing/clothes/clothes4391.jpg,1,clothing,clothes,5
clothing/clothes/clothes4530.jpg,1,clothing,clothes,2
clothing/clothes/clothes4212.jpg,1,clothing,clothes,4
clothing/clothes/clothes4657.jpg,1,clothing,clothes,3
clothing/clothes/clothes2976.jpg,1,clothing,clothes,5
clothing/clothes/clothes299.jpg,1,clothing,clothes,5
clothing/clothes/clothes5213.jpg,1,clothing,clothes,5
clothing/clothes/clothes489.jpg,1,clothing,clothes,3
clothing/clothes/clothes2734.jpg,1,clothing,clothes,5
clothing/clothes/clothes2713.jpg,1,clothing,clothes,2
clothing/clothes/clothes978.jpg,1,clothing,clothes,3
clothing/clothes/clothes3413.jpg,1,clothing,clothes,4
clothing/clothes/clothes936.jpg,1,clothing,clothes,3
clothing/clothes/clothes5324.jpg,1,clothing,clothes,2
clothing/clothes/clothes5002.jpg,1,clothing,clothes,3
clothing/clothes/clothes46.jpg,1,clothing,clothes,4
clothing/clothes/clothes1511.jpg,1,clothing,clothes,4
clothing/clothes/clothes4997.jpg,1,clothing,clothes,5
clothing/clothes/clothes232.jpg,1,clothing,clothes,3
clothing/clothes/clothes2217.jpg,1,clothing,clothes,5
clothing/clothes/clothes4417.jpg,1,clothing,clothes,4
clothing/clothes/clothes3943.jpg,1,clothing,clothes,5
clothing/clothes/clothes3605.jpg,1,clothing,clothes,3
clothing/clothes/clothes1552.jpg,1,clothing,clothes,3
clothing/clothes/clothes4679.jpg,1,clothing,clothes,5
clothing/clothes/clothes2323.jpg,1,clothing,clothes,5
clothing/clothes/clothes3721.jpg,1,clothing,clothes,3
clothing/clothes/clothes2388.jpg,1,clothing,clothes,4
clothing/clothes/clothes5028.jpg,1,clothing,clothes,3
clothing/clothes/clothes4225.jpg,1,clothing,clothes,5
clothing/clothes/clothes2007.jpg,1,clothing,clothes,3
clothing/clothes/clothes3174.jpg,1,clothing,clothes,2
clothing/clothes/clothes4444.jpg,1,clothing,clothes,2
clothing/clothes/clothes3658.jpg,1,clothing,clothes,4
clothing/clothes/clothes4840.jpg,1,clothing,clothes,4
clothing/clothes/clothes260.jpg,1,clothing,clothes,5
clothing/clothes/clothes1894.jpg,1,clothing,clothes,3
clothing/clothes/clothes191.jpg,1,clothing,clothes,5
clothing/clothes/clothes3121.jpg,1,clothing,clothes,4
clothing/clothes/clothes3082.jpg,1,clothing,clothes,2
clothing/clothes/clothes2321.jpg,1,clothing,clothes,5
clothing/clothes/clothes413.jpg,1,clothing,clothes,2
clothing/clothes/clothes3284.jpg,1,clothing,clothes,2
clothing/clothes/clothes4645.jpg,1,clothing,clothes,5
clothing/clothes/clothes2863.jpg,1,clothing,clothes,4
clothing/clothes/clothes1925.jpg,1,clothing,clothes,5
clothing/clothes/clothes4354.jpg,1,clothing,clothes,3
clothing/clothes/clothes4523.jpg,1,clothing,clothes,2
clothing/clothes/clothes4639.jpg,1,clothing,clothes,3
clothing/clothes/clothes2889.jpg,1,clothing,clothes,4
clothing/clothes/clothes1461.jpg,1,clothing,clothes,5
clothing/clothes/clothes4465.jpg,1,clothing,clothes,3
clothing/clothes/clothes4691.jpg,1,clothing,clothes,4
clothing/clothes/clothes2586.jpg,1,clothing,clothes,5
clothing/clothes/clothes851.jpg,1,clothing,clothes,5
clothing/clothes/clothes4234.jpg,1,clothing,clothes,4
clothing/clothes/clothes3341.jpg,1,clothing,clothes,5
clothing/clothes/clothes2437.jpg,1,clothing,clothes,3
clothing/clothes/clothes663.jpg,1,clothing,clothes,3
clothing/clothes/clothes4802.jpg,1,clothing,clothes,2
clothing/clothes/clothes3996.jpg,1,clothing,clothes,4
clothing/clothes/clothes4411.jpg,1,clothing,clothes,2
clothing/clothes/clothes4061.jpg,1,clothing,clothes,2
clothing/clothes/clothes2470.jpg,1,clothing,clothes,2
clothing/clothes/clothes4413.jpg,1,clothing,clothes,4
clothing/clothes/clothes3628.jpg,1,clothing,clothes,3
clothing/clothes/clothes2766.jpg,1,clothing,clothes,3
clothing/clothes/clothes2861.jpg,1,clothing,clothes,4
clothing/clothes/clothes4305.jpg,1,clothing,clothes,3
clothing/clothes/clothes1954.jpg,1,clothing,clothes,3
clothing/clothes/clothes884.jpg,1,clothing,clothes,5
clothing/clothes/clothes2140.jpg,1,clothing,clothes,3
clothing/clothes/clothes579.jpg,1,clothing,clothes,3
clothing/clothes/clothes2182.jpg,1,clothing,clothes,4
clothing/clothes/clothes4387.jpg,1,clothing,clothes,3
clothing/clothes/clothes1071.jpg,1,clothing,clothes,4
clothing/clothes/clothes1370.jpg,1,clothing,clothes,2
clothing/clothes/clothes1292.jpg,1,clothing,clothes,5
clothing/clothes/clothes4617.jpg,1,clothing,clothes,2
clothing/clothes/clothes1908.jpg,1,clothing,clothes,4
clothing/clothes/clothes4195.jpg,1,clothing,clothes,5
clothing/clothes/clothes1407.jpg,1,clothing,clothes,2
clothing/clothes/clothes4459.jpg,1,clothing,clothes,3
clothing/clothes/clothes534.jpg,1,clothing,clothes,3
clothing/clothes/clothes540.jpg,1,clothing,clothes,2
clothing/clothes/clothes1344.jpg,1,clothing,clothes,5
clothing/clothes/clothes2076.jpg,1,clothing,clothes,3
clothing/clothes/clothes3210.jpg,1,clothing,clothes,4
clothing/clothes/clothes3058.jpg,1,clothing,clothes,2
clothing/clothes/clothes2300.jpg,1,clothing,clothes,3
clothing/clothes/clothes3746.jpg,1,clothing,clothes,3
clothing/clothes/clothes2643.jpg,1,clothing,clothes,5
clothing/clothes/clothes5052.jpg,1,clothing,clothes,5
clothing/clothes/clothes4398.jpg,1,clothing,clothes,2
clothing/clothes/clothes4827.jpg,1,clothing,clothes,3
clothing/clothes/clothes5252.jpg,1,clothing,clothes,3
clothing/clothes/clothes1285.jpg,1,clothing,clothes,5
clothing/clothes/clothes979.jpg,1,clothing,clothes,2
clothing/clothes/clothes2981.jpg,1,clothing,clothes,5
clothing/clothes/clothes4379.jpg,1,clothing,clothes,5
clothing/clothes/clothes5297.jpg,1,clothing,clothes,3
clothing/clothes/clothes4251.jpg,1,clothing,clothes,3
clothing/clothes/clothes3226.jpg,1,clothing,clothes,3
clothing/clothes/clothes1185.jpg,1,clothing,clothes,4
clothing/clothes/clothes5195.jpg,1,clothing,clothes,4
clothing/clothes/clothes4933.jpg,1,clothing,clothes,2
clothing/clothes/clothes1322.jpg,1,clothing,clothes,5
clothing/clothes/clothes3156.jpg,1,clothing,clothes,5
clothing/clothes/clothes890.jpg,1,clothing,clothes,5
clothing/clothes/clothes2909.jpg,1,clothing,clothes,4
clothing/clothes/clothes3610.jpg,1,clothing,clothes,2
clothing/clothes/clothes5142.jpg,1,clothing,clothes,4
clothing/clothes/clothes1495.jpg,1,clothing,clothes,4
clothing/clothes/clothes4191.jpg,1,clothing,clothes,3
clothing/clothes/clothes1632.jpg,1,clothing,clothes,5
clothing/clothes/clothes2234.jpg,1,clothing,clothes,2
clothing/clothes/clothes1767.jpg,1,clothing,clothes,4
clothing/clothes/clothes2060.jpg,1,clothing,clothes,3
clothing/clothes/clothes668.jpg,1,clothing,clothes,5
clothing/clothes/clothes2953.jpg,1,clothing,clothes,3
clothing/clothes/clothes2291.jpg,1,clothing,clothes,5
clothing/clothes/clothes4543.jpg,1,clothing,clothes,2
clothing/clothes/clothes1867.jpg,1,clothing,clothes,5
clothing/clothes/clothes3033.jpg,1,clothing,clothes,2
clothing/clothes/clothes5132.jpg,1,clothing,clothes,3
clothing/clothes/clothes2600.jpg,1,clothing,clothes,5
clothing/clothes/clothes4673.jpg,1,clothing,clothes,4
clothing/clothes/clothes788.jpg,1,clothing,clothes,5
clothing/clothes/clothes5185.jpg,1,clothing,clothes,3
clothing/clothes/clothes3290.jpg,1,clothing,clothes,5
clothing/clothes/clothes381.jpg,1,clothing,clothes,2
clothing/clothes/clothes2373.jpg,1,clothing,clothes,4
clothing/clothes/clothes4961.jpg,1,clothing,clothes,2
clothing/clothes/clothes2428.jpg,1,clothing,clothes,2
clothing/clothes/clothes3711.jpg,1,clothing,clothes,3
clothing/clothes/clothes4900.jpg,1,clothing,clothes,3
clothing/clothes/clothes4702.jpg,1,clothing,clothes,5
clothing/clothes/clothes4850.jpg,1,clothing,clothes,3
clothing/clothes/clothes4029.jpg,1,clothing,clothes,3
clothing/clothes/clothes4256.jpg,1,clothing,clothes,3
clothing/clothes/clothes4193.jpg,1,clothing,clothes,5
clothing/clothes/clothes2567.jpg,1,clothing,clothes,5
clothing/clothes/clothes858.jpg,1,clothing,clothes,4
clothing/clothes/clothes3316.jpg,1,clothing,clothes,5
clothing/clothes/clothes3311.jpg,1,clothing,clothes,4
clothing/clothes/clothes1599.jpg,1,clothing,clothes,3
clothing/clothes/clothes2629.jpg,1,clothing,clothes,5
clothing/clothes/clothes913.jpg,1,clothing,clothes,4
clothing/clothes/clothes3955.jpg,1,clothing,clothes,3
clothing/clothes/clothes3710.jpg,1,clothing,clothes,5
clothing/clothes/clothes334.jpg,1,clothing,clothes,4
clothing/clothes/clothes1242.jpg,1,clothing,clothes,5
clothing/clothes/clothes4325.jpg,1,clothing,clothes,2
clothing/clothes/clothes346.jpg,1,clothing,clothes,2
clothing/clothes/clothes1027.jpg,1,clothing,clothes,5
clothing/clothes/clothes301.jpg,1,clothing,clothes,4
clothing/clothes/clothes2880.jpg,1,clothing,clothes,3
clothing/clothes/clothes902.jpg,1,clothing,clothes,5
clothing/clothes/clothes371.jpg,1,clothing,clothes,4
clothing/clothes/clothes4940.jpg,1,clothing,clothes,5
clothing/clothes/clothes3439.jpg,1,clothing,clothes,3
clothing/clothes/clothes4785.jpg,1,clothing,clothes,4
clothing/clothes/clothes2099.jpg,1,clothing,clothes,3
clothing/clothes/clothes240.jpg,1,clothing,clothes,2
clothing/clothes/clothes2042.jpg,1,clothing,clothes,2
clothing/clothes/clothes762.jpg,1,clothing,clothes,5
clothing/clothes/clothes837.jpg,1,clothing,clothes,2
clothing/clothes/clothes2641.jpg,1,clothing,clothes,4
clothing/clothes/clothes259.jpg,1,clothing,clothes,2
clothing/clothes/clothes3287.jpg,1,clothing,clothes,2
clothing/clothes/clothes293.jpg,1,clothing,clothes,2
clothing/clothes/clothes3435.jpg,1,clothing,clothes,4
clothing/clothes/clothes1841.jpg,1,clothing,clothes,5
clothing/clothes/clothes1860.jpg,1,clothing,clothes,4
clothing/clothes/clothes2829.jpg,1,clothing,clothes,4
clothing/clothes/clothes1913.jpg,1,clothing,clothes,4
clothing/clothes/clothes642.jpg,1,clothing,clothes,3
clothing/clothes/clothes1202.jpg,1,clothing,clothes,2
clothing/clothes/clothes4455.jpg,1,clothing,clothes,4
clothing/clothes/clothes1410.jpg,1,clothing,clothes,5
clothing/clothes/clothes5223.jpg,1,clothing,clothes,3
clothing/clothes/clothes4173.jpg,1,clothing,clothes,3
clothing/clothes/clothes777.jpg,1,clothing,clothes,3
clothing/clothes/clothes3785.jpg,1,clothing,clothes,3
clothing/clothes/clothes397.jpg,1,clothing,clothes,2
clothing/clothes/clothes643.jpg,1,clothing,clothes,2
clothing/clothes/clothes2495.jpg,1,clothing,clothes,2
clothing/clothes/clothes4958.jpg,1,clothing,clothes,3
clothing/clothes/clothes4634.jpg,1,clothing,clothes,3
clothing/clothes/clothes3411.jpg,1,clothing,clothes,4
clothing/clothes/clothes3463.jpg,1,clothing,clothes,4
clothing/clothes/clothes4819.jpg,1,clothing,clothes,3
clothing/clothes/clothes1035.jpg,1,clothing,clothes,3
clothing/clothes/clothes4602.jpg,1,clothing,clothes,2
clothing/clothes/clothes2173.jpg,1,clothing,clothes,2
clothing/clothes/clothes2681.jpg,1,clothing,clothes,4
clothing/clothes/clothes3378.jpg,1,clothing,clothes,4
clothing/clothes/clothes3809.jpg,1,clothing,clothes,2
clothing/clothes/clothes1227.jpg,1,clothing,clothes,5
clothing/clothes/clothes2292.jpg,1,clothing,clothes,3
clothing/clothes/clothes1648.jpg,1,clothing,clothes,2
clothing/clothes/clothes3193.jpg,1,clothing,clothes,2
clothing/clothes/clothes3490.jpg,1,clothing,clothes,3
clothing/clothes/clothes4140.jpg,1,clothing,clothes,5
clothing/clothes/clothes354.jpg,1,clothing,clothes,5
clothing/clothes/clothes3631.jpg,1,clothing,clothes,3
clothing/clothes/clothes4443.jpg,1,clothing,clothes,2
clothing/clothes/clothes1387.jpg,1,clothing,clothes,3
clothing/clothes/clothes3551.jpg,1,clothing,clothes,2
clothing/clothes/clothes517.jpg,1,clothing,clothes,4
clothing/clothes/clothes4185.jpg,1,clothing,clothes,3
clothing/clothes/clothes1702.jpg,1,clothing,clothes,3
clothing/clothes/clothes3839.jpg,1,clothing,clothes,4
clothing/clothes/clothes2549.jpg,1,clothing,clothes,2
clothing/clothes/clothes4683.jpg,1,clothing,clothes,5
clothing/clothes/clothes184.jpg,1,clothing,clothes,5
clothing/clothes/clothes3952.jpg,1,clothing,clothes,5
clothing/clothes/clothes3553.jpg,1,clothing,clothes,5
clothing/clothes/clothes1897.jpg,1,clothing,clothes,4
clothing/clothes/clothes2057.jpg,1,clothing,clothes,5
clothing/clothes/clothes2716.jpg,1,clothing,clothes,5
clothing/clothes/clothes1663.jpg,1,clothing,clothes,4
clothing/clothes/clothes5238.jpg,1,clothing,clothes,5
clothing/clothes/clothes1690.jpg,1,clothing,clothes,2
clothing/clothes/clothes763.jpg,1,clothing,clothes,4
clothing/clothes/clothes5319.jpg,1,clothing,clothes,2
clothing/clothes/clothes312.jpg,1,clothing,clothes,3
clothing/clothes/clothes1300.jpg,1,clothing,clothes,4
clothing/clothes/clothes5199.jpg,1,clothing,clothes,5
clothing/clothes/clothes3448.jpg,1,clothing,clothes,5
clothing/clothes/clothes3060.jpg,1,clothing,clothes,4
clothing/clothes/clothes3556.jpg,1,clothing,clothes,3
clothing/clothes/clothes1610.jpg,1,clothing,clothes,2
clothing/clothes/clothes5218.jpg,1,clothing,clothes,3
clothing/clothes/clothes4711.jpg,1,clothing,clothes,5
clothing/clothes/clothes4708.jpg,1,clothing,clothes,4
clothing/clothes/clothes4965.jpg,1,clothing,clothes,5
clothing/clothes/clothes362.jpg,1,clothing,clothes,5
clothing/clothes/clothes2146.jpg,1,clothing,clothes,5
clothing/clothes/clothes3266.jpg,1,clothing,clothes,2
clothing/clothes/clothes4522.jpg,1,clothing,clothes,5
clothing/clothes/clothes1655.jpg,1,clothing,clothes,5
clothing/clothes/clothes664.jpg,1,clothing,clothes,2
clothing/clothes/clothes5168.jpg,1,clothing,clothes,5
clothing/clothes/clothes3483.jpg,1,clothing,clothes,4
clothing/clothes/clothes1149.jpg,1,clothing,clothes,2
clothing/clothes/clothes3873.jpg,1,clothing,clothes,5
clothing/clothes/clothes1164.jpg,1,clothing,clothes,4
clothing/clothes/clothes4752.jpg,1,clothing,clothes,4
clothing/clothes/clothes4546.jpg,1,clothing,clothes,4
clothing/clothes/clothes385.jpg,1,clothing,clothes,2
clothing/clothes/clothes923.jpg,1,clothing,clothes,4
clothing/clothes/clothes1500.jpg,1,clothing,clothes,4
clothing/clothes/clothes497.jpg,1,clothing,clothes,5
clothing/clothes/clothes4281.jpg,1,clothing,clothes,5
clothing/clothes/clothes1465.jpg,1,clothing,clothes,5
clothing/clothes/clothes2982.jpg,1,clothing,clothes,3
clothing/clothes/clothes619.jpg,1,clothing,clothes,2
clothing/clothes/clothes4854.jpg,1,clothing,clothes,3
clothing/clothes/clothes113.jpg,1,clothing,clothes,3
clothing/clothes/clothes3599.jpg,1,clothing,clothes,5
clothing/clothes/clothes2975.jpg,1,clothing,clothes,4
clothing/clothes/clothes3269.jpg,1,clothing,clothes,5
clothing/clothes/clothes4226.jpg,1,clothing,clothes,2
clothing/clothes/clothes3184.jpg,1,clothing,clothes,3
clothing/clothes/clothes536.jpg,1,clothing,clothes,2
clothing/clothes/clothes1725.jpg,1,clothing,clothes,2
clothing/clothes/clothes1060.jpg,1,clothing,clothes,5
clothing/clothes/clothes3135.jpg,1,clothing,clothes,4
clothing/clothes/clothes1977.jpg,1,clothing,clothes,4
clothing/clothes/clothes3315.jpg,1,clothing,clothes,4
clothing/clothes/clothes910.jpg,1,clothing,clothes,4
clothing/clothes/clothes637.jpg,1,clothing,clothes,3
clothing/clothes/clothes891.jpg,1,clothing,clothes,5
clothing/clothes/clothes4681.jpg,1,clothing,clothes,4
clothing/clothes/clothes3549.jpg,1,clothing,clothes,5
clothing/clothes/clothes237.jpg,1,clothing,clothes,2
clothing/clothes/clothes2859.jpg,1,clothing,clothes,4
clothing/clothes/clothes4888.jpg,1,clothing,clothes,3
clothing/clothes/clothes1817.jpg,1,clothing,clothes,3
clothing/clothes/clothes40.jpg,1,clothing,clothes,4
clothing/clothes/clothes1624.jpg,1,clothing,clothes,3
clothing/clothes/clothes2460.jpg,1,clothing,clothes,2
clothing/clothes/clothes3520.jpg,1,clothing,clothes,2
clothing/clothes/clothes80.jpg,1,clothing,clothes,5
clothing/clothes/clothes72.jpg,1,clothing,clothes,5
clothing/clothes/clothes691.jpg,1,clothing,clothes,4
clothing/clothes/clothes1815.jpg,1,clothing,clothes,2
clothing/clothes/clothes2035.jpg,1,clothing,clothes,5
clothing/clothes/clothes2865.jpg,1,clothing,clothes,3
clothing/clothes/clothes4447.jpg,1,clothing,clothes,4
clothing/clothes/clothes2018.jpg,1,clothing,clothes,5
clothing/clothes/clothes4008.jpg,1,clothing,clothes,2
clothing/clothes/clothes3874.jpg,1,clothing,clothes,2
clothing/clothes/clothes1038.jpg,1,clothing,clothes,5
clothing/clothes/clothes3948.jpg,1,clothing,clothes,2
clothing/clothes/clothes774.jpg,1,clothing,clothes,5
clothing/clothes/clothes434.jpg,1,clothing,clothes,5
clothing/clothes/clothes5102.jpg,1,clothing,clothes,5
clothing/clothes/clothes1640.jpg,1,clothing,clothes,2
clothing/clothes/clothes3773.jpg,1,clothing,clothes,4
clothing/clothes/clothes1952.jpg,1,clothing,clothes,4
clothing/clothes/clothes4284.jpg,1,clothing,clothes,5
clothing/clothes/clothes2970.jpg,1,clothing,clothes,4
clothing/clothes/clothes1398.jpg,1,clothing,clothes,5
clothing/clothes/clothes864.jpg,1,clothing,clothes,4
clothing/clothes/clothes2966.jpg,1,clothing,clothes,2
clothing/clothes/clothes793.jpg,1,clothing,clothes,3
clothing/clothes/clothes4561.jpg,1,clothing,clothes,5
clothing/clothes/clothes1003.jpg,1,clothing,clothes,2
clothing/clothes/clothes209.jpg,1,clothing,clothes,3
clothing/clothes/clothes4022.jpg,1,clothing,clothes,3
clothing/clothes/clothes1819.jpg,1,clothing,clothes,4
clothing/clothes/clothes4422.jpg,1,clothing,clothes,2
clothing/clothes/clothes1714.jpg,1,clothing,clothes,3
clothing/clothes/clothes1770.jpg,1,clothing,clothes,2
clothing/clothes/clothes3158.jpg,1,clothing,clothes,2
clothing/clothes/clothes1856.jpg,1,clothing,clothes,2
clothing/clothes/clothes937.jpg,1,clothing,clothes,4
clothing/clothes/clothes2846.jpg,1,clothing,clothes,5
clothing/clothes/clothes1716.jpg,1,clothing,clothes,4
clothing/clothes/clothes5051.jpg,1,clothing,clothes,5
clothing/clothes/clothes2751.jpg,1,clothing,clothes,2
clothing/clothes/clothes2248.jpg,1,clothing,clothes,2
clothing/clothes/clothes4504.jpg,1,clothing,clothes,4
clothing/clothes/clothes1604.jpg,1,clothing,clothes,2
clothing/clothes/clothes2307.jpg,1,clothing,clothes,4
clothing/clothes/clothes2958.jpg,1,clothing,clothes,4
clothing/clothes/clothes4528.jpg,1,clothing,clothes,4
clothing/clothes/clothes2245.jpg,1,clothing,clothes,4
clothing/clothes/clothes3857.jpg,1,clothing,clothes,5
clothing/clothes/clothes509.jpg,1,clothing,clothes,2
clothing/clothes/clothes3498.jpg,1,clothing,clothes,3
clothing/clothes/clothes5103.jpg,1,clothing,clothes,4
clothing/clothes/clothes1520.jpg,1,clothing,clothes,3
clothing/clothes/clothes1523.jpg,1,clothing,clothes,2
clothing/clothes/clothes4988.jpg,1,clothing,clothes,2
clothing/clothes/clothes3992.jpg,1,clothing,clothes,5
clothing/clothes/clothes2379.jpg,1,clothing,clothes,3
clothing/clothes/clothes3904.jpg,1,clothing,clothes,5
clothing/clothes/clothes1852.jpg,1,clothing,clothes,2
clothing/clothes/clothes2729.jpg,1,clothing,clothes,3
clothing/clothes/clothes4372.jpg,1,clothing,clothes,3
clothing/clothes/clothes1970.jpg,1,clothing,clothes,2
clothing/clothes/clothes2221.jpg,1,clothing,clothes,2
clothing/clothes/clothes1219.jpg,1,clothing,clothes,2
clothing/clothes/clothes3748.jpg,1,clothing,clothes,3
clothing/clothes/clothes919.jpg,1,clothing,clothes,4
clothing/clothes/clothes2375.jpg,1,clothing,clothes,2
clothing/clothes/clothes2763.jpg,1,clothing,clothes,2
clothing/clothes/clothes5245.jpg,1,clothing,clothes,4
clothing/clothes/clothes1981.jpg,1,clothing,clothes,3
clothing/clothes/clothes5099.jpg,1,clothing,clothes,4
clothing/clothes/clothes3298.jpg,1,clothing,clothes,3
clothing/clothes/clothes4586.jpg,1,clothing,clothes,4
clothing/clothes/clothes5255.jpg,1,clothing,clothes,4
clothing/clothes/clothes1736.jpg,1,clothing,clothes,3
clothing/clothes/clothes440.jpg,1,clothing,clothes,4
clothing/clothes/clothes471.jpg,1,clothing,clothes,2
clothing/clothes/clothes2937.jpg,1,clothing,clothes,2
clothing/clothes/clothes1916.jpg,1,clothing,clothes,2
clothing/clothes/clothes4181.jpg,1,clothing,clothes,4
clothing/clothes/clothes329.jpg,1,clothing,clothes,4
clothing/clothes/clothes4606.jpg,1,clothing,clothes,5
clothing/clothes/clothes3027.jpg,1,clothing,clothes,5
clothing/clothes/clothes3393.jpg,1,clothing,clothes,2
clothing/clothes/clothes4259.jpg,1,clothing,clothes,2
clothing/clothes/clothes571.jpg,1,clothing,clothes,2
clothing/clothes/clothes4845.jpg,1,clothing,clothes,3
clothing/clothes/clothes1598.jpg,1,clothing,clothes,4
clothing/clothes/clothes4590.jpg,1,clothing,clothes,2
clothing/clothes/clothes3474.jpg,1,clothing,clothes,3
clothing/clothes/clothes761.jpg,1,clothing,clothes,3
clothing/clothes/clothes441.jpg,1,clothing,clothes,5
clothing/clothes/clothes1348.jpg,1,clothing,clothes,3
clothing/clothes/clothes4756.jpg,1,clothing,clothes,2
clothing/clothes/clothes1399.jpg,1,clothing,clothes,4
clothing/clothes/clothes13.jpg,1,clothing,clothes,3
clothing/clothes/clothes2855.jpg,1,clothing,clothes,5
clothing/clothes/clothes720.jpg,1,clothing,clothes,2
clothing/clothes/clothes4886.jpg,1,clothing,clothes,3
clothing/clothes/clothes2497.jpg,1,clothing,clothes,4
clothing/clothes/clothes78.jpg,1,clothing,clothes,2
clothing/clothes/clothes1902.jpg,1,clothing,clothes,2
clothing/clothes/clothes1305.jpg,1,clothing,clothes,4
clothing/clothes/clothes3745.jpg,1,clothing,clothes,5
clothing/clothes/clothes3788.jpg,1,clothing,clothes,3
clothing/clothes/clothes323.jpg,1,clothing,clothes,4
clothing/clothes/clothes537.jpg,1,clothing,clothes,2
clothing/clothes/clothes1705.jpg,1,clothing,clothes,4
clothing/clothes/clothes401.jpg,1,clothing,clothes,4
clothing/clothes/clothes719.jpg,1,clothing,clothes,4
clothing/clothes/clothes3615.jpg,1,clothing,clothes,5
clothing/clothes/clothes3919.jpg,1,clothing,clothes,5
clothing/clothes/clothes4520.jpg,1,clothing,clothes,4
clothing/clothes/clothes2867.jpg,1,clothing,clothes,2
clothing/clothes/clothes4739.jpg,1,clothing,clothes,2
clothing/clothes/clothes5321.jpg,1,clothing,clothes,2
clothing/clothes/clothes5318.jpg,1,clothing,clothes,5
clothing/clothes/clothes2368.jpg,1,clothing,clothes,3
clothing/clothes/clothes4985.jpg,1,clothing,clothes,2
clothing/clothes/clothes2083.jpg,1,clothing,clothes,2
clothing/clothes/clothes2607.jpg,1,clothing,clothes,5
clothing/clothes/clothes1961.jpg,1,clothing,clothes,4
clothing/clothes/clothes2227.jpg,1,clothing,clothes,2
clothing/clothes/clothes1053.jpg,1,clothing,clothes,2
clothing/clothes/clothes2637.jpg,1,clothing,clothes,3
clothing/clothes/clothes5149.jpg,1,clothing,clothes,3
clothing/clothes/clothes162.jpg,1,clothing,clothes,2
clothing/clothes/clothes4247.jpg,1,clothing,clothes,4
clothing/clothes/clothes656.jpg,1,clothing,clothes,3
clothing/clothes/clothes4430.jpg,1,clothing,clothes,3
clothing/clothes/clothes1317.jpg,1,clothing,clothes,2
clothing/clothes/clothes957.jpg,1,clothing,clothes,3
clothing/clothes/clothes2197.jpg,1,clothing,clothes,5
clothing/clothes/clothes60.jpg,1,clothing,clothes,2
clothing/clothes/clothes4129.jpg,1,clothing,clothes,4
clothing/clothes/clothes2655.jpg,1,clothing,clothes,4
clothing/clothes/clothes927.jpg,1,clothing,clothes,5
clothing/clothes/clothes1551.jpg,1,clothing,clothes,4
clothing/clothes/clothes2317.jpg,1,clothing,clothes,3
clothing/clothes/clothes4039.jpg,1,clothing,clothes,5
clothing/clothes/clothes2358.jpg,1,clothing,clothes,4
clothing/clothes/clothes4012.jpg,1,clothing,clothes,4
clothing/clothes/clothes1011.jpg,1,clothing,clothes,4
clothing/clothes/clothes791.jpg,1,clothing,clothes,2
clothing/clothes/clothes2506.jpg,1,clothing,clothes,3
clothing/clothes/clothes4932.jpg,1,clothing,clothes,2
clothing/clothes/clothes3077.jpg,1,clothing,clothes,5
clothing/clothes/clothes3495.jpg,1,clothing,clothes,5
clothing/clothes/clothes5029.jpg,1,clothing,clothes,2
clothing/clothes/clothes3654.jpg,1,clothing,clothes,4
clothing/clothes/clothes1041.jpg,1,clothing,clothes,3
clothing/clothes/clothes1641.jpg,1,clothing,clothes,2
clothing/clothes/clothes1781.jpg,1,clothing,clothes,2
clothing/clothes/clothes835.jpg,1,clothing,clothes,2
clothing/clothes/clothes1964.jpg,1,clothing,clothes,2
clothing/clothes/clothes3736.jpg,1,clothing,clothes,4
clothing/clothes/clothes272.jpg,1,clothing,clothes,3
clothing/clothes/clothes2562.jpg,1,clothing,clothes,5
clothing/clothes/clothes271.jpg,1,clothing,clothes,3
clothing/clothes/clothes241.jpg,1,clothing,clothes,4
clothing/clothes/clothes4478.jpg,1,clothing,clothes,5
clothing/clothes/clothes4511.jpg,1,clothing,clothes,3
clothing/clothes/clothes1958.jpg,1,clothing,clothes,4
clothing/clothes/clothes1496.jpg,1,clothing,clothes,4
clothing/clothes/clothes3624.jpg,1,clothing,clothes,4
clothing/clothes/clothes1884.jpg,1,clothing,clothes,3
clothing/clothes/clothes495.jpg,1,clothing,clothes,3
clothing/clothes/clothes2673.jpg,1,clothing,clothes,3
clothing/clothes/clothes3718.jpg,1,clothing,clothes,5
clothing/clothes/clothes3299.jpg,1,clothing,clothes,5
clothing/clothes/clothes3221.jpg,1,clothing,clothes,2
clothing/clothes/clothes1975.jpg,1,clothing,clothes,3
clothing/clothes/clothes4105.jpg,1,clothing,clothes,4
clothing/clothes/clothes200.jpg,1,clothing,clothes,3
clothing/clothes/clothes2269.jpg,1,clothing,clothes,2
clothing/clothes/clothes5086.jpg,1,clothing,clothes,2
clothing/clothes/clothes2579.jpg,1,clothing,clothes,2
clothing/clothes/clothes2621.jpg,1,clothing,clothes,5
clothing/clothes/clothes3140.jpg,1,clothing,clothes,4
clothing/clothes/clothes461.jpg,1,clothing,clothes,3
clothing/clothes/clothes3007.jpg,1,clothing,clothes,5
clothing/clothes/clothes3255.jpg,1,clothing,clothes,4
clothing/clothes/clothes286.jpg,1,clothing,clothes,2
clothing/clothes/clothes5053.jpg,1,clothing,clothes,3
clothing/clothes/clothes972.jpg,1,clothing,clothes,5
clothing/clothes/clothes4603.jpg,1,clothing,clothes,3
clothing/clothes/clothes3929.jpg,1,clothing,clothes,5
clothing/clothes/clothes1893.jpg,1,clothing,clothes,2
clothing/clothes/clothes3653.jpg,1,clothing,clothes,4
clothing/clothes/clothes3399.jpg,1,clothing,clothes,5
clothing/clothes/clothes2391.jpg,1,clothing,clothes,5
clothing/clothes/clothes3323.jpg,1,clothing,clothes,3
clothing/clothes/clothes4960.jpg,1,clothing,clothes,5
clothing/clothes/clothes3947.jpg,1,clothing,clothes,5
clothing/clothes/clothes3903.jpg,1,clothing,clothes,2
clothing/clothes/clothes1547.jpg,1,clothing,clothes,4
clothing/clothes/clothes4575.jpg,1,clothing,clothes,5
clothing/clothes/clothes4583.jpg,1,clothing,clothes,3
clothing/clothes/clothes216.jpg,1,clothing,clothes,2
clothing/clothes/clothes3985.jpg,1,clothing,clothes,4
clothing/clothes/clothes176.jpg,1,clothing,clothes,4
clothing/clothes/clothes4937.jpg,1,clothing,clothes,5
clothing/clothes/clothes3096.jpg,1,clothing,clothes,4
clothing/clothes/clothes856.jpg,1,clothing,clothes,5
clothing/clothes/clothes2106.jpg,1,clothing,clothes,5
clothing/clothes/clothes1034.jpg,1,clothing,clothes,5
clothing/clothes/clothes650.jpg,1,clothing,clothes,3
clothing/clothes/clothes4329.jpg,1,clothing,clothes,2
clothing/clothes/clothes681.jpg,1,clothing,clothes,2
clothing/clothes/clothes922.jpg,1,clothing,clothes,3
clothing/clothes/clothes3019.jpg,1,clothing,clothes,3
clothing/clothes/clothes529.jpg,1,clothing,clothes,4
clothing/clothes/clothes4065.jpg,1,clothing,clothes,4
clothing/clothes/clothes2688.jpg,1,clothing,clothes,4
clothing/clothes/clothes731.jpg,1,clothing,clothes,2
clothing/clothes/clothes1941.jpg,1,clothing,clothes,5
clothing/clothes/clothes4946.jpg,1,clothing,clothes,2
clothing/clothes/clothes1368.jpg,1,clothing,clothes,4
clothing/clothes/clothes3390.jpg,1,clothing,clothes,3
clothing/clothes/clothes2294.jpg,1,clothing,clothes,3
clothing/clothes/clothes1341.jpg,1,clothing,clothes,4
clothing/clothes/clothes2524.jpg,1,clothing,clothes,5
clothing/clothes/clothes596.jpg,1,clothing,clothes,4
clothing/clothes/clothes3933.jpg,1,clothing,clothes,3
clothing/clothes/clothes5162.jpg,1,clothing,clothes,2
clothing/clothes/clothes2050.jpg,1,clothing,clothes,2
clothing/clothes/clothes842.jpg,1,clothing,clothes,4
clothing/clothes/clothes3485.jpg,1,clothing,clothes,5
clothing/clothes/clothes1615.jpg,1,clothing,clothes,5
clothing/clothes/clothes3405.jpg,1,clothing,clothes,4
clothing/clothes/clothes1704.jpg,1,clothing,clothes,4
clothing/clothes/clothes4500.jpg,1,clothing,clothes,4
clothing/clothes/clothes875.jpg,1,clothing,clothes,5
clothing/clothes/clothes917.jpg,1,clothing,clothes,5
clothing/clothes/clothes2145.jpg,1,clothing,clothes,5
clothing/clothes/clothes2348.jpg,1,clothing,clothes,3
clothing/clothes/clothes84.jpg,1,clothing,clothes,2
clothing/clothes/clothes3076.jpg,1,clothing,clothes,2
clothing/clothes/clothes2835.jpg,1,clothing,clothes,4
clothing/clothes/clothes152.jpg,1,clothing,clothes,2
clothing/clothes/clothes2360.jpg,1,clothing,clothes,2
clothing/clothes/clothes2698.jpg,1,clothing,clothes,3
clothing/clothes/clothes1278.jpg,1,clothing,clothes,5
clothing/clothes/clothes448.jpg,1,clothing,clothes,2
clothing/clothes/clothes1334.jpg,1,clothing,clothes,2
clothing/clothes/clothes547.jpg,1,clothing,clothes,4
clothing/clothes/clothes1303.jpg,1,clothing,clothes,3
clothing/clothes/clothes760.jpg,1,clothing,clothes,3
clothing/clothes/clothes1501.jpg,1,clothing,clothes,3
clothing/clothes/clothes2233.jpg,1,clothing,clothes,2
clothing/clothes/clothes4050.jpg,1,clothing,clothes,3
clothing/clothes/clothes4213.jpg,1,clothing,clothes,4
clothing/clothes/clothes2206.jpg,1,clothing,clothes,3
clothing/clothes/clothes3781.jpg,1,clothing,clothes,2
clothing/clothes/clothes5209.jpg,1,clothing,clothes,5
clothing/clothes/clothes3817.jpg,1,clothing,clothes,3
clothing/clothes/clothes2488.jpg,1,clothing,clothes,5
clothing/clothes/clothes5176.jpg,1,clothing,clothes,5
clothing/clothes/clothes4905.jpg,1,clothing,clothes,3
clothing/clothes/clothes2265.jpg,1,clothing,clothes,4
clothing/clothes/clothes2677.jpg,1,clothing,clothes,5
clothing/clothes/clothes3575.jpg,1,clothing,clothes,5
clothing/clothes/clothes1441.jpg,1,clothing,clothes,3
clothing/clothes/clothes732.jpg,1,clothing,clothes,5
clothing/clothes/clothes1091.jpg,1,clothing,clothes,2
clothing/clothes/clothes771.jpg,1,clothing,clothes,4
clothing/clothes/clothes4042.jpg,1,clothing,clothes,5
clothing/clothes/clothes2974.jpg,1,clothing,clothes,2
clothing/clothes/clothes538.jpg,1,clothing,clothes,3
clothing/clothes/clothes662.jpg,1,clothing,clothes,4
clothing/clothes/clothes627.jpg,1,clothing,clothes,5
clothing/clothes/clothes3625.jpg,1,clothing,clothes,2
clothing/clothes/clothes4498.jpg,1,clothing,clothes,5
clothing/clothes/clothes4829.jpg,1,clothing,clothes,5
clothing/clothes/clothes3202.jpg,1,clothing,clothes,4
clothing/clothes/clothes2924.jpg,1,clothing,clothes,2
clothing/clothes/clothes1059.jpg,1,clothing,clothes,4
clothing/clothes/clothes3546.jpg,1,clothing,clothes,3
clothing/clothes/clothes4015.jpg,1,clothing,clothes,5
clothing/clothes/clothes700.jpg,1,clothing,clothes,3
clothing/clothes/clothes539.jpg,1,clothing,clothes,3
clothing/clothes/clothes4789.jpg,1,clothing,clothes,4
clothing/clothes/clothes1564.jpg,1,clothing,clothes,2
clothing/clothes/clothes3046.jpg,1,clothing,clothes,2
clothing/clothes/clothes3686.jpg,1,clothing,clothes,3
clothing/clothes/clothes815.jpg,1,clothing,clothes,3
clothing/clothes/clothes4431.jpg,1,clothing,clothes,2
clothing/clothes/clothes591.jpg,1,clothing,clothes,5
clothing/clothes/clothes3691.jpg,1,clothing,clothes,3
clothing/clothes/clothes2166.jpg,1,clothing,clothes,5
clothing/clothes/clothes1042.jpg,1,clothing,clothes,3
clothing/clothes/clothes2892.jpg,1,clothing,clothes,3
clothing/clothes/clothes2033.jpg,1,clothing,clothes,3
clothing/clothes/clothes4898.jpg,1,clothing,clothes,4
clothing/clothes/clothes1422.jpg,1,clothing,clothes,5
clothing/clothes/clothes2489.jpg,1,clothing,clothes,2
clothing/clothes/clothes560.jpg,1,clothing,clothes,3
clothing/clothes/clothes1253.jpg,1,clothing,clothes,5
clothing/clothes/clothes4116.jpg,1,clothing,clothes,3
clothing/clothes/clothes3868.jpg,1,clothing,clothes,3
clothing/clothes/clothes143.jpg,1,clothing,clothes,2
clothing/clothes/clothes5097.jpg,1,clothing,clothes,3
clothing/clothes/clothes3214.jpg,1,clothing,clothes,3
clothing/clothes/clothes4321.jpg,1,clothing,clothes,4
clothing/clothes/clothes576.jpg,1,clothing,clothes,4
clothing/clothes/clothes2838.jpg,1,clothing,clothes,5
clothing/clothes/clothes1653.jpg,1,clothing,clothes,3
clothing/clothes/clothes996.jpg,1,clothing,clothes,3
clothing/clothes/clothes4768.jpg,1,clothing,clothes,5
clothing/clothes/clothes1944.jpg,1,clothing,clothes,4
clothing/clothes/clothes4519.jpg,1,clothing,clothes,2
clothing/clothes/clothes1871.jpg,1,clothing,clothes,4
clothing/clothes/clothes2074.jpg,1,clothing,clothes,2
clothing/clothes/clothes1020.jpg,1,clothing,clothes,4
clothing/clothes/clothes2492.jpg,1,clothing,clothes,3
clothing/clothes/clothes5022.jpg,1,clothing,clothes,2
clothing/clothes/clothes95.jpg,1,clothing,clothes,2
clothing/clothes/clothes4624.jpg,1,clothing,clothes,3
clothing/clothes/clothes1104.jpg,1,clothing,clothes,3
clothing/clothes/clothes2005.jpg,1,clothing,clothes,4
clothing/clothes/clothes106.jpg,1,clothing,clothes,5
clothing/clothes/clothes2449.jpg,1,clothing,clothes,2
clothing/clothes/clothes192.jpg,1,clothing,clothes,4
clothing/clothes/clothes2968.jpg,1,clothing,clothes,5
clothing/clothes/clothes2820.jpg,1,clothing,clothes,2
clothing/clothes/clothes4314.jpg,1,clothing,clothes,2
clothing/clothes/clothes4310.jpg,1,clothing,clothes,3
clothing/clothes/clothes3160.jpg,1,clothing,clothes,4
clothing/clothes/clothes4680.jpg,1,clothing,clothes,2
clothing/clothes/clothes1234.jpg,1,clothing,clothes,3
clothing/clothes/clothes4137.jpg,1,clothing,clothes,2
clothing/clothes/clothes965.jpg,1,clothing,clothes,5
clothing/clothes/clothes1620.jpg,1,clothing,clothes,5
clothing/clothes/clothes485.jpg,1,clothing,clothes,5
clothing/clothes/clothes4834.jpg,1,clothing,clothes,5
clothing/clothes/clothes2700.jpg,1,clothing,clothes,2
clothing/clothes/clothes3111.jpg,1,clothing,clothes,3
clothing/clothes/clothes2523.jpg,1,clothing,clothes,3
clothing/clothes/clothes4491.jpg,1,clothing,clothes,4
clothing/clothes/clothes491.jpg,1,clothing,clothes,5
clothing/clothes/clothes430.jpg,1,clothing,clothes,3
clothing/clothes/clothes32.jpg,1,clothing,clothes,3
clothing/clothes/clothes4386.jpg,1,clothing,clothes,4
clothing/clothes/clothes3848.jpg,1,clothing,clothes,5
clothing/clothes/clothes250.jpg,1,clothing,clothes,4
clothing/clothes/clothes785.jpg,1,clothing,clothes,5
clothing/clothes/clothes3001.jpg,1,clothing,clothes,4
clothing/clothes/clothes2757.jpg,1,clothing,clothes,3
clothing/clothes/clothes2980.jpg,1,clothing,clothes,3
clothing/clothes/clothes4070.jpg,1,clothing,clothes,4
clothing/clothes/clothes4820.jpg,1,clothing,clothes,4
clothing/clothes/clothes398.jpg,1,clothing,clothes,5
clothing/clothes/clothes2274.jpg,1,clothing,clothes,4
clothing/clothes/clothes1532.jpg,1,clothing,clothes,4
clothing/clothes/clothes1912.jpg,1,clothing,clothes,4
clothing/clothes/clothes4521.jpg,1,clothing,clothes,3
clothing/clothes/clothes4060.jpg,1,clothing,clothes,2
clothing/clothes/clothes425.jpg,1,clothing,clothes,5
clothing/clothes/clothes4969.jpg,1,clothing,clothes,2
clothing/clothes/clothes3237.jpg,1,clothing,clothes,5
clothing/clothes/clothes3522.jpg,1,clothing,clothes,4
clothing/clothes/clothes5.jpg,1,clothing,clothes,2
clothing/clothes/clothes790.jpg,1,clothing,clothes,3
clothing/clothes/clothes1013.jpg,1,clothing,clothes,4
clothing/clothes/clothes4903.jpg,1,clothing,clothes,2
clothing/clothes/clothes115.jpg,1,clothing,clothes,4
clothing/clothes/clothes4380.jpg,1,clothing,clothes,4
clothing/clothes/clothes3493.jpg,1,clothing,clothes,3
clothing/clothes/clothes3747.jpg,1,clothing,clothes,5
clothing/clothes/clothes1759.jpg,1,clothing,clothes,3
clothing/clothes/clothes533.jpg,1,clothing,clothes,3
clothing/clothes/clothes3753.jpg,1,clothing,clothes,2
clothing/clothes/clothes2692.jpg,1,clothing,clothes,2
clothing/clothes/clothes718.jpg,1,clothing,clothes,5
clothing/clothes/clothes984.jpg,1,clothing,clothes,2
clothing/clothes/clothes1959.jpg,1,clothing,clothes,5
clothing/clothes/clothes1752.jpg,1,clothing,clothes,3
clothing/clothes/clothes2679.jpg,1,clothing,clothes,4
clothing/clothes/clothes215.jpg,1,clothing,clothes,2
clothing/clothes/clothes4254.jpg,1,clothing,clothes,3
clothing/clothes/clothes4083.jpg,1,clothing,clothes,3
clothing/clothes/clothes3279.jpg,1,clothing,clothes,4
clothing/clothes/clothes3759.jpg,1,clothing,clothes,5
clothing/clothes/clothes1240.jpg,1,clothing,clothes,2
clothing/clothes/clothes1213.jpg,1,clothing,clothes,4
clothing/clothes/clothes3296.jpg,1,clothing,clothes,5
clothing/clothes/clothes1522.jpg,1,clothing,clothes,3
clothing/clothes/clothes321.jpg,1,clothing,clothes,3
clothing/clothes/clothes1673.jpg,1,clothing,clothes,3
clothing/clothes/clothes1406.jpg,1,clothing,clothes,3
clothing/clothes/clothes3480.jpg,1,clothing,clothes,4
clothing/clothes/clothes2532.jpg,1,clothing,clothes,4
clothing/clothes/clothes2959.jpg,1,clothing,clothes,2
clothing/clothes/clothes3355.jpg,1,clothing,clothes,2
clothing/clothes/clothes1509.jpg,1,clothing,clothes,5
clothing/clothes/clothes2138.jpg,1,clothing,clothes,4
clothing/clothes/clothes5236.jpg,1,clothing,clothes,3
clothing/clothes/clothes5323.jpg,1,clothing,clothes,5
clothing/clothes/clothes3004.jpg,1,clothing,clothes,4
clothing/clothes/clothes1827.jpg,1,clothing,clothes,5
clothing/clothes/clothes3365.jpg,1,clothing,clothes,2
clothing/clothes/clothes3388.jpg,1,clothing,clothes,5
clothing/clothes/clothes3614.jpg,1,clothing,clothes,4
clothing/clothes/clothes3220.jpg,1,clothing,clothes,5
clothing/clothes/clothes2726.jpg,1,clothing,clothes,4
clothing/clothes/clothes4644.jpg,1,clothing,clothes,3
clothing/clothes/clothes1558.jpg,1,clothing,clothes,2
clothing/clothes/clothes5187.jpg,1,clothing,clothes,3
clothing/clothes/clothes2721.jpg,1,clothing,clothes,3
clothing/clothes/clothes1267.jpg,1,clothing,clothes,4
clothing/clothes/clothes4375.jpg,1,clothing,clothes,3
clothing/clothes/clothes69.jpg,1,clothing,clothes,2
clothing/clothes/clothes1218.jpg,1,clothing,clothes,4
clothing/clothes/clothes4322.jpg,1,clothing,clothes,5
clothing/clothes/clothes4986.jpg,1,clothing,clothes,3
clothing/clothes/clothes1966.jpg,1,clothing,clothes,5
clothing/clothes/clothes3979.jpg,1,clothing,clothes,4
clothing/clothes/clothes1216.jpg,1,clothing,clothes,3
clothing/clothes/clothes1613.jpg,1,clothing,clothes,5
clothing/clothes/clothes2159.jpg,1,clothing,clothes,4
clothing/clothes/clothes5049.jpg,1,clothing,clothes,3
clothing/clothes/clothes2251.jpg,1,clothing,clothes,4
clothing/clothes/clothes1664.jpg,1,clothing,clothes,3
clothing/clothes/clothes3622.jpg,1,clothing,clothes,5
clothing/clothes/clothes444.jpg,1,clothing,clothes,5
clothing/clothes/clothes4741.jpg,1,clothing,clothes,3
clothing/clothes/clothes4968.jpg,1,clothing,clothes,2
clothing/clothes/clothes39.jpg,1,clothing,clothes,3
clothing/clothes/clothes4041.jpg,1,clothing,clothes,2
clothing/clothes/clothes4257.jpg,1,clothing,clothes,3
clothing/clothes/clothes4913.jpg,1,clothing,clothes,5
clothing/clothes/clothes372.jpg,1,clothing,clothes,2
clothing/clothes/clothes974.jpg,1,clothing,clothes,3
clothing/clothes/clothes326.jpg,1,clothing,clothes,2
clothing/clothes/clothes2747.jpg,1,clothing,clothes,3
clothing/clothes/clothes2446.jpg,1,clothing,clothes,5
clothing/clothes/clothes2192.jpg,1,clothing,clothes,5
clothing/clothes/clothes622.jpg,1,clothing,clothes,4
clothing/clothes/clothes2049.jpg,1,clothing,clothes,5
clothing/clothes/clothes1205.jpg,1,clothing,clothes,3
clothing/clothes/clothes1903.jpg,1,clothing,clothes,5
clothing/clothes/clothes1377.jpg,1,clothing,clothes,4
clothing/clothes/clothes3005.jpg,1,clothing,clothes,5
clothing/clothes/clothes1761.jpg,1,clothing,clothes,3
clothing/clothes/clothes201.jpg,1,clothing,clothes,4
clothing/clothes/clothes4357.jpg,1,clothing,clothes,3
clothing/clothes/clothes1126.jpg,1,clothing,clothes,4
clothing/clothes/clothes1194.jpg,1,clothing,clothes,3
clothing/clothes/clothes402.jpg,1,clothing,clothes,3
clothing/clothes/clothes2325.jpg,1,clothing,clothes,5
clothing/clothes/clothes2651.jpg,1,clothing,clothes,4
clothing/clothes/clothes1337.jpg,1,clothing,clothes,3
clothing/clothes/clothes3208.jpg,1,clothing,clothes,3
clothing/clothes/clothes5211.jpg,1,clothing,clothes,3
clothing/clothes/clothes673.jpg,1,clothing,clothes,2
clothing/clothes/clothes2236.jpg,1,clothing,clothes,3
clothing/clothes/clothes4518.jpg,1,clothing,clothes,5
clothing/clothes/clothes5243.jpg,1,clothing,clothes,3
clothing/clothes/clothes3938.jpg,1,clothing,clothes,4
clothing/clothes/clothes2009.jpg,1,clothing,clothes,2
clothing/clothes/clothes1304.jpg,1,clothing,clothes,2
clothing/clothes/clothes4653.jpg,1,clothing,clothes,5
clothing/clothes/clothes620.jpg,1,clothing,clothes,3
clothing/clothes/clothes3322.jpg,1,clothing,clothes,5
clothing/clothes/clothes4743.jpg,1,clothing,clothes,5
clothing/clothes/clothes4676.jpg,1,clothing,clothes,3
clothing/clothes/clothes4036.jpg,1,clothing,clothes,4
clothing/clothes/clothes4394.jpg,1,clothing,clothes,3
clothing/clothes/clothes3307.jpg,1,clothing,clothes,5
clothing/clothes/clothes4594.jpg,1,clothing,clothes,4
clothing/clothes/clothes1700.jpg,1,clothing,clothes,2
clothing/clothes/clothes4236.jpg,1,clothing,clothes,5
clothing/clothes/clothes2950.jpg,1,clothing,clothes,4
clothing/clothes/clothes1734.jpg,1,clothing,clothes,5
clothing/clothes/clothes2589.jpg,1,clothing,clothes,3
clothing/clothes/clothes1892.jpg,1,clothing,clothes,5
clothing/clothes/clothes2540.jpg,1,clothing,clothes,3
clothing/clothes/clothes2475.jpg,1,clothing,clothes,4
clothing/clothes/clothes1891.jpg,1,clothing,clothes,5
clothing/clothes/clothes4512.jpg,1,clothing,clothes,5
clothing/clothes/clothes3577.jpg,1,clothing,clothes,4
clothing/clothes/clothes2718.jpg,1,clothing,clothes,4
clothing/clothes/clothes5011.jpg,1,clothing,clothes,5
clothing/clothes/clothes3561.jpg,1,clothing,clothes,3
clothing/clothes/clothes2093.jpg,1,clothing,clothes,5
clothing/clothes/clothes4517.jpg,1,clothing,clothes,5
clothing/clothes/clothes1134.jpg,1,clothing,clothes,3
clothing/clothes/clothes255.jpg,1,clothing,clothes,4
clothing/clothes/clothes3792.jpg,1,clothing,clothes,4
clothing/clothes/clothes3176.jpg,1,clothing,clothes,2
clothing/clothes/clothes258.jpg,1,clothing,clothes,3
clothing/clothes/clothes1789.jpg,1,clothing,clothes,5
clothing/clothes/clothes940.jpg,1,clothing,clothes,2
clothing/clothes/clothes4275.jpg,1,clothing,clothes,4
clothing/clothes/clothes3430.jpg,1,clothing,clothes,2
clothing/clothes/clothes1313.jpg,1,clothing,clothes,5
clothing/clothes/clothes3481.jpg,1,clothing,clothes,2
clothing/clothes/clothes1475.jpg,1,clothing,clothes,3
clothing/clothes/clothes2280.jpg,1,clothing,clothes,3
clothing/clothes/clothes5015.jpg,1,clothing,clothes,3
clothing/clothes/clothes1110.jpg,1,clothing,clothes,4
clothing/clothes/clothes3822.jpg,1,clothing,clothes,5
clothing/clothes/clothes4025.jpg,1,clothing,clothes,3
clothing/clothes/clothes652.jpg,1,clothing,clothes,5
clothing/clothes/clothes3940.jpg,1,clothing,clothes,3
clothing/clothes/clothes3530.jpg,1,clothing,clothes,2
clothing/clothes/clothes2336.jpg,1,clothing,clothes,3
clothing/clothes/clothes3383.jpg,1,clothing,clothes,4
clothing/clothes/clothes3774.jpg,1,clothing,clothes,4
clothing/clothes/clothes5262.jpg,1,clothing,clothes,2
clothing/clothes/clothes3293.jpg,1,clothing,clothes,2
clothing/clothes/clothes3125.jpg,1,clothing,clothes,2
clothing/clothes/clothes3172.jpg,1,clothing,clothes,3
clothing/clothes/clothes275.jpg,1,clothing,clothes,3
clothing/clothes/clothes4384.jpg,1,clothing,clothes,2
clothing/clothes/clothes141.jpg,1,clothing,clothes,2
clothing/clothes/clothes4831.jpg,1,clothing,clothes,5
clothing/clothes/clothes1973.jpg,1,clothing,clothes,4
clothing/clothes/clothes3325.jpg,1,clothing,clothes,5
clothing/clothes/clothes964.jpg,1,clothing,clothes,2
clothing/clothes/clothes1521.jpg,1,clothing,clothes,5
clothing/clothes/clothes4424.jpg,1,clothing,clothes,5
clothing/clothes/clothes7.jpg,1,clothing,clothes,5
clothing/clothes/clothes3997.jpg,1,clothing,clothes,5
clothing/clothes/clothes2671.jpg,1,clothing,clothes,2
clothing/clothes/clothes4918.jpg,1,clothing,clothes,5
clothing/clothes/clothes3350.jpg,1,clothing,clothes,2
clothing/clothes/clothes3090.jpg,1,clothing,clothes,2
clothing/clothes/clothes636.jpg,1,clothing,clothes,5
clothing/clothes/clothes597.jpg,1,clothing,clothes,4
clothing/clothes/clothes3066.jpg,1,clothing,clothes,5
clothing/clothes/clothes5264.jpg,1,clothing,clothes,5
clothing/clothes/clothes4885.jpg,1,clothing,clothes,4
clothing/clothes/clothes952.jpg,1,clothing,clothes,3
clothing/clothes/clothes247.jpg,1,clothing,clothes,2
clothing/clothes/clothes3180.jpg,1,clothing,clothes,3
clothing/clothes/clothes1327.jpg,1,clothing,clothes,3
clothing/clothes/clothes1001.jpg,1,clothing,clothes,4
clothing/clothes/clothes3851.jpg,1,clothing,clothes,5
clothing/clothes/clothes845.jpg,1,clothing,clothes,2
clothing/clothes/clothes4647.jpg,1,clothing,clothes,2
clothing/clothes/clothes2119.jpg,1,clothing,clothes,2
clothing/clothes/clothes5013.jpg,1,clothing,clothes,4
clothing/clothes/clothes1332.jpg,1,clothing,clothes,4
clothing/clothes/clothes959.jpg,1,clothing,clothes,3
clothing/clothes/clothes4508.jpg,1,clothing,clothes,2
clothing/clothes/clothes1199.jpg,1,clothing,clothes,2
clothing/clothes/clothes369.jpg,1,clothing,clothes,5
clothing/clothes/clothes4161.jpg,1,clothing,clothes,2
clothing/clothes/clothes2043.jpg,1,clothing,clothes,2
clothing/clothes/clothes4656.jpg,1,clothing,clothes,3
clothing/clothes/clothes2903.jpg,1,clothing,clothes,4
clothing/clothes/clothes5144.jpg,1,clothing,clothes,4
clothing/clothes/clothes4026.jpg,1,clothing,clothes,4
clothing/clothes/clothes3375.jpg,1,clothing,clothes,3
clothing/clothes/clothes2894.jpg,1,clothing,clothes,4
clothing/clothes/clothes1879.jpg,1,clothing,clothes,3
clothing/clothes/clothes5118.jpg,1,clothing,clothes,2
clothing/clothes/clothes4152.jpg,1,clothing,clothes,4
clothing/clothes/clothes997.jpg,1,clothing,clothes,5
clothing/clothes/clothes5114.jpg,1,clothing,clothes,3
clothing/clothes/clothes3910.jpg,1,clothing,clothes,5
clothing/clothes/clothes4748.jpg,1,clothing,clothes,2
clothing/clothes/clothes311.jpg,1,clothing,clothes,3
clothing/clothes/clothes4435.jpg,1,clothing,clothes,5
clothing/clothes/clothes3999.jpg,1,clothing,clothes,5
clothing/clothes/clothes4869.jpg,1,clothing,clothes,2
clothing/clothes/clothes1870.jpg,1,clothing,clothes,4
clothing/clothes/clothes960.jpg,1,clothing,clothes,3
clothing/clothes/clothes2808.jpg,1,clothing,clothes,2
clothing/clothes/clothes3423.jpg,1,clothing,clothes,5
clothing/clothes/clothes4808.jpg,1,clothing,clothes,5
clothing/clothes/clothes1049.jpg,1,clothing,clothes,3
clothing/clothes/clothes1272.jpg,1,clothing,clothes,3
clothing/clothes/clothes2157.jpg,1,clothing,clothes,3
clothing/clothes/clothes3248.jpg,1,clothing,clothes,4
clothing/clothes/clothes2978.jpg,1,clothing,clothes,5
clothing/clothes/clothes1093.jpg,1,clothing,clothes,5
clothing/clothes/clothes930.jpg,1,clothing,clothes,2
clothing/clothes/clothes3229.jpg,1,clothing,clothes,5
clothing/clothes/clothes3541.jpg,1,clothing,clothes,3
clothing/clothes/clothes1119.jpg,1,clothing,clothes,3
clothing/clothes/clothes3081.jpg,1,clothing,clothes,5
clothing/clothes/clothes4483.jpg,1,clothing,clothes,4
clothing/clothes/clothes4438.jpg,1,clothing,clothes,2
clothing/clothes/clothes4795.jpg,1,clothing,clothes,3
clothing/clothes/clothes3585.jpg,1,clothing,clothes,3
clothing/clothes/clothes5242.jpg,1,clothing,clothes,4
clothing/clothes/clothes74.jpg,1,clothing,clothes,4
clothing/clothes/clothes268.jpg,1,clothing,clothes,2
clothing/clothes/clothes1359.jpg,1,clothing,clothes,2
clothing/clothes/clothes249.jpg,1,clothing,clothes,4
clothing/clothes/clothes1583.jpg,1,clothing,clothes,4
clothing/clothes/clothes704.jpg,1,clothing,clothes,3
clothing/clothes/clothes2466.jpg,1,clothing,clothes,2
clothing/clothes/clothes2244.jpg,1,clothing,clothes,4
clothing/clothes/clothes4610.jpg,1,clothing,clothes,4
clothing/clothes/clothes3714.jpg,1,clothing,clothes,5
clothing/clothes/clothes574.jpg,1,clothing,clothes,4
clothing/clothes/clothes3908.jpg,1,clothing,clothes,5
clothing/clothes/clothes3583.jpg,1,clothing,clothes,3
clothing/clothes/clothes4930.jpg,1,clothing,clothes,4
clothing/clothes/clothes4456.jpg,1,clothing,clothes,4
clothing/clothes/clothes4762.jpg,1,clothing,clothes,3
clothing/clothes/clothes1828.jpg,1,clothing,clothes,2
clothing/clothes/clothes2620.jpg,1,clothing,clothes,2
clothing/clothes/clothes1631.jpg,1,clothing,clothes,2
clothing/clothes/clothes4032.jpg,1,clothing,clothes,5
clothing/clothes/clothes1837.jpg,1,clothing,clothes,5
clothing/clothes/clothes4376.jpg,1,clothing,clothes,3
clothing/clothes/clothes2898.jpg,1,clothing,clothes,4
clothing/clothes/clothes2312.jpg,1,clothing,clothes,5
clothing/clothes/clothes4725.jpg,1,clothing,clothes,3
clothing/clothes/clothes170.jpg,1,clothing,clothes,2
clothing/clothes/clothes3559.jpg,1,clothing,clothes,5
clothing/clothes/clothes4839.jpg,1,clothing,clothes,4
clothing/clothes/clothes2805.jpg,1,clothing,clothes,5
clothing/clothes/clothes4925.jpg,1,clothing,clothes,2
clothing/clothes/clothes348.jpg,1,clothing,clothes,2
clothing/clothes/clothes4513.jpg,1,clothing,clothes,5
clothing/clothes/clothes4640.jpg,1,clothing,clothes,4
clothing/clothes/clothes4166.jpg,1,clothing,clothes,4
clothing/clothes/clothes4190.jpg,1,clothing,clothes,5
clothing/clothes/clothes3611.jpg,1,clothing,clothes,3
clothing/clothes/clothes2837.jpg,1,clothing,clothes,2
clothing/clothes/clothes4564.jpg,1,clothing,clothes,2
clothing/clothes/clothes2189.jpg,1,clothing,clothes,3
clothing/clothes/clothes3320.jpg,1,clothing,clothes,4
clothing/clothes/clothes2263.jpg,1,clothing,clothes,4
clothing/clothes/clothes4763.jpg,1,clothing,clothes,3
clothing/clothes/clothes1561.jpg,1,clothing,clothes,2
clothing/clothes/clothes4178.jpg,1,clothing,clothes,3
clothing/clothes/clothes3704.jpg,1,clothing,clothes,5
clothing/clothes/clothes3524.jpg,1,clothing,clothes,3
clothing/clothes/clothes3420.jpg,1,clothing,clothes,2
clothing/clothes/clothes1557.jpg,1,clothing,clothes,2
clothing/clothes/clothes551.jpg,1,clothing,clothes,4
clothing/clothes/clothes2610.jpg,1,clothing,clothes,2
clothing/clothes/clothes1386.jpg,1,clothing,clothes,5
clothing/clothes/clothes3550.jpg,1,clothing,clothes,5
clothing/clothes/clothes1930.jpg,1,clothing,clothes,3
clothing/clothes/clothes4319.jpg,1,clothing,clothes,3
clothing/clothes/clothes2395.jpg,1,clothing,clothes,5
clothing/clothes/clothes396.jpg,1,clothing,clothes,2
clothing/clothes/clothes861.jpg,1,clothing,clothes,2
clothing/clothes/clothes5048.jpg,1,clothing,clothes,3
clothing/clothes/clothes2957.jpg,1,clothing,clothes,5
clothing/clothes/clothes3928.jpg,1,clothing,clothes,4
clothing/clothes/clothes2942.jpg,1,clothing,clothes,3
clothing/clothes/clothes4155.jpg,1,clothing,clothes,4
clothing/clothes/clothes5045.jpg,1,clothing,clothes,3
clothing/clothes/clothes2956.jpg,1,clothing,clothes,2
clothing/clothes/clothes3726.jpg,1,clothing,clothes,4
clothing/clothes/clothes3168.jpg,1,clothing,clothes,2
clothing/clothes/clothes3433.jpg,1,clothing,clothes,5
clothing/clothes/clothes1127.jpg,1,clothing,clothes,5
clothing/clothes/clothes1375.jpg,1,clothing,clothes,3
clothing/clothes/clothes4879.jpg,1,clothing,clothes,4
clothing/clothes/clothes120.jpg,1,clothing,clothes,2
clothing/clothes/clothes3171.jpg,1,clothing,clothes,3
clothing/clothes/clothes2528.jpg,1,clothing,clothes,2
clothing/clothes/clothes3829.jpg,1,clothing,clothes,4
clothing/clothes/clothes379.jpg,1,clothing,clothes,2
clothing/clothes/clothes277.jpg,1,clothing,clothes,5
clothing/clothes/clothes2912.jpg,1,clothing,clothes,4
clothing/clothes/clothes2034.jpg,1,clothing,clothes,4
clothing/clothes/clothes655.jpg,1,clothing,clothes,3
clothing/clothes/clothes269.jpg,1,clothing,clothes,2
clothing/clothes/clothes523.jpg,1,clothing,clothes,2
clothing/clothes/clothes1201.jpg,1,clothing,clothes,3
clothing/clothes/clothes3408.jpg,1,clothing,clothes,3
clothing/clothes/clothes57.jpg,1,clothing,clothes,3
clothing/clothes/clothes4552.jpg,1,clothing,clothes,5
clothing/clothes/clothes37.jpg,1,clothing,clothes,3
clothing/clothes/clothes349.jpg,1,clothing,clothes,3
clothing/clothes/clothes4524.jpg,1,clothing,clothes,4
clothing/clothes/clothes1262.jpg,1,clothing,clothes,4
clothing/clothes/clothes3665.jpg,1,clothing,clothes,3
clothing/clothes/clothes737.jpg,1,clothing,clothes,3
clothing/clothes/clothes1527.jpg,1,clothing,clothes,2
clothing/clothes/clothes3045.jpg,1,clothing,clothes,2
clothing/clothes/clothes494.jpg,1,clothing,clothes,5
clothing/clothes/clothes1618.jpg,1,clothing,clothes,5
clothing/clothes/clothes2137.jpg,1,clothing,clothes,2
clothing/clothes/clothes1621.jpg,1,clothing,clothes,4
clothing/clothes/clothes2777.jpg,1,clothing,clothes,2
clothing/clothes/clothes5080.jpg,1,clothing,clothes,4
clothing/clothes/clothes1372.jpg,1,clothing,clothes,3
clothing/clothes/clothes3141.jpg,1,clothing,clothes,5
clothing/clothes/clothes2634.jpg,1,clothing,clothes,4
clothing/clothes/clothes1392.jpg,1,clothing,clothes,3
clothing/clothes/clothes4876.jpg,1,clothing,clothes,4
clothing/clothes/clothes1352.jpg,1,clothing,clothes,2
clothing/clothes/clothes108.jpg,1,clothing,clothes,4
clothing/clothes/clothes4495.jpg,1,clothing,clothes,5
clothing/clothes/clothes2410.jpg,1,clothing,clothes,3
clothing/clothes/clothes3283.jpg,1,clothing,clothes,5
clothing/clothes/clothes4669.jpg,1,clothing,clothes,5
clothing/clothes/clothes3194.jpg,1,clothing,clothes,2
clothing/clothes/clothes2845.jpg,1,clothing,clothes,4
clothing/clothes/clothes2997.jpg,1,clothing,clothes,5
clothing/clothes/clothes1249.jpg,1,clothing,clothes,2
clothing/clothes/clothes5320.jpg,1,clothing,clothes,4
clothing/clothes/clothes405.jpg,1,clothing,clothes,3
clothing/clothes/clothes3922.jpg,1,clothing,clothes,5
clothing/clothes/clothes317.jpg,1,clothing,clothes,5
clothing/clothes/clothes1289.jpg,1,clothing,clothes,5
clothing/clothes/clothes4142.jpg,1,clothing,clothes,3
clothing/clothes/clothes5164.jpg,1,clothing,clothes,4
clothing/clothes/clothes4279.jpg,1,clothing,clothes,4
clothing/clothes/clothes2954.jpg,1,clothing,clothes,5
clothing/clothes/clothes5282.jpg,1,clothing,clothes,5
clothing/clothes/clothes3163.jpg,1,clothing,clothes,4
clothing/clothes/clothes1814.jpg,1,clothing,clothes,2
clothing/clothes/clothes1666.jpg,1,clothing,clothes,5
clothing/clothes/clothes868.jpg,1,clothing,clothes,4
clothing/clothes/clothes723.jpg,1,clothing,clothes,3
clothing/clothes/clothes3936.jpg,1,clothing,clothes,2
clothing/clothes/clothes2871.jpg,1,clothing,clothes,3
clothing/clothes/clothes792.jpg,1,clothing,clothes,3
clothing/clothes/clothes3187.jpg,1,clothing,clothes,5
clothing/clothes/clothes2281.jpg,1,clothing,clothes,4
clothing/clothes/clothes105.jpg,1,clothing,clothes,2
clothing/clothes/clothes2587.jpg,1,clothing,clothes,3
clothing/clothes/clothes383.jpg,1,clothing,clothes,5
clothing/clothes/clothes1875.jpg,1,clothing,clothes,3
clothing/clothes/clothes2844.jpg,1,clothing,clothes,2
clothing/clothes/clothes2702.jpg,1,clothing,clothes,3
clothing/clothes/clothes1502.jpg,1,clothing,clothes,5
clothing/clothes/clothes3428.jpg,1,clothing,clothes,5
clothing/clothes/clothes148.jpg,1,clothing,clothes,5
clothing/clothes/clothes5069.jpg,1,clothing,clothes,2
clothing/clothes/clothes1688.jpg,1,clothing,clothes,4
clothing/clothes/clothes150.jpg,1,clothing,clothes,3
clothing/clothes/clothes4242.jpg,1,clothing,clothes,5
clothing/clothes/clothes4343.jpg,1,clothing,clothes,3
clothing/clothes/clothes2759.jpg,1,clothing,clothes,3
clothing/clothes/clothes361.jpg,1,clothing,clothes,3
clothing/clothes/clothes123.jpg,1,clothing,clothes,3
clothing/clothes/clothes2223.jpg,1,clothing,clothes,3
clothing/clothes/clothes63.jpg,1,clothing,clothes,3
clothing/clothes/clothes4996.jpg,1,clothing,clothes,4
clothing/clothes/clothes1526.jpg,1,clothing,clothes,2
clothing/clothes/clothes2705.jpg,1,clothing,clothes,4
clothing/clothes/clothes572.jpg,1,clothing,clothes,5
clothing/clothes/clothes2161.jpg,1,clothing,clothes,2
clothing/clothes/clothes1231.jpg,1,clothing,clothes,4
clothing/clothes/clothes1595.jpg,1,clothing,clothes,3
clothing/clothes/clothes3455.jpg,1,clothing,clothes,3
clothing/clothes/clothes3073.jpg,1,clothing,clothes,3
clothing/clothes/clothes3974.jpg,1,clothing,clothes,4
clothing/clothes/clothes2026.jpg,1,clothing,clothes,3
clothing/clothes/clothes1746.jpg,1,clothing,clothes,4
clothing/clothes/clothes4490.jpg,1,clothing,clothes,5
clothing/clothes/clothes2563.jpg,1,clothing,clothes,2
clothing/clothes/clothes1529.jpg,1,clothing,clothes,2
clothing/clothes/clothes512.jpg,1,clothing,clothes,5
clothing/clothes/clothes3783.jpg,1,clothing,clothes,4
clothing/clothes/clothes2377.jpg,1,clothing,clothes,5
clothing/clothes/clothes2246.jpg,1,clothing,clothes,4
clothing/clothes/clothes3166.jpg,1,clothing,clothes,5
clothing/clothes/clothes728.jpg,1,clothing,clothes,2
clothing/clothes/clothes358.jpg,1,clothing,clothes,4
clothing/clothes/clothes4821.jpg,1,clothing,clothes,2
clothing/clothes/clothes804.jpg,1,clothing,clothes,5
clothing/clothes/clothes5317.jpg,1,clothing,clothes,2
clothing/clothes/clothes2115.jpg,1,clothing,clothes,3
clothing/clothes/clothes991.jpg,1,clothing,clothes,3
clothing/clothes/clothes5039.jpg,1,clothing,clothes,3
clothing/clothes/clothes102.jpg,1,clothing,clothes,3
clothing/clothes/clothes5009.jpg,1,clothing,clothes,2
clothing/clothes/clothes3098.jpg,1,clothing,clothes,5
clothing/clothes/clothes5139.jpg,1,clothing,clothes,4
clothing/clothes/clothes2211.jpg,1,clothing,clothes,4
clothing/clothes/clothes3907.jpg,1,clothing,clothes,5
clothing/clothes/clothes4554.jpg,1,clothing,clothes,5
clothing/clothes/clothes3942.jpg,1,clothing,clothes,5
clothing/clothes/clothes3008.jpg,1,clothing,clothes,2
clothing/clothes/clothes112.jpg,1,clothing,clothes,3
clothing/clothes/clothes3402.jpg,1,clothing,clothes,3
clothing/clothes/clothes1889.jpg,1,clothing,clothes,4
clothing/clothes/clothes4301.jpg,1,clothing,clothes,4
clothing/clothes/clothes457.jpg,1,clothing,clothes,3
clothing/clothes/clothes862.jpg,1,clothing,clothes,2
clothing/clothes/clothes2989.jpg,1,clothing,clothes,3
clothing/clothes/clothes4278.jpg,1,clothing,clothes,5
clothing/clothes/clothes3649.jpg,1,clothing,clothes,3
clothing/clothes/clothes4849.jpg,1,clothing,clothes,2
clothing/clothes/clothes2319.jpg,1,clothing,clothes,3
clothing/clothes/clothes4346.jpg,1,clothing,clothes,5
clothing/clothes/clothes363.jpg,1,clothing,clothes,2
clothing/clothes/clothes3025.jpg,1,clothing,clothes,3
clothing/clothes/clothes3088.jpg,1,clothing,clothes,4
clothing/clothes/clothes341.jpg,1,clothing,clothes,4
clothing/clothes/clothes3893.jpg,1,clothing,clothes,4
clothing/clothes/clothes2284.jpg,1,clothing,clothes,4
clothing/clothes/clothes4374.jpg,1,clothing,clothes,5
clothing/clothes/clothes5036.jpg,1,clothing,clothes,2
clothing/clothes/clothes4964.jpg,1,clothing,clothes,2
clothing/clothes/clothes4360.jpg,1,clothing,clothes,4
clothing/clothes/clothes142.jpg,1,clothing,clothes,2
clothing/clothes/clothes3157.jpg,1,clothing,clothes,3
clothing/clothes/clothes848.jpg,1,clothing,clothes,4
clothing/clothes/clothes1147.jpg,1,clothing,clothes,2
clothing/clothes/clothes5120.jpg,1,clothing,clothes,5
clothing/clothes/clothes2654.jpg,1,clothing,clothes,5
clothing/clothes/clothes4082.jpg,1,clothing,clothes,3
clothing/clothes/clothes2195.jpg,1,clothing,clothes,2
clothing/clothes/clothes610.jpg,1,clothing,clothes,2
clothing/clothes/clothes1367.jpg,1,clothing,clothes,3
clothing/clothes/clothes4728.jpg,1,clothing,clothes,5
clothing/clothes/clothes458.jpg,1,clothing,clothes,3
clothing/clothes/clothes4666.jpg,1,clothing,clothes,3
clothing/clothes/clothes1602.jpg,1,clothing,clothes,5
clothing/clothes/clothes1321.jpg,1,clothing,clothes,2
clothing/clothes/clothes616.jpg,1,clothing,clothes,3
clothing/clothes/clothes4095.jpg,1,clothing,clothes,2
clothing/clothes/clothes5153.jpg,1,clothing,clothes,3
clothing/clothes/clothes2067.jpg,1,clothing,clothes,5
clothing/clothes/clothes4318.jpg,1,clothing,clothes,4
clothing/clothes/clothes3672.jpg,1,clothing,clothes,4
clothing/clothes/clothes3644.jpg,1,clothing,clothes,5
clothing/clothes/clothes3209.jpg,1,clothing,clothes,3
clothing/clothes/clothes903.jpg,1,clothing,clothes,4
clothing/clothes/clothes4003.jpg,1,clothing,clothes,2
clothing/clothes/clothes4948.jpg,1,clothing,clothes,5
clothing/clothes/clothes1230.jpg,1,clothing,clothes,2
clothing/clothes/clothes4836.jpg,1,clothing,clothes,4
clothing/clothes/clothes4755.jpg,1,clothing,clothes,5
clothing/clothes/clothes3369.jpg,1,clothing,clothes,3
clothing/clothes/clothes4793.jpg,1,clothing,clothes,5
clothing/clothes/clothes1694.jpg,1,clothing,clothes,3
clothing/clothes/clothes1843.jpg,1,clothing,clothes,2
clothing/clothes/clothes992.jpg,1,clothing,clothes,5
clothing/clothes/clothes2696.jpg,1,clothing,clothes,3
clothing/clothes/clothes5258.jpg,1,clothing,clothes,3
clothing/clothes/clothes2800.jpg,1,clothing,clothes,3
clothing/clothes/clothes2636.jpg,1,clothing,clothes,3
clothing/clothes/clothes1854.jpg,1,clothing,clothes,2
clothing/clothes/clothes3791.jpg,1,clothing,clothes,3
clothing/clothes/clothes2253.jpg,1,clothing,clothes,5
clothing/clothes/clothes632.jpg,1,clothing,clothes,3
clothing/clothes/clothes98.jpg,1,clothing,clothes,4
clothing/clothes/clothes3458.jpg,1,clothing,clothes,5
clothing/clothes/clothes5024.jpg,1,clothing,clothes,4
clothing/clothes/clothes4326.jpg,1,clothing,clothes,2
clothing/clothes/clothes3044.jpg,1,clothing,clothes,4
clothing/clothes/clothes3145.jpg,1,clothing,clothes,2
clothing/clothes/clothes4652.jpg,1,clothing,clothes,5
clothing/clothes/clothes4034.jpg,1,clothing,clothes,5
clothing/clothes/clothes3397.jpg,1,clothing,clothes,4
clothing/clothes/clothes1456.jpg,1,clothing,clothes,2
clothing/clothes/clothes701.jpg,1,clothing,clothes,5
clothing/clothes/clothes4352.jpg,1,clothing,clothes,3
clothing/clothes/clothes1617.jpg,1,clothing,clothes,3
clothing/clothes/clothes4750.jpg,1,clothing,clothes,4
clothing/clothes/clothes230.jpg,1,clothing,clothes,2
clothing/clothes/clothes217.jpg,1,clothing,clothes,5
clothing/clothes/clothes4482.jpg,1,clothing,clothes,3
clothing/clothes/clothes4742.jpg,1,clothing,clothes,4
clothing/clothes/clothes4655.jpg,1,clothing,clothes,5
clothing/clothes/clothes2051.jpg,1,clothing,clothes,3
clothing/clothes/clothes5170.jpg,1,clothing,clothes,5
clothing/clothes/clothes3349.jpg,1,clothing,clothes,3
clothing/clothes/clothes502.jpg,1,clothing,clothes,4
clothing/clothes/clothes1432.jpg,1,clothing,clothes,5
clothing/clothes/clothes2767.jpg,1,clothing,clothes,5
clothing/clothes/clothes1265.jpg,1,clothing,clothes,3
clothing/clothes/clothes2398.jpg,1,clothing,clothes,3
clothing/clothes/clothes4488.jpg,1,clothing,clothes,4
clothing/clothes/clothes5283.jpg,1,clothing,clothes,4
clothing/clothes/clothes451.jpg,1,clothing,clothes,4
clothing/clothes/clothes1589.jpg,1,clothing,clothes,4
clothing/clothes/clothes2826.jpg,1,clothing,clothes,2
clothing/clothes/clothes1440.jpg,1,clothing,clothes,3
clothing/clothes/clothes3449.jpg,1,clothing,clothes,5
clothing/clothes/clothes1777.jpg,1,clothing,clothes,5
clothing/clothes/clothes2606.jpg,1,clothing,clothes,5
clothing/clothes/clothes4858.jpg,1,clothing,clothes,5
clothing/clothes/clothes4147.jpg,1,clothing,clothes,4
clothing/clothes/clothes4501.jpg,1,clothing,clothes,2
clothing/clothes/clothes3143.jpg,1,clothing,clothes,5
clothing/clothes/clothes2030.jpg,1,clothing,clothes,2
clothing/clothes/clothes3527.jpg,1,clothing,clothes,3
clothing/clothes/clothes1138.jpg,1,clothing,clothes,2
clothing/clothes/clothes1471.jpg,1,clothing,clothes,3
clothing/clothes/clothes1160.jpg,1,clothing,clothes,2
clothing/clothes/clothes2657.jpg,1,clothing,clothes,2
clothing/clothes/clothes1211.jpg,1,clothing,clothes,4
clothing/clothes/clothes5104.jpg,1,clothing,clothes,3
clothing/clothes/clothes3763.jpg,1,clothing,clothes,5
clothing/clothes/clothes3072.jpg,1,clothing,clothes,5
clothing/clothes/clothes1597.jpg,1,clothing,clothes,5
clothing/clothes/clothes687.jpg,1,clothing,clothes,5
clothing/clothes/clothes1935.jpg,1,clothing,clothes,4
clothing/clothes/clothes2888.jpg,1,clothing,clothes,4
clothing/clothes/clothes4864.jpg,1,clothing,clothes,3
clothing/clothes/clothes3595.jpg,1,clothing,clothes,2
clothing/clothes/clothes1590.jpg,1,clothing,clothes,3
clothing/clothes/clothes3656.jpg,1,clothing,clothes,3
clothing/clothes/clothes4064.jpg,1,clothing,clothes,3
clothing/clothes/clothes3161.jpg,1,clothing,clothes,2
clothing/clothes/clothes3917.jpg,1,clothing,clothes,4
clothing/clothes/clothes3740.jpg,1,clothing,clothes,2
clothing/clothes/clothes62.jpg,1,clothing,clothes,4
clothing/clothes/clothes4705.jpg,1,clothing,clothes,3
clothing/clothes/clothes3768.jpg,1,clothing,clothes,4
clothing/clothes/clothes3844.jpg,1,clothing,clothes,3
clothing/clothes/clothes2570.jpg,1,clothing,clothes,3
clothing/clothes/clothes2857.jpg,1,clothing,clothes,2
clothing/clothes/clothes807.jpg,1,clothing,clothes,2
clothing/clothes/clothes3177.jpg,1,clothing,clothes,4
clothing/clothes/clothes2086.jpg,1,clothing,clothes,4
clothing/clothes/clothes3217.jpg,1,clothing,clothes,5
clothing/clothes/clothes3972.jpg,1,clothing,clothes,2
clothing/clothes/clothes2550.jpg,1,clothing,clothes,5
clothing/clothes/clothes90.jpg,1,clothing,clothes,2
clothing/clothes/clothes2627.jpg,1,clothing,clothes,5
clothing/clothes/clothes4707.jpg,1,clothing,clothes,5
clothing/clothes/clothes3309.jpg,1,clothing,clothes,5
clothing/clothes/clothes2196.jpg,1,clothing,clothes,5
clothing/clothes/clothes1374.jpg,1,clothing,clothes,2
clothing/clothes/clothes1156.jpg,1,clothing,clothes,3
clothing/clothes/clothes3454.jpg,1,clothing,clothes,5
clothing/clothes/clothes1074.jpg,1,clothing,clothes,4
clothing/clothes/clothes1753.jpg,1,clothing,clothes,4
clothing/clothes/clothes161.jpg,1,clothing,clothes,2
clothing/clothes/clothes2105.jpg,1,clothing,clothes,2
clothing/clothes/clothes1995.jpg,1,clothing,clothes,3
clothing/clothes/clothes4270.jpg,1,clothing,clothes,4
clothing/clothes/clothes3573.jpg,1,clothing,clothes,4
clothing/clothes/clothes2065.jpg,1,clothing,clothes,5
clothing/clothes/clothes3897.jpg,1,clothing,clothes,3
clothing/clothes/clothes2190.jpg,1,clothing,clothes,2
clothing/clothes/clothes5277.jpg,1,clothing,clothes,2
clothing/clothes/clothes4469.jpg,1,clothing,clothes,2
clothing/clothes/clothes1109.jpg,1,clothing,clothes,3
clothing/clothes/clothes1717.jpg,1,clothing,clothes,4
clothing/clothes/clothes2480.jpg,1,clothing,clothes,2
clothing/clothes/clothes3359.jpg,1,clothing,clothes,3
clothing/clothes/clothes4901.jpg,1,clothing,clothes,4
clothing/clothes/clothes886.jpg,1,clothing,clothes,2
clothing/clothes/clothes2433.jpg,1,clothing,clothes,3
clothing/clothes/clothes1357.jpg,1,clothing,clothes,5
clothing/clothes/clothes4713.jpg,1,clothing,clothes,5
clothing/clothes/clothes976.jpg,1,clothing,clothes,3
clothing/clothes/clothes1639.jpg,1,clothing,clothes,2
clothing/clothes/clothes4452.jpg,1,clothing,clothes,2
clothing/clothes/clothes3884.jpg,1,clothing,clothes,3
clothing/clothes/clothes5177.jpg,1,clothing,clothes,2
clothing/clothes/clothes3572.jpg,1,clothing,clothes,2
clothing/clothes/clothes165.jpg,1,clothing,clothes,2
clothing/clothes/clothes635.jpg,1,clothing,clothes,4
clothing/clothes/clothes1105.jpg,1,clothing,clothes,5
clothing/clothes/clothes3703.jpg,1,clothing,clothes,2
clothing/clothes/clothes920.jpg,1,clothing,clothes,2
clothing/clothes/clothes2632.jpg,1,clothing,clothes,2
clothing/clothes/clothes2219.jpg,1,clothing,clothes,2
clothing/clothes/clothes4698.jpg,1,clothing,clothes,5
clothing/clothes/clothes2663.jpg,1,clothing,clothes,5
clothing/clothes/clothes2521.jpg,1,clothing,clothes,3
clothing/clothes/clothes4334.jpg,1,clothing,clothes,5
clothing/clothes/clothes4170.jpg,1,clothing,clothes,3
clothing/clothes/clothes516.jpg,1,clothing,clothes,5
clothing/clothes/clothes3680.jpg,1,clothing,clothes,4
clothing/clothes/clothes2535.jpg,1,clothing,clothes,3
clothing/clothes/clothes3730.jpg,1,clothing,clothes,3
clothing/clothes/clothes1232.jpg,1,clothing,clothes,4
clothing/clothes/clothes1727.jpg,1,clothing,clothes,2
clothing/clothes/clothes4914.jpg,1,clothing,clothes,2
clothing/clothes/clothes4861.jpg,1,clothing,clothes,4
clothing/clothes/clothes3205.jpg,1,clothing,clothes,4
clothing/clothes/clothes5180.jpg,1,clothing,clothes,5
clothing/clothes/clothes151.jpg,1,clothing,clothes,5
clothing/clothes/clothes274.jpg,1,clothing,clothes,3
clothing/clothes/clothes1542.jpg,1,clothing,clothes,2
clothing/clothes/clothes3636.jpg,1,clothing,clothes,3
clothing/clothes/clothes2272.jpg,1,clothing,clothes,5
clothing/clothes/clothes2881.jpg,1,clothing,clothes,3
clothing/clothes/clothes2611.jpg,1,clothing,clothes,2
clothing/clothes/clothes822.jpg,1,clothing,clothes,4
clothing/clothes/clothes3824.jpg,1,clothing,clothes,4
clothing/clothes/clothes3488.jpg,1,clothing,clothes,2
clothing/clothes/clothes2913.jpg,1,clothing,clothes,4
clothing/clothes/clothes4721.jpg,1,clothing,clothes,5
clothing/clothes/clothes4396.jpg,1,clothing,clothes,4
clothing/clothes/clothes4307.jpg,1,clothing,clothes,2
clothing/clothes/clothes1833.jpg,1,clothing,clothes,5
clothing/clothes/clothes2372.jpg,1,clothing,clothes,5
clothing/clothes/clothes4949.jpg,1,clothing,clothes,2
clothing/clothes/clothes1221.jpg,1,clothing,clothes,2
clothing/clothes/clothes1120.jpg,1,clothing,clothes,4
clothing/clothes/clothes4642.jpg,1,clothing,clothes,5
clothing/clothes/clothes2457.jpg,1,clothing,clothes,2
clothing/clothes/clothes2864.jpg,1,clothing,clothes,3
clothing/clothes/clothes1014.jpg,1,clothing,clothes,2
clothing/clothes/clothes5130.jpg,1,clothing,clothes,2
clothing/clothes/clothes1077.jpg,1,clothing,clothes,3
clothing/clothes/clothes2622.jpg,1,clothing,clothes,5
clothing/clothes/clothes2899.jpg,1,clothing,clothes,3
clothing/clothes/clothes1043.jpg,1,clothing,clothes,2
clothing/clothes/clothes1064.jpg,1,clothing,clothes,3
clothing/clothes/clothes3373.jpg,1,clothing,clothes,2
clothing/clothes/clothes3877.jpg,1,clothing,clothes,2
clothing/clothes/clothes4315.jpg,1,clothing,clothes,4
clothing/clothes/clothes2796.jpg,1,clothing,clothes,3
clothing/clothes/clothes1009.jpg,1,clothing,clothes,2
clothing/clothes/clothes4628.jpg,1,clothing,clothes,4
clothing/clothes/clothes4926.jpg,1,clothing,clothes,2
clothing/clothes/clothes4101.jpg,1,clothing,clothes,3
clothing/clothes/clothes486.jpg,1,clothing,clothes,4
clothing/clothes/clothes966.jpg,1,clothing,clothes,4
clothing/clothes/clothes880.jpg,1,clothing,clothes,2
clothing/clothes/clothes2744.jpg,1,clothing,clothes,2
clothing/clothes/clothes3068.jpg,1,clothing,clothes,2
clothing/clothes/clothes2887.jpg,1,clothing,clothes,4
clothing/clothes/clothes4269.jpg,1,clothing,clothes,5
clothing/clothes/clothes393.jpg,1,clothing,clothes,4
clothing/clothes/clothes5183.jpg,1,clothing,clothes,4
clothing/clothes/clothes2347.jpg,1,clothing,clothes,3
clothing/clothes/clothes2811.jpg,1,clothing,clothes,4
clothing/clothes/clothes3743.jpg,1,clothing,clothes,3
clothing/clothes/clothes1659.jpg,1,clothing,clothes,4
clothing/clothes/clothes2463.jpg,1,clothing,clothes,3
clothing/clothes/clothes3713.jpg,1,clothing,clothes,5
clothing/clothes/clothes3207.jpg,1,clothing,clothes,2
clothing/clothes/clothes1329.jpg,1,clothing,clothes,3
clothing/clothes/clothes3499.jpg,1,clothing,clothes,3
clothing/clothes/clothes2330.jpg,1,clothing,clothes,4
clothing/clothes/clothes2126.jpg,1,clothing,clothes,5
clothing/clothes/clothes2270.jpg,1,clothing,clothes,5
clothing/clothes/clothes4203.jpg,1,clothing,clothes,5
clothing/clothes/clothes4814.jpg,1,clothing,clothes,5
clothing/clothes/clothes2287.jpg,1,clothing,clothes,2
clothing/clothes/clothes4211.jpg,1,clothing,clothes,2
clothing/clothes/clothes4856.jpg,1,clothing,clothes,2
clothing/clothes/clothes1076.jpg,1,clothing,clothes,5
clothing/clothes/clothes1062.jpg,1,clothing,clothes,5
clothing/clothes/clothes5091.jpg,1,clothing,clothes,3
clothing/clothes/clothes374.jpg,1,clothing,clothes,2
clothing/clothes/clothes4630.jpg,1,clothing,clothes,5
clothing/clothes/clothes871.jpg,1,clothing,clothes,3
clothing/clothes/clothes607.jpg,1,clothing,clothes,2
clothing/clothes/clothes5287.jpg,1,clothing,clothes,2
clothing/clothes/clothes10.jpg,1,clothing,clothes,5
clothing/clothes/clothes2781.jpg,1,clothing,clothes,4
clothing/clothes/clothes3689.jpg,1,clothing,clothes,4
clothing/clothes/clothes3381.jpg,1,clothing,clothes,4
clothing/clothes/clothes4273.jpg,1,clothing,clothes,5
clothing/clothes/clothes2191.jpg,1,clothing,clothes,5
clothing/clothes/clothes5192.jpg,1,clothing,clothes,2
clothing/clothes/clothes1900.jpg,1,clothing,clothes,3
clothing/clothes/clothes994.jpg,1,clothing,clothes,4
clothing/clothes/clothes767.jpg,1,clothing,clothes,4
clothing/clothes/clothes2402.jpg,1,clothing,clothes,5
clothing/clothes/clothes2394.jpg,1,clothing,clothes,4
clothing/clothes/clothes4341.jpg,1,clothing,clothes,5
clothing/clothes/clothes4240.jpg,1,clothing,clothes,3
clothing/clothes/clothes261.jpg,1,clothing,clothes,4
clothing/clothes/clothes2775.jpg,1,clothing,clothes,5
clothing/clothes/clothes543.jpg,1,clothing,clothes,4
clothing/clothes/clothes1742.jpg,1,clothing,clothes,4
clothing/clothes/clothes1898.jpg,1,clothing,clothes,2
clothing/clothes/clothes1270.jpg,1,clothing,clothes,5
clothing/clothes/clothes4909.jpg,1,clothing,clothes,3
clothing/clothes/clothes1338.jpg,1,clothing,clothes,3
clothing/clothes/clothes308.jpg,1,clothing,clothes,5
clothing/clothes/clothes3845.jpg,1,clothing,clothes,5
clothing/clothes/clothes1524.jpg,1,clothing,clothes,5
clothing/clothes/clothes3557.jpg,1,clothing,clothes,2
clothing/clothes/clothes3006.jpg,1,clothing,clothes,3
clothing/clothes/clothes953.jpg,1,clothing,clothes,4
clothing/clothes/clothes1140.jpg,1,clothing,clothes,3
clothing/clothes/clothes1784.jpg,1,clothing,clothes,5
clothing/clothes/clothes955.jpg,1,clothing,clothes,5
clothing/clothes/clothes3477.jpg,1,clothing,clothes,2
clothing/clothes/clothes1574.jpg,1,clothing,clothes,2
clothing/clothes/clothes2340.jpg,1,clothing,clothes,3
clothing/clothes/clothes1176.jpg,1,clothing,clothes,4
clothing/clothes/clothes135.jpg,1,clothing,clothes,4
clothing/clothes/clothes5066.jpg,1,clothing,clothes,2
clothing/clothes/clothes4732.jpg,1,clothing,clothes,5
clothing/clothes/clothes3737.jpg,1,clothing,clothes,2
clothing/clothes/clothes4057.jpg,1,clothing,clothes,4
clothing/clothes/clothes1455.jpg,1,clothing,clothes,3
clothing/clothes/clothes5228.jpg,1,clothing,clothes,4
clothing/clothes/clothes4133.jpg,1,clothing,clothes,5
clothing/clothes/clothes4791.jpg,1,clothing,clothes,3
clothing/clothes/clothes3651.jpg,1,clothing,clothes,3
clothing/clothes/clothes4421.jpg,1,clothing,clothes,3
clothing/clothes/clothes1691.jpg,1,clothing,clothes,5
clothing/clothes/clothes2905.jpg,1,clothing,clothes,5
clothing/clothes/clothes4862.jpg,1,clothing,clothes,5
clothing/clothes/clothes2299.jpg,1,clothing,clothes,5
clothing/clothes/clothes3892.jpg,1,clothing,clothes,5
clothing/clothes/clothes1457.jpg,1,clothing,clothes,4
clothing/clothes/clothes2061.jpg,1,clothing,clothes,4
clothing/clothes/clothes4796.jpg,1,clothing,clothes,5
clothing/clothes/clothes1743.jpg,1,clothing,clothes,3
clothing/clothes/clothes3216.jpg,1,clothing,clothes,3
clothing/clothes/clothes3716.jpg,1,clothing,clothes,5
clothing/clothes/clothes3531.jpg,1,clothing,clothes,4
clothing/clothes/clothes2592.jpg,1,clothing,clothes,2
clothing/clothes/clothes3389.jpg,1,clothing,clothes,4
clothing/clothes/clothes4908.jpg,1,clothing,clothes,4
clothing/clothes/clothes672.jpg,1,clothing,clothes,3
clothing/clothes/clothes5005.jpg,1,clothing,clothes,2
clothing/clothes/clothes4312.jpg,1,clothing,clothes,4
clothing/clothes/clothes5274.jpg,1,clothing,clothes,3
clothing/clothes/clothes963.jpg,1,clothing,clothes,2
clothing/clothes/clothes4709.jpg,1,clothing,clothes,5
clothing/clothes/clothes2210.jpg,1,clothing,clothes,3
clothing/clothes/clothes1243.jpg,1,clothing,clothes,5
clothing/clothes/clothes736.jpg,1,clothing,clothes,3
clothing/clothes/clothes3106.jpg,1,clothing,clothes,4
clothing/clothes/clothes3912.jpg,1,clothing,clothes,2
clothing/clothes/clothes1999.jpg,1,clothing,clothes,5
clothing/clothes/clothes2973.jpg,1,clothing,clothes,3
clothing/clothes/clothes2870.jpg,1,clothing,clothes,5
clothing/clothes/clothes1818.jpg,1,clothing,clothes,4
clothing/clothes/clothes1853.jpg,1,clothing,clothes,5
clothing/clothes/clothes4573.jpg,1,clothing,clothes,3
clothing/clothes/clothes2874.jpg,1,clothing,clothes,2
clothing/clothes/clothes2194.jpg,1,clothing,clothes,4
clothing/clothes/clothes472.jpg,1,clothing,clothes,4
clothing/clothes/clothes1804.jpg,1,clothing,clothes,2
clothing/clothes/clothes5232.jpg,1,clothing,clothes,4
clothing/clothes/clothes3247.jpg,1,clothing,clothes,3
clothing/clothes/clothes2786.jpg,1,clothing,clothes,5
clothing/clothes/clothes4537.jpg,1,clothing,clothes,3
clothing/clothes/clothes5010.jpg,1,clothing,clothes,3
clothing/clothes/clothes1115.jpg,1,clothing,clothes,2
clothing/clothes/clothes3377.jpg,1,clothing,clothes,4
clothing/clothes/clothes1765.jpg,1,clothing,clothes,3
clothing/clothes/clothes2134.jpg,1,clothing,clothes,5
clothing/clothes/clothes4089.jpg,1,clothing,clothes,5
clothing/clothes/clothes2054.jpg,1,clothing,clothes,3
clothing/clothes/clothes3023.jpg,1,clothing,clothes,5
clothing/clothes/clothes4650.jpg,1,clothing,clothes,5
clothing/clothes/clothes3040.jpg,1,clothing,clothes,3
clothing/clothes/clothes2175.jpg,1,clothing,clothes,4
clothing/clothes/clothes3354.jpg,1,clothing,clothes,2
clothing/clothes/clothes1771.jpg,1,clothing,clothes,5
clothing/clothes/clothes1051.jpg,1,clothing,clothes,3
clothing/clothes/clothes3338.jpg,1,clothing,clothes,4
clothing/clothes/clothes3666.jpg,1,clothing,clothes,4
clothing/clothes/clothes3122.jpg,1,clothing,clothes,3
clothing/clothes/clothes5169.jpg,1,clothing,clothes,3
clothing/clothes/clothes2900.jpg,1,clothing,clothes,5
clothing/clothes/clothes4684.jpg,1,clothing,clothes,4
clothing/clothes/clothes3652.jpg,1,clothing,clothes,2
clothing/clothes/clothes3854.jpg,1,clothing,clothes,5
clothing/clothes/clothes5157.jpg,1,clothing,clothes,4
clothing/clothes/clothes1170.jpg,1,clothing,clothes,4
clothing/clothes/clothes2011.jpg,1,clothing,clothes,5
clothing/clothes/clothes1228.jpg,1,clothing,clothes,4
clothing/clothes/clothes1452.jpg,1,clothing,clothes,5
clothing/clothes/clothes1920.jpg,1,clothing,clothes,2
clothing/clothes/clothes20.jpg,1,clothing,clothes,4
clothing/clothes/clothes1997.jpg,1,clothing,clothes,2
clothing/clothes/clothes3444.jpg,1,clothing,clothes,4
clothing/clothes/clothes4731.jpg,1,clothing,clothes,3
clothing/clothes/clothes324.jpg,1,clothing,clothes,2
clothing/clothes/clothes498.jpg,1,clothing,clothes,4
clothing/clothes/clothes1948.jpg,1,clothing,clothes,5
clothing/clothes/clothes3392.jpg,1,clothing,clothes,3
clothing/clothes/clothes4806.jpg,1,clothing,clothes,4
clothing/clothes/clothes3706.jpg,1,clothing,clothes,3
clothing/clothes/clothes5000.jpg,1,clothing,clothes,3
clothing/clothes/clothes2128.jpg,1,clothing,clothes,2
clothing/clothes/clothes11.jpg,1,clothing,clothes,3
clothing/clothes/clothes2840.jpg,1,clothing,clothes,5
clothing/clothes/clothes3132.jpg,1,clothing,clothes,5
clothing/clothes/clothes3130.jpg,1,clothing,clothes,3
clothing/clothes/clothes5131.jpg,1,clothing,clothes,3
clothing/clothes/clothes2498.jpg,1,clothing,clothes,3
clothing/clothes/clothes2112.jpg,1,clothing,clothes,2
clothing/clothes/clothes3648.jpg,1,clothing,clothes,2
clothing/clothes/clothes1335.jpg,1,clothing,clothes,2
clothing/clothes/clothes733.jpg,1,clothing,clothes,4
clothing/clothes/clothes3843.jpg,1,clothing,clothes,3
clothing/clothes/clothes2432.jpg,1,clothing,clothes,2
clothing/clothes/clothes5134.jpg,1,clothing,clothes,3
clothing/clothes/clothes3913.jpg,1,clothing,clothes,5
clothing/clothes/clothes778.jpg,1,clothing,clothes,3
clothing/clothes/clothes4071.jpg,1,clothing,clothes,2
clothing/clothes/clothes4503.jpg,1,clothing,clothes,3
clothing/clothes/clothes4896.jpg,1,clothing,clothes,5
clothing/clothes/clothes1577.jpg,1,clothing,clothes,5
clothing/clothes/clothes2613.jpg,1,clothing,clothes,4
clothing/clothes/clothes4881.jpg,1,clothing,clothes,3
clothing/clothes/clothes3183.jpg,1,clothing,clothes,4
clothing/clothes/clothes3951.jpg,1,clothing,clothes,2
clothing/clothes/clothes1095.jpg,1,clothing,clothes,3
clothing/clothes/clothes2413.jpg,1,clothing,clothes,3
clothing/clothes/clothes2349.jpg,1,clothing,clothes,3
clothing/clothes/clothes3228.jpg,1,clothing,clothes,4
clothing/clothes/clothes3562.jpg,1,clothing,clothes,5
clothing/clothes/clothes921.jpg,1,clothing,clothes,4
clothing/clothes/clothes3102.jpg,1,clothing,clothes,2
clothing/clothes/clothes840.jpg,1,clothing,clothes,5
clothing/clothes/clothes1990.jpg,1,clothing,clothes,2
clothing/clothes/clothes556.jpg,1,clothing,clothes,5
clothing/clothes/clothes741.jpg,1,clothing,clothes,3
clothing/clothes/clothes836.jpg,1,clothing,clothes,5
clothing/clothes/clothes306.jpg,1,clothing,clothes,4
clothing/clothes/clothes4151.jpg,1,clothing,clothes,3
clothing/clothes/clothes3492.jpg,1,clothing,clothes,2
clothing/clothes/clothes3548.jpg,1,clothing,clothes,4
clothing/clothes/clothes2848.jpg,1,clothing,clothes,3
clothing/clothes/clothes2416.jpg,1,clothing,clothes,4
clothing/clothes/clothes4780.jpg,1,clothing,clothes,4
clothing/clothes/clothes464.jpg,1,clothing,clothes,4
clothing/clothes/clothes2427.jpg,1,clothing,clothes,5
clothing/clothes/clothes331.jpg,1,clothing,clothes,3
clothing/clothes/clothes3574.jpg,1,clothing,clothes,3
clothing/clothes/clothes1562.jpg,1,clothing,clothes,5
clothing/clothes/clothes4591.jpg,1,clothing,clothes,5
clothing/clothes/clothes4601.jpg,1,clothing,clothes,5
clothing/clothes/clothes4924.jpg,1,clothing,clothes,4
clothing/clothes/clothes3489.jpg,1,clothing,clothes,5
clothing/clothes/clothes2526.jpg,1,clothing,clothes,2
clothing/clothes/clothes2667.jpg,1,clothing,clothes,2
clothing/clothes/clothes248.jpg,1,clothing,clothes,5
clothing/clothes/clothes4441.jpg,1,clothing,clothes,3
clothing/clothes/clothes1674.jpg,1,clothing,clothes,3
clothing/clothes/clothes4938.jpg,1,clothing,clothes,5
clothing/clothes/clothes377.jpg,1,clothing,clothes,4
clothing/clothes/clothes3604.jpg,1,clothing,clothes,2
clothing/clothes/clothes3827.jpg,1,clothing,clothes,4
clothing/clothes/clothes1986.jpg,1,clothing,clothes,2
clothing/clothes/clothes562.jpg,1,clothing,clothes,3
clothing/clothes/clothes4798.jpg,1,clothing,clothes,2
clothing/clothes/clothes492.jpg,1,clothing,clothes,5
clothing/clothes/clothes2646.jpg,1,clothing,clothes,5
clothing/clothes/clothes735.jpg,1,clothing,clothes,5
clothing/clothes/clothes3306.jpg,1,clothing,clothes,4
clothing/clothes/clothes4999.jpg,1,clothing,clothes,2
clothing/clothes/clothes1896.jpg,1,clothing,clothes,3
clothing/clothes/clothes5202.jpg,1,clothing,clothes,2
clothing/clothes/clothes600.jpg,1,clothing,clothes,4
clothing/clothes/clothes406.jpg,1,clothing,clothes,3
clothing/clothes/clothes2943.jpg,1,clothing,clothes,5
clothing/clothes/clothes4542.jpg,1,clothing,clothes,4
clothing/clothes/clothes4432.jpg,1,clothing,clothes,4
clothing/clothes/clothes2178.jpg,1,clothing,clothes,3
clothing/clothes/clothes5229.jpg,1,clothing,clothes,2
clothing/clothes/clothes3404.jpg,1,clothing,clothes,4
clothing/clothes/clothes3235.jpg,1,clothing,clothes,2
clothing/clothes/clothes1378.jpg,1,clothing,clothes,3
clothing/clothes/clothes499.jpg,1,clothing,clothes,2
clothing/clothes/clothes3091.jpg,1,clothing,clothes,5
clothing/clothes/clothes5207.jpg,1,clothing,clothes,5
clothing/clothes/clothes3185.jpg,1,clothing,clothes,4
clothing/clothes/clothes3057.jpg,1,clothing,clothes,3
clothing/clothes/clothes1295.jpg,1,clothing,clothes,4
clothing/clothes/clothes1254.jpg,1,clothing,clothes,2
clothing/clothes/clothes2397.jpg,1,clothing,clothes,5
clothing/clothes/clothes4099.jpg,1,clothing,clothes,2
clothing/clothes/clothes3038.jpg,1,clothing,clothes,4
clothing/clothes/clothes5217.jpg,1,clothing,clothes,2
clothing/clothes/clothes4559.jpg,1,clothing,clothes,2
clothing/clothes/clothes1161.jpg,1,clothing,clothes,3
clothing/clothes/clothes1820.jpg,1,clothing,clothes,3
clothing/clothes/clothes975.jpg,1,clothing,clothes,2
clothing/clothes/clothes4451.jpg,1,clothing,clothes,5
clothing/clothes/clothes2558.jpg,1,clothing,clothes,2
clothing/clothes/clothes221.jpg,1,clothing,clothes,3
clothing/clothes/clothes4084.jpg,1,clothing,clothes,4
clothing/clothes/clothes1508.jpg,1,clothing,clothes,4
clothing/clothes/clothes3234.jpg,1,clothing,clothes,2
clothing/clothes/clothes1536.jpg,1,clothing,clothes,5
clothing/clothes/clothes1758.jpg,1,clothing,clothes,3
clothing/clothes/clothes1178.jpg,1,clothing,clothes,5
clothing/clothes/clothes4687.jpg,1,clothing,clothes,4
clothing/clothes/clothes3956.jpg,1,clothing,clothes,3
clothing/clothes/clothes411.jpg,1,clothing,clothes,4
clothing/clothes/clothes3749.jpg,1,clothing,clothes,2
clothing/clothes/clothes2730.jpg,1,clothing,clothes,3
clothing/clothes/clothes3837.jpg,1,clothing,clothes,5
clothing/clothes/clothes325.jpg,1,clothing,clothes,5
clothing/clothes/clothes4093.jpg,1,clothing,clothes,2
clothing/clothes/clothes1360.jpg,1,clothing,clothes,4
clothing/clothes/clothes5271.jpg,1,clothing,clothes,2
clothing/clothes/clothes4579.jpg,1,clothing,clothes,5
clothing/clothes/clothes631.jpg,1,clothing,clothes,4
clothing/clothes/clothes577.jpg,1,clothing,clothes,2
clothing/clothes/clothes2406.jpg,1,clothing,clothes,5
clothing/clothes/clothes4812.jpg,1,clothing,clothes,5
clothing/clothes/clothes3619.jpg,1,clothing,clothes,2
clothing/clothes/clothes136.jpg,1,clothing,clothes,2
clothing/clothes/clothes4117.jpg,1,clothing,clothes,5
clothing/clothes/clothes344.jpg,1,clothing,clothes,3
clothing/clothes/clothes1135.jpg,1,clothing,clothes,5
clothing/clothes/clothes1662.jpg,1,clothing,clothes,3
clothing/clothes/clothes1316.jpg,1,clothing,clothes,3
clothing/clothes/clothes1972.jpg,1,clothing,clothes,2
clothing/clothes/clothes621.jpg,1,clothing,clothes,3
clothing/clothes/clothes1533.jpg,1,clothing,clothes,4
clothing/clothes/clothes5159.jpg,1,clothing,clothes,3
clothing/clothes/clothes4231.jpg,1,clothing,clothes,4
clothing/clothes/clothes4407.jpg,1,clothing,clothes,4
clothing/clothes/clothes4505.jpg,1,clothing,clothes,4
clothing/clothes/clothes2745.jpg,1,clothing,clothes,5
clothing/clothes/clothes4168.jpg,1,clothing,clothes,4
clothing/clothes/clothes1953.jpg,1,clothing,clothes,2
clothing/clothes/clothes2309.jpg,1,clothing,clothes,2
clothing/clothes/clothes1709.jpg,1,clothing,clothes,4
clothing/clothes/clothes3802.jpg,1,clothing,clothes,3
clothing/clothes/clothes1306.jpg,1,clothing,clothes,2
clothing/clothes/clothes766.jpg,1,clothing,clothes,5
clothing/clothes/clothes219.jpg,1,clothing,clothes,3
clothing/clothes/clothes2907.jpg,1,clothing,clothes,3
clothing/clothes/clothes2533.jpg,1,clothing,clothes,5
clothing/clothes/clothes4643.jpg,1,clothing,clothes,4
clothing/clothes/clothes2794.jpg,1,clothing,clothes,3
clothing/clothes/clothes1175.jpg,1,clothing,clothes,4
clothing/clothes/clothes4726.jpg,1,clothing,clothes,2
clothing/clothes/clothes1785.jpg,1,clothing,clothes,5
clothing/clothes/clothes3215.jpg,1,clothing,clothes,5
clothing/clothes/clothes4370.jpg,1,clothing,clothes,4
clothing/clothes/clothes4177.jpg,1,clothing,clothes,5
clothing/clothes/clothes4442.jpg,1,clothing,clothes,4
clothing/clothes/clothes2136.jpg,1,clothing,clothes,3
clothing/clothes/clothes1476.jpg,1,clothing,clothes,2
clothing/clothes/clothes4037.jpg,1,clothing,clothes,2
clothing/clothes/clothes2737.jpg,1,clothing,clothes,3
clothing/clothes/clothes4625.jpg,1,clothing,clothes,3
clothing/clothes/clothes5303.jpg,1,clothing,clothes,3
clothing/clothes/clothes3083.jpg,1,clothing,clothes,2
clothing/clothes/clothes1766.jpg,1,clothing,clothes,3
clothing/clothes/clothes3664.jpg,1,clothing,clothes,5
clothing/clothes/clothes2906.jpg,1,clothing,clothes,5
clothing/clothes/clothes4962.jpg,1,clothing,clothes,5
clothing/clothes/clothes3120.jpg,1,clothing,clothes,5
clothing/clothes/clothes2301.jpg,1,clothing,clothes,4
clothing/clothes/clothes2689.jpg,1,clothing,clothes,3
clothing/clothes/clothes1657.jpg,1,clothing,clothes,3
clothing/clothes/clothes1587.jpg,1,clothing,clothes,5
clothing/clothes/clothes2020.jpg,1,clothing,clothes,5
clothing/clothes/clothes164.jpg,1,clothing,clothes,2
clothing/clothes/clothes4597.jpg,1,clothing,clothes,4
clothing/clothes/clothes4759.jpg,1,clothing,clothes,2
clothing/clothes/clothes908.jpg,1,clothing,clothes,3
clothing/clothes/clothes4481.jpg,1,clothing,clothes,5
clothing/clothes/clothes520.jpg,1,clothing,clothes,2
clothing/clothes/clothes3362.jpg,1,clothing,clothes,2
clothing/clothes/clothes343.jpg,1,clothing,clothes,4
clothing/clothes/clothes2183.jpg,1,clothing,clothes,3
clothing/clothes/clothes2048.jpg,1,clothing,clothes,2
clothing/clothes/clothes2121.jpg,1,clothing,clothes,2
clothing/clothes/clothes134.jpg,1,clothing,clothes,4
clothing/clothes/clothes5265.jpg,1,clothing,clothes,4
clothing/clothes/clothes5257.jpg,1,clothing,clothes,4
clothing/clothes/clothes717.jpg,1,clothing,clothes,2
clothing/clothes/clothes2333.jpg,1,clothing,clothes,5
clothing/clothes/clothes3954.jpg,1,clothing,clothes,4
clothing/clothes/clothes338.jpg,1,clothing,clothes,5
clothing/clothes/clothes474.jpg,1,clothing,clothes,5
clothing/clothes/clothes3866.jpg,1,clothing,clothes,2
clothing/clothes/clothes1741.jpg,1,clothing,clothes,5
clothing/clothes/clothes5299.jpg,1,clothing,clothes,5
clothing/clothes/clothes3151.jpg,1,clothing,clothes,2
clothing/clothes/clothes3526.jpg,1,clothing,clothes,2
clothing/clothes/clothes2566.jpg,1,clothing,clothes,4
clothing/clothes/clothes5222.jpg,1,clothing,clothes,5
clothing/clothes/clothes4366.jpg,1,clothing,clothes,4
clothing/clothes/clothes2626.jpg,1,clothing,clothes,4
clothing/clothes/clothes4621.jpg,1,clothing,clothes,2
clothing/clothes/clothes1208.jpg,1,clothing,clothes,5
clothing/clothes/clothes1058.jpg,1,clothing,clothes,5
clothing/clothes/clothes3258.jpg,1,clothing,clothes,5
clothing/clothes/clothes4983.jpg,1,clothing,clothes,3
clothing/clothes/clothes3589.jpg,1,clothing,clothes,5
clothing/clothes/clothes1025.jpg,1,clothing,clothes,3
clothing/clothes/clothes4200.jpg,1,clothing,clothes,3
clothing/clothes/clothes3039.jpg,1,clothing,clothes,2
clothing/clothes/clothes309.jpg,1,clothing,clothes,4
clothing/clothes/clothes1983.jpg,1,clothing,clothes,3
clothing/clothes/clothes4809.jpg,1,clothing,clothes,5
clothing/clothes/clothes4550.jpg,1,clothing,clothes,5
clothing/clothes/clothes3990.jpg,1,clothing,clothes,2
clothing/clothes/clothes287.jpg,1,clothing,clothes,5
clothing/clothes/clothes1401.jpg,1,clothing,clothes,4
clothing/clothes/clothes3087.jpg,1,clothing,clothes,4
clothing/clothes/clothes887.jpg,1,clothing,clothes,4
clothing/clothes/clothes3588.jpg,1,clothing,clothes,3
clothing/clothes/clothes1534.jpg,1,clothing,clothes,3
clothing/clothes/clothes235.jpg,1,clothing,clothes,2
clothing/clothes/clothes5060.jpg,1,clothing,clothes,5
clothing/clothes/clothes2421.jpg,1,clothing,clothes,5
clothing/clothes/clothes5266.jpg,1,clothing,clothes,4
clothing/clothes/clothes1453.jpg,1,clothing,clothes,2
clothing/clothes/clothes2862.jpg,1,clothing,clothes,2
clothing/clothes/clothes1331.jpg,1,clothing,clothes,2
clothing/clothes/clothes5304.jpg,1,clothing,clothes,2
clothing/clothes/clothes4782.jpg,1,clothing,clothes,4
clothing/clothes/clothes4220.jpg,1,clothing,clothes,3
clothing/clothes/clothes5087.jpg,1,clothing,clothes,3
clothing/clothes/clothes4777.jpg,1,clothing,clothes,3
clothing/clothes/clothes4440.jpg,1,clothing,clothes,4
clothing/clothes/clothes3849.jpg,1,clothing,clothes,2
clothing/clothes/clothes1565.jpg,1,clothing,clothes,3
clothing/clothes/clothes3113.jpg,1,clothing,clothes,4
clothing/clothes/clothes2239.jpg,1,clothing,clothes,5
clothing/clothes/clothes1307.jpg,1,clothing,clothes,5
clothing/clothes/clothes3637.jpg,1,clothing,clothes,2
clothing/clothes/clothes4053.jpg,1,clothing,clothes,2
clothing/clothes/clothes4187.jpg,1,clothing,clothes,2
clothing/clothes/clothes5006.jpg,1,clothing,clothes,4
clothing/clothes/clothes187.jpg,1,clothing,clothes,5
clothing/clothes/clothes4019.jpg,1,clothing,clothes,4
clothing/clothes/clothes4274.jpg,1,clothing,clothes,3
clothing/clothes/clothes394.jpg,1,clothing,clothes,3
clothing/clothes/clothes1880.jpg,1,clothing,clothes,5
clothing/clothes/clothes2827.jpg,1,clothing,clothes,4
clothing/clothes/clothes2356.jpg,1,clothing,clothes,4
clothing/clothes/clothes1829.jpg,1,clothing,clothes,2
clothing/clothes/clothes4075.jpg,1,clothing,clothes,5
clothing/clothes/clothes772.jpg,1,clothing,clothes,5
clothing/clothes/clothes2334.jpg,1,clothing,clothes,5
clothing/clothes/clothes4214.jpg,1,clothing,clothes,4
clothing/clothes/clothes414.jpg,1,clothing,clothes,2
clothing/clothes/clothes510.jpg,1,clothing,clothes,4
clothing/clothes/clothes2461.jpg,1,clothing,clothes,5
clothing/clothes/clothes3078.jpg,1,clothing,clothes,2
clothing/clothes/clothes931.jpg,1,clothing,clothes,5
clothing/clothes/clothes1923.jpg,1,clothing,clothes,3
clothing/clothes/clothes1079.jpg,1,clothing,clothes,5
clothing/clothes/clothes1326.jpg,1,clothing,clothes,3
clothing/clothes/clothes2254.jpg,1,clothing,clothes,5
clothing/clothes/clothes1008.jpg,1,clothing,clothes,5
clothing/clothes/clothes3356.jpg,1,clothing,clothes,4
clothing/clothes/clothes1068.jpg,1,clothing,clothes,5
clothing/clothes/clothes388.jpg,1,clothing,clothes,3
clothing/clothes/clothes4091.jpg,1,clothing,clothes,4
clothing/clothes/clothes4286.jpg,1,clothing,clothes,5
clothing/clothes/clothes1229.jpg,1,clothing,clothes,3
clothing/clothes/clothes1567.jpg,1,clothing,clothes,2
clothing/clothes/clothes2500.jpg,1,clothing,clothes,2
clothing/clothes/clothes2703.jpg,1,clothing,clothes,3
clothing/clothes/clothes1469.jpg,1,clothing,clothes,4
clothing/clothes/clothes254.jpg,1,clothing,clothes,2
clothing/clothes/clothes811.jpg,1,clothing,clothes,2
clothing/clothes/clothes900.jpg,1,clothing,clothes,4
clothing/clothes/clothes1696.jpg,1,clothing,clothes,4
clothing/clothes/clothes1918.jpg,1,clothing,clothes,5
clothing/clothes/clothes1747.jpg,1,clothing,clothes,3
clothing/clothes/clothes846.jpg,1,clothing,clothes,3
clothing/clothes/clothes2878.jpg,1,clothing,clothes,3
clothing/clothes/clothes91.jpg,1,clothing,clothes,4
clothing/clothes/clothes4337.jpg,1,clothing,clothes,3
clothing/clothes/clothes4853.jpg,1,clothing,clothes,5
clothing/clothes/clothes912.jpg,1,clothing,clothes,5
clothing/clothes/clothes210.jpg,1,clothing,clothes,4
clothing/clothes/clothes4090.jpg,1,clothing,clothes,2
clothing/clothes/clothes501.jpg,1,clothing,clothes,5
clothing/clothes/clothes100.jpg,1,clothing,clothes,3
clothing/clothes/clothes2409.jpg,1,clothing,clothes,5
clothing/clothes/clothes3835.jpg,1,clothing,clothes,2
clothing/clothes/clothes3801.jpg,1,clothing,clothes,5
clothing/clothes/clothes4911.jpg,1,clothing,clothes,3
clothing/clothes/clothes608.jpg,1,clothing,clothes,4
clothing/clothes/clothes3564.jpg,1,clothing,clothes,2
clothing/clothes/clothes594.jpg,1,clothing,clothes,5
clothing/clothes/clothes61.jpg,1,clothing,clothes,2
clothing/clothes/clothes820.jpg,1,clothing,clothes,4
clothing/clothes/clothes5308.jpg,1,clothing,clothes,2
clothing/clothes/clothes4410.jpg,1,clothing,clothes,3
clothing/clothes/clothes3213.jpg,1,clothing,clothes,4
clothing/clothes/clothes3133.jpg,1,clothing,clothes,3
clothing/clothes/clothes153.jpg,1,clothing,clothes,3
clothing/clothes/clothes3337.jpg,1,clothing,clothes,2
clothing/clothes/clothes4436.jpg,1,clothing,clothes,3
clothing/clothes/clothes340.jpg,1,clothing,clothes,4
clothing/clothes/clothes2422.jpg,1,clothing,clothes,4
clothing/clothes/clothes5240.jpg,1,clothing,clothes,2
clothing/clothes/clothes5289.jpg,1,clothing,clothes,2
clothing/clothes/clothes1627.jpg,1,clothing,clothes,2
clothing/clothes/clothes2167.jpg,1,clothing,clothes,2
clothing/clothes/clothes2511.jpg,1,clothing,clothes,5
clothing/clothes/clothes8.jpg,1,clothing,clothes,3
clothing/clothes/clothes3579.jpg,1,clothing,clothes,5
clothing/clothes/clothes729.jpg,1,clothing,clothes,5
clothing/clothes/clothes4824.jpg,1,clothing,clothes,2
clothing/clothes/clothes4216.jpg,1,clothing,clothes,3
clothing/clothes/clothes3103.jpg,1,clothing,clothes,3
clothing/clothes/clothes1260.jpg,1,clothing,clothes,4
clothing/clothes/clothes1421.jpg,1,clothing,clothes,2
clothing/clothes/clothes4128.jpg,1,clothing,clothes,3
clothing/clothes/clothes3003.jpg,1,clothing,clothes,3
clothing/clothes/clothes2114.jpg,1,clothing,clothes,5
clothing/clothes/clothes1222.jpg,1,clothing,clothes,2
clothing/clothes/clothes368.jpg,1,clothing,clothes,4
clothing/clothes/clothes2079.jpg,1,clothing,clothes,5
clothing/clothes/clothes1394.jpg,1,clothing,clothes,3
clothing/clothes/clothes316.jpg,1,clothing,clothes,4
clothing/clothes/clothes5025.jpg,1,clothing,clothes,3
clothing/clothes/clothes177.jpg,1,clothing,clothes,4
clothing/clothes/clothes4135.jpg,1,clothing,clothes,5
clothing/clothes/clothes328.jpg,1,clothing,clothes,4
clothing/clothes/clothes5014.jpg,1,clothing,clothes,4
clothing/clothes/clothes1946.jpg,1,clothing,clothes,5
clothing/clothes/clothes768.jpg,1,clothing,clothes,5
clothing/clothes/clothes1094.jpg,1,clothing,clothes,2
clothing/clothes/clothes4555.jpg,1,clothing,clothes,5
clothing/clothes/clothes2756.jpg,1,clothing,clothes,2
clothing/clothes/clothes651.jpg,1,clothing,clothes,2
clothing/clothes/clothes5313.jpg,1,clothing,clothes,4
clothing/clothes/clothes462.jpg,1,clothing,clothes,5
clothing/clothes/clothes1980.jpg,1,clothing,clothes,5
clothing/clothes/clothes1320.jpg,1,clothing,clothes,5
clothing/clothes/clothes690.jpg,1,clothing,clothes,5
clothing/clothes/clothes2471.jpg,1,clothing,clothes,5
clothing/clothes/clothes3128.jpg,1,clothing,clothes,5
clothing/clothes/clothes3331.jpg,1,clothing,clothes,3
clothing/clothes/clothes4033.jpg,1,clothing,clothes,3
clothing/clothes/clothes5067.jpg,1,clothing,clothes,2
clothing/clothes/clothes4246.jpg,1,clothing,clothes,5
clothing/clothes/clothes4392.jpg,1,clothing,clothes,4
clothing/clothes/clothes3031.jpg,1,clothing,clothes,4
clothing/clothes/clothes2362.jpg,1,clothing,clothes,3
clothing/clothes/clothes4401.jpg,1,clothing,clothes,4
clothing/clothes/clothes305.jpg,1,clothing,clothes,4
clothing/clothes/clothes4945.jpg,1,clothing,clothes,4
clothing/clothes/clothes450.jpg,1,clothing,clothes,5
clothing/clothes/clothes2768.jpg,1,clothing,clothes,3
clothing/clothes/clothes3925.jpg,1,clothing,clothes,5
clothing/clothes/clothes3487.jpg,1,clothing,clothes,4
clothing/clothes/clothes2408.jpg,1,clothing,clothes,4
clothing/clothes/clothes1373.jpg,1,clothing,clothes,4
clothing/clothes/clothes2097.jpg,1,clothing,clothes,5
clothing/clothes/clothes155.jpg,1,clothing,clothes,4
clothing/clothes/clothes1963.jpg,1,clothing,clothes,2
clothing/clothes/clothes429.jpg,1,clothing,clothes,5
clothing/clothes/clothes1396.jpg,1,clothing,clothes,4
clothing/clothes/clothes1625.jpg,1,clothing,clothes,4
clothing/clothes/clothes5123.jpg,1,clothing,clothes,5
clothing/clothes/clothes2363.jpg,1,clothing,clothes,3
clothing/clothes/clothes5250.jpg,1,clothing,clothes,4
clothing/clothes/clothes3265.jpg,1,clothing,clothes,5
clothing/clothes/clothes5225.jpg,1,clothing,clothes,4
clothing/clothes/clothes1945.jpg,1,clothing,clothes,3
clothing/clothes/clothes4784.jpg,1,clothing,clothes,3
clothing/clothes/clothes4272.jpg,1,clothing,clothes,3
clothing/clothes/clothes5003.jpg,1,clothing,clothes,5
clothing/clothes/clothes2107.jpg,1,clothing,clothes,3
clothing/clothes/clothes3973.jpg,1,clothing,clothes,2
clothing/clothes/clothes5259.jpg,1,clothing,clothes,5
clothing/clothes/clothes223.jpg,1,clothing,clothes,4
clothing/clothes/clothes1586.jpg,1,clothing,clothes,5
clothing/clothes/clothes198.jpg,1,clothing,clothes,4
clothing/clothes/clothes3780.jpg,1,clothing,clothes,3
clothing/clothes/clothes4412.jpg,1,clothing,clothes,5
clothing/clothes/clothes5281.jpg,1,clothing,clothes,5
clothing/clothes/clothes3558.jpg,1,clothing,clothes,4
clothing/clothes/clothes4667.jpg,1,clothing,clothes,5
clothing/clothes/clothes2485.jpg,1,clothing,clothes,3
clothing/clothes/clothes1200.jpg,1,clothing,clothes,4
clothing/clothes/clothes4863.jpg,1,clothing,clothes,2
clothing/clothes/clothes4005.jpg,1,clothing,clothes,2
clothing/clothes/clothes1203.jpg,1,clothing,clothes,5
clothing/clothes/clothes3975.jpg,1,clothing,clothes,4
clothing/clothes/clothes2249.jpg,1,clothing,clothes,2
clothing/clothes/clothes4369.jpg,1,clothing,clothes,5
clothing/clothes/clothes2536.jpg,1,clothing,clothes,2
clothing/clothes/clothes5098.jpg,1,clothing,clothes,5
clothing/clothes/clothes4158.jpg,1,clothing,clothes,2
clothing/clothes/clothes519.jpg,1,clothing,clothes,5
clothing/clothes/clothes2539.jpg,1,clothing,clothes,2
clothing/clothes/clothes4350.jpg,1,clothing,clothes,4
clothing/clothes/clothes2708.jpg,1,clothing,clothes,3
clothing/clothes/clothes2715.jpg,1,clothing,clothes,5
clothing/clothes/clothes1556.jpg,1,clothing,clothes,4
clothing/clothes/clothes1301.jpg,1,clothing,clothes,4
clothing/clothes/clothes3960.jpg,1,clothing,clothes,3
clothing/clothes/clothes1165.jpg,1,clothing,clothes,4
clothing/clothes/clothes5275.jpg,1,clothing,clothes,4
clothing/clothes/clothes2872.jpg,1,clothing,clothes,4
clothing/clothes/clothes999.jpg,1,clothing,clothes,4
clothing/clothes/clothes4568.jpg,1,clothing,clothes,5
clothing/clothes/clothes3127.jpg,1,clothing,clothes,3
clothing/clothes/clothes2824.jpg,1,clothing,clothes,4
clothing/clothes/clothes3089.jpg,1,clothing,clothes,3
clothing/clothes/clothes85.jpg,1,clothing,clothes,3
clothing/clothes/clothes5115.jpg,1,clothing,clothes,3
clothing/clothes/clothes294.jpg,1,clothing,clothes,4
clothing/clothes/clothes3400.jpg,1,clothing,clothes,3
clothing/clothes/clothes1683.jpg,1,clothing,clothes,3
clothing/clothes/clothes3097.jpg,1,clothing,clothes,3
clothing/clothes/clothes2817.jpg,1,clothing,clothes,5
clothing/clothes/clothes3935.jpg,1,clothing,clothes,2
clothing/clothes/clothes3257.jpg,1,clothing,clothes,4
clothing/clothes/clothes743.jpg,1,clothing,clothes,5
clothing/clothes/clothes1492.jpg,1,clothing,clothes,4
clothing/clothes/clothes3363.jpg,1,clothing,clothes,3
clothing/clothes/clothes3137.jpg,1,clothing,clothes,4
clothing/clothes/clothes5294.jpg,1,clothing,clothes,3
clothing/clothes/clothes2226.jpg,1,clothing,clothes,5
clothing/clothes/clothes3343.jpg,1,clothing,clothes,3
clothing/clothes/clothes2791.jpg,1,clothing,clothes,5
clothing/clothes/clothes2678.jpg,1,clothing,clothes,3
clothing/clothes/clothes1429.jpg,1,clothing,clothes,5
clothing/clothes/clothes5237.jpg,1,clothing,clothes,5
clothing/clothes/clothes2029.jpg,1,clothing,clothes,4
clothing/clothes/clothes2963.jpg,1,clothing,clothes,3
clothing/clothes/clothes3566.jpg,1,clothing,clothes,3
clothing/clothes/clothes2080.jpg,1,clothing,clothes,4
clothing/clothes/clothes1463.jpg,1,clothing,clothes,3
clothing/clothes/clothes3414.jpg,1,clothing,clothes,4
clothing/clothes/clothes1832.jpg,1,clothing,clothes,3
clothing/clothes/clothes5267.jpg,1,clothing,clothes,5
clothing/clothes/clothes2530.jpg,1,clothing,clothes,2
clothing/clothes/clothes3981.jpg,1,clothing,clothes,2
clothing/clothes/clothes2618.jpg,1,clothing,clothes,2
clothing/clothes/clothes2546.jpg,1,clothing,clothes,2
clothing/clothes/clothes1646.jpg,1,clothing,clothes,5
clothing/clothes/clothes4570.jpg,1,clothing,clothes,3
clothing/clothes/clothes245.jpg,1,clothing,clothes,3
clothing/clothes/clothes1831.jpg,1,clothing,clothes,4
clothing/clothes/clothes1667.jpg,1,clothing,clothes,3
clothing/clothes/clothes443.jpg,1,clothing,clothes,3
clothing/clothes/clothes2184.jpg,1,clothing,clothes,4
clothing/clothes/clothes3469.jpg,1,clothing,clothes,5
clothing/clothes/clothes2204.jpg,1,clothing,clothes,5
clothing/clothes/clothes1328.jpg,1,clothing,clothes,3
clothing/clothes/clothes5138.jpg,1,clothing,clothes,4
clothing/clothes/clothes4627.jpg,1,clothing,clothes,2
clothing/clothes/clothes5077.jpg,1,clothing,clothes,2
clothing/clothes/clothes1446.jpg,1,clothing,clothes,4
clothing/clothes/clothes641.jpg,1,clothing,clothes,2
clothing/clothes/clothes3888.jpg,1,clothing,clothes,5
clothing/clothes/clothes4717.jpg,1,clothing,clothes,4
clothing/clothes/clothes2439.jpg,1,clothing,clothes,2
clothing/clothes/clothes202.jpg,1,clothing,clothes,2
clothing/clothes/clothes3189.jpg,1,clothing,clothes,2
clothing/clothes/clothes598.jpg,1,clothing,clothes,3
clothing/clothes/clothes1560.jpg,1,clothing,clothes,2
clothing/clothes/clothes4249.jpg,1,clothing,clothes,4
clothing/clothes/clothes2179.jpg,1,clothing,clothes,4
clothing/clothes/clothes3797.jpg,1,clothing,clothes,5
clothing/clothes/clothes220.jpg,1,clothing,clothes,3
clothing/clothes/clothes2908.jpg,1,clothing,clothes,5
clothing/clothes/clothes2925.jpg,1,clothing,clothes,4
clothing/clothes/clothes2515.jpg,1,clothing,clothes,3
clothing/clothes/clothes3434.jpg,1,clothing,clothes,5
clothing/clothes/clothes1834.jpg,1,clothing,clothes,3
clothing/clothes/clothes749.jpg,1,clothing,clothes,4
clothing/clothes/clothes1825.jpg,1,clothing,clothes,3
clothing/clothes/clothes4855.jpg,1,clothing,clothes,3
clothing/clothes/clothes5126.jpg,1,clothing,clothes,3
clothing/clothes/clothes3501.jpg,1,clothing,clothes,3
clothing/clothes/clothes518.jpg,1,clothing,clothes,2
clothing/clothes/clothes5206.jpg,1,clothing,clothes,2
clothing/clothes/clothes3980.jpg,1,clothing,clothes,2
clothing/clothes/clothes4529.jpg,1,clothing,clothes,2
clothing/clothes/clothes3950.jpg,1,clothing,clothes,4
clothing/clothes/clothes1325.jpg,1,clothing,clothes,4
clothing/clothes/clothes4526.jpg,1,clothing,clothes,5
clothing/clothes/clothes3598.jpg,1,clothing,clothes,2
clothing/clothes/clothes3621.jpg,1,clothing,clothes,2
clothing/clothes/clothes1545.jpg,1,clothing,clothes,3
clothing/clothes/clothes1881.jpg,1,clothing,clothes,3
clothing/clothes/clothes4302.jpg,1,clothing,clothes,5
clothing/clothes/clothes359.jpg,1,clothing,clothes,3
clothing/clothes/clothes2376.jpg,1,clothing,clothes,4
clothing/clothes/clothes4355.jpg,1,clothing,clothes,2
clothing/clothes/clothes1137.jpg,1,clothing,clothes,3
clothing/clothes/clothes4308.jpg,1,clothing,clothes,4
clothing/clothes/clothes3508.jpg,1,clothing,clothes,4
clothing/clothes/clothes4433.jpg,1,clothing,clothes,3
clothing/clothes/clothes3310.jpg,1,clothing,clothes,3
clothing/clothes/clothes2922.jpg,1,clothing,clothes,4
clothing/clothes/clothes4265.jpg,1,clothing,clothes,3
clothing/clothes/clothes2435.jpg,1,clothing,clothes,5
clothing/clothes/clothes911.jpg,1,clothing,clothes,4
clothing/clothes/clothes599.jpg,1,clothing,clothes,3
clothing/clothes/clothes834.jpg,1,clothing,clothes,5
clothing/clothes/clothes2308.jpg,1,clothing,clothes,2
clothing/clothes/clothes4419.jpg,1,clothing,clothes,5
clothing/clothes/clothes211.jpg,1,clothing,clothes,2
clothing/clothes/clothes4267.jpg,1,clothing,clothes,5
clothing/clothes/clothes3302.jpg,1,clothing,clothes,5
clothing/clothes/clothes4631.jpg,1,clothing,clothes,4
clothing/clothes/clothes2712.jpg,1,clothing,clothes,2
clothing/clothes/clothes4736.jpg,1,clothing,clothes,5
clothing/clothes/clothes1612.jpg,1,clothing,clothes,4
clothing/clothes/clothes3895.jpg,1,clothing,clothes,3
clothing/clothes/clothes278.jpg,1,clothing,clothes,5
clothing/clothes/clothes3833.jpg,1,clothing,clothes,2
clothing/clothes/clothes73.jpg,1,clothing,clothes,4
clothing/clothes/clothes1865.jpg,1,clothing,clothes,2
clothing/clothes/clothes1836.jpg,1,clothing,clothes,4
clothing/clothes/clothes3805.jpg,1,clothing,clothes,5
clothing/clothes/clothes3660.jpg,1,clothing,clothes,2
clothing/clothes/clothes1783.jpg,1,clothing,clothes,2
clothing/clothes/clothes1749.jpg,1,clothing,clothes,3
clothing/clothes/clothes4290.jpg,1,clothing,clothes,5
clothing/clothes/clothes156.jpg,1,clothing,clothes,5
clothing/clothes/clothes4160.jpg,1,clothing,clothes,5
clothing/clothes/clothes5068.jpg,1,clothing,clothes,2
clothing/clothes/clothes3799.jpg,1,clothing,clothes,2
clothing/clothes/clothes3891.jpg,1,clothing,clothes,3
clothing/clothes/clothes3335.jpg,1,clothing,clothes,2
clothing/clothes/clothes4300.jpg,1,clothing,clothes,5
clothing/clothes/clothes3457.jpg,1,clothing,clothes,2
clothing/clothes/clothes1559.jpg,1,clothing,clothes,2
clothing/clothes/clothes477.jpg,1,clothing,clothes,4
clothing/clothes/clothes503.jpg,1,clothing,clothes,2
clothing/clothes/clothes280.jpg,1,clothing,clothes,3
clothing/clothes/clothes949.jpg,1,clothing,clothes,4
clothing/clothes/clothes3875.jpg,1,clothing,clothes,3
clothing/clothes/clothes4364.jpg,1,clothing,clothes,3
clothing/clothes/clothes263.jpg,1,clothing,clothes,3
clothing/clothes/clothes3021.jpg,1,clothing,clothes,5
clothing/clothes/clothes1012.jpg,1,clothing,clothes,3
clothing/clothes/clothes267.jpg,1,clothing,clothes,2
clothing/clothes/clothes2385.jpg,1,clothing,clothes,4
clothing/clothes/clothes2597.jpg,1,clothing,clothes,5
clothing/clothes/clothes2171.jpg,1,clothing,clothes,2
clothing/clothes/clothes3271.jpg,1,clothing,clothes,2
clothing/clothes/clothes3744.jpg,1,clothing,clothes,2
clothing/clothes/clothes4218.jpg,1,clothing,clothes,5
clothing/clothes/clothes1543.jpg,1,clothing,clothes,3
clothing/clothes/clothes4917.jpg,1,clothing,clothes,5
clothing/clothes/clothes2503.jpg,1,clothing,clothes,2
clothing/clothes/clothes684.jpg,1,clothing,clothes,5
clothing/clothes/clothes3576.jpg,1,clothing,clothes,4
clothing/clothes/clothes1044.jpg,1,clothing,clothes,3
clothing/clothes/clothes1516.jpg,1,clothing,clothes,2
clothing/clothes/clothes4815.jpg,1,clothing,clothes,3
clothing/clothes/clothes2070.jpg,1,clothing,clothes,3
clothing/clothes/clothes3201.jpg,1,clothing,clothes,5
clothing/clothes/clothes2116.jpg,1,clothing,clothes,3
clothing/clothes/clothes2799.jpg,1,clothing,clothes,4
clothing/clothes/clothes2603.jpg,1,clothing,clothes,3
clothing/clothes/clothes2142.jpg,1,clothing,clothes,2
clothing/clothes/clothes2929.jpg,1,clothing,clothes,4
clothing/clothes/clothes213.jpg,1,clothing,clothes,5
clothing/clothes/clothes1876.jpg,1,clothing,clothes,3
clothing/clothes/clothes2129.jpg,1,clothing,clothes,4
clothing/clothes/clothes4733.jpg,1,clothing,clothes,5
clothing/clothes/clothes1081.jpg,1,clothing,clothes,5
clothing/clothes/clothes5075.jpg,1,clothing,clothes,4
clothing/clothes/clothes1721.jpg,1,clothing,clothes,4
clothing/clothes/clothes2873.jpg,1,clothing,clothes,2
clothing/clothes/clothes5272.jpg,1,clothing,clothes,4
clothing/clothes/clothes1318.jpg,1,clothing,clothes,2
clothing/clothes/clothes2680.jpg,1,clothing,clothes,3
clothing/clothes/clothes4299.jpg,1,clothing,clothes,2
clothing/clothes/clothes798.jpg,1,clothing,clothes,3
clothing/clothes/clothes2847.jpg,1,clothing,clothes,5
clothing/clothes/clothes2635.jpg,1,clothing,clothes,3
clothing/clothes/clothes4970.jpg,1,clothing,clothes,2
clothing/clothes/clothes2240.jpg,1,clothing,clothes,4
clothing/clothes/clothes114.jpg,1,clothing,clothes,4
clothing/clothes/clothes2241.jpg,1,clothing,clothes,4
clothing/clothes/clothes2220.jpg,1,clothing,clothes,4
clothing/clothes/clothes1112.jpg,1,clothing,clothes,5
clothing/clothes/clothes2293.jpg,1,clothing,clothes,4
clothing/clothes/clothes2117.jpg,1,clothing,clothes,3
clothing/clothes/clothes3728.jpg,1,clothing,clothes,2
clothing/clothes/clothes5127.jpg,1,clothing,clothes,4
clothing/clothes/clothes2046.jpg,1,clothing,clothes,4
clothing/clothes/clothes2795.jpg,1,clothing,clothes,2
clothing/clothes/clothes5193.jpg,1,clothing,clothes,3
clothing/clothes/clothes3571.jpg,1,clothing,clothes,2
clothing/clothes/clothes1739.jpg,1,clothing,clothes,2
clothing/clothes/clothes4767.jpg,1,clothing,clothes,3
clothing/clothes/clothes1379.jpg,1,clothing,clothes,4
clothing/clothes/clothes2081.jpg,1,clothing,clothes,2
clothing/clothes/clothes1244.jpg,1,clothing,clothes,4
clothing/clothes/clothes3958.jpg,1,clothing,clothes,3
clothing/clothes/clothes4700.jpg,1,clothing,clothes,4
clothing/clothes/clothes4150.jpg,1,clothing,clothes,3
clothing/clothes/clothes1286.jpg,1,clothing,clothes,5
clothing/clothes/clothes2813.jpg,1,clothing,clothes,4
clothing/clothes/clothes2773.jpg,1,clothing,clothes,4
clothing/clothes/clothes3717.jpg,1,clothing,clothes,3
clothing/clothes/clothes4895.jpg,1,clothing,clothes,4
clothing/clothes/clothes1141.jpg,1,clothing,clothes,4
clothing/clothes/clothes2764.jpg,1,clothing,clothes,2
clothing/clothes/clothes3961.jpg,1,clothing,clothes,2
clothing/clothes/clothes2384.jpg,1,clothing,clothes,5
clothing/clothes/clothes1450.jpg,1,clothing,clothes,2
clothing/clothes/clothes5145.jpg,1,clothing,clothes,3
clothing/clothes/clothes2343.jpg,1,clothing,clothes,5
clothing/clothes/clothes3640.jpg,1,clothing,clothes,5
clothing/clothes/clothes5256.jpg,1,clothing,clothes,4
clothing/clothes/clothes2087.jpg,1,clothing,clothes,3
clothing/clothes/clothes1695.jpg,1,clothing,clothes,4
clothing/clothes/clothes4445.jpg,1,clothing,clothes,5
clothing/clothes/clothes4463.jpg,1,clothing,clothes,2
clothing/clothes/clothes942.jpg,1,clothing,clothes,3
clothing/clothes/clothes1063.jpg,1,clothing,clothes,5
clothing/clothes/clothes5163.jpg,1,clothing,clothes,3
clothing/clothes/clothes3401.jpg,1,clothing,clothes,4
clothing/clothes/clothes5083.jpg,1,clothing,clothes,2
clothing/clothes/clothes1026.jpg,1,clothing,clothes,5
clothing/clothes/clothes2594.jpg,1,clothing,clothes,4
clothing/clothes/clothes3394.jpg,1,clothing,clothes,5
clothing/clothes/clothes541.jpg,1,clothing,clothes,4
clothing/clothes/clothes838.jpg,1,clothing,clothes,5
clothing/clothes/clothes967.jpg,1,clothing,clothes,5
clothing/clothes/clothes1652.jpg,1,clothing,clothes,4
clothing/clothes/clothes196.jpg,1,clothing,clothes,2
clothing/clothes/clothes3733.jpg,1,clothing,clothes,5
clothing/clothes/clothes683.jpg,1,clothing,clothes,4
clothing/clothes/clothes1634.jpg,1,clothing,clothes,5
clothing/clothes/clothes3867.jpg,1,clothing,clothes,2
clothing/clothes/clothes3993.jpg,1,clothing,clothes,3
clothing/clothes/clothes3523.jpg,1,clothing,clothes,2
clothing/clothes/clothes149.jpg,1,clothing,clothes,2
clothing/clothes/clothes3840.jpg,1,clothing,clothes,4
clothing/clothes/clothes2782.jpg,1,clothing,clothes,5
clothing/clothes/clothes3099.jpg,1,clothing,clothes,3
clothing/clothes/clothes514.jpg,1,clothing,clothes,4
clothing/clothes/clothes5205.jpg,1,clothing,clothes,2
clothing/clothes/clothes4184.jpg,1,clothing,clothes,2
clothing/clothes/clothes1609.jpg,1,clothing,clothes,3
clothing/clothes/clothes3808.jpg,1,clothing,clothes,2
clothing/clothes/clothes1466.jpg,1,clothing,clothes,2
clothing/clothes/clothes4538.jpg,1,clothing,clothes,3
clothing/clothes/clothes1474.jpg,1,clothing,clothes,3
clothing/clothes/clothes4163.jpg,1,clothing,clothes,4
clothing/clothes/clothes5101.jpg,1,clothing,clothes,4
clothing/clothes/clothes1757.jpg,1,clothing,clothes,4
clothing/clothes/clothes319.jpg,1,clothing,clothes,2
clothing/clothes/clothes1111.jpg,1,clothing,clothes,4
clothing/clothes/clothes5233.jpg,1,clothing,clothes,5
clothing/clothes/clothes4641.jpg,1,clothing,clothes,4
clothing/clothes/clothes5012.jpg,1,clothing,clothes,5
clothing/clothes/clothes2725.jpg,1,clothing,clothes,5
clothing/clothes/clothes1846.jpg,1,clothing,clothes,2
clothing/clothes/clothes2534.jpg,1,clothing,clothes,4
clothing/clothes/clothes183.jpg,1,clothing,clothes,5
clothing/clothes/clothes2727.jpg,1,clothing,clothes,4
clothing/clothes/clothes2230.jpg,1,clothing,clothes,4
clothing/clothes/clothes1365.jpg,1,clothing,clothes,4
clothing/clothes/clothes2501.jpg,1,clothing,clothes,4
clothing/clothes/clothes1283.jpg,1,clothing,clothes,5
clothing/clothes/clothes2551.jpg,1,clothing,clothes,3
clothing/clothes/clothes2075.jpg,1,clothing,clothes,3
clothing/clothes/clothes3832.jpg,1,clothing,clothes,3
clothing/clothes/clothes618.jpg,1,clothing,clothes,2
clothing/clothes/clothes4295.jpg,1,clothing,clothes,2
clothing/clothes/clothes1309.jpg,1,clothing,clothes,5
clothing/clothes/clothes3333.jpg,1,clothing,clothes,2
clothing/clothes/clothes3056.jpg,1,clothing,clothes,3
clothing/clothes/clothes2709.jpg,1,clothing,clothes,5
clothing/clothes/clothes1478.jpg,1,clothing,clothes,3
clothing/clothes/clothes3328.jpg,1,clothing,clothes,5
clothing/clothes/clothes4730.jpg,1,clothing,clothes,2
clothing/clothes/clothes4233.jpg,1,clothing,clothes,5
clothing/clothes/clothes4340.jpg,1,clothing,clothes,4
clothing/clothes/clothes2931.jpg,1,clothing,clothes,2
clothing/clothes/clothes1157.jpg,1,clothing,clothes,5
clothing/clothes/clothes2092.jpg,1,clothing,clothes,2
clothing/clothes/clothes1252.jpg,1,clothing,clothes,4
clothing/clothes/clothes4077.jpg,1,clothing,clothes,4
clothing/clothes/clothes4665.jpg,1,clothing,clothes,4
clothing/clothes/clothes1760.jpg,1,clothing,clothes,3
clothing/clothes/clothes4333.jpg,1,clothing,clothes,3
clothing/clothes/clothes147.jpg,1,clothing,clothes,3
clothing/clothes/clothes2760.jpg,1,clothing,clothes,3
clothing/clothes/clothes2687.jpg,1,clothing,clothes,2
clothing/clothes/clothes961.jpg,1,clothing,clothes,2
clothing/clothes/clothes4701.jpg,1,clothing,clothes,2
clothing/clothes/clothes3693.jpg,1,clothing,clothes,3
clothing/clothes/clothes3612.jpg,1,clothing,clothes,3
clothing/clothes/clothes3506.jpg,1,clothing,clothes,3
clothing/clothes/clothes1269.jpg,1,clothing,clothes,5
clothing/clothes/clothes745.jpg,1,clothing,clothes,4
clothing/clothes/clothes423.jpg,1,clothing,clothes,4
clothing/clothes/clothes3966.jpg,1,clothing,clothes,3
clothing/clothes/clothes2242.jpg,1,clothing,clothes,5
clothing/clothes/clothes3471.jpg,1,clothing,clothes,3
clothing/clothes/clothes3105.jpg,1,clothing,clothes,4
clothing/clothes/clothes353.jpg,1,clothing,clothes,3
clothing/clothes/clothes3692.jpg,1,clothing,clothes,3
clothing/clothes/clothes3676.jpg,1,clothing,clothes,3
clothing/clothes/clothes2990.jpg,1,clothing,clothes,5
clothing/clothes/clothes1048.jpg,1,clothing,clothes,4
clothing/clothes/clothes4.jpg,1,clothing,clothes,4
clothing/clothes/clothes1942.jpg,1,clothing,clothes,3
clothing/clothes/clothes2324.jpg,1,clothing,clothes,3
clothing/clothes/clothes1255.jpg,1,clothing,clothes,3
clothing/clothes/clothes265.jpg,1,clothing,clothes,4
clothing/clothes/clothes3262.jpg,1,clothing,clothes,4
clothing/clothes/clothes4921.jpg,1,clothing,clothes,4
clothing/clothes/clothes5290.jpg,1,clothing,clothes,4
clothing/clothes/clothes2520.jpg,1,clothing,clothes,2
clothing/clothes/clothes4383.jpg,1,clothing,clothes,3
clothing/clothes/clothes4693.jpg,1,clothing,clothes,2
clothing/clothes/clothes3167.jpg,1,clothing,clothes,2
clothing/clothes/clothes157.jpg,1,clothing,clothes,5
clothing/clothes/clothes3991.jpg,1,clothing,clothes,3
clothing/clothes/clothes1125.jpg,1,clothing,clothes,2
clothing/clothes/clothes3370.jpg,1,clothing,clothes,4
clothing/clothes/clothes2151.jpg,1,clothing,clothes,4
clothing/clothes/clothes3064.jpg,1,clothing,clothes,3
clothing/clothes/clothes759.jpg,1,clothing,clothes,3
clothing/clothes/clothes1166.jpg,1,clothing,clothes,2
clothing/clothes/clothes2322.jpg,1,clothing,clothes,2
clothing/clothes/clothes3675.jpg,1,clothing,clothes,4
clothing/clothes/clothes2016.jpg,1,clothing,clothes,4
clothing/clothes/clothes2553.jpg,1,clothing,clothes,5
clothing/clothes/clothes2596.jpg,1,clothing,clothes,2
clothing/clothes/clothes1616.jpg,1,clothing,clothes,5
clothing/clothes/clothes330.jpg,1,clothing,clothes,3
clothing/clothes/clothes4103.jpg,1,clothing,clothes,2
clothing/clothes/clothes1677.jpg,1,clothing,clothes,3
clothing/clothes/clothes2960.jpg,1,clothing,clothes,4
clothing/clothes/clothes4595.jpg,1,clothing,clothes,2
clothing/clothes/clothes5200.jpg,1,clothing,clothes,4
clothing/clothes/clothes3374.jpg,1,clothing,clothes,5
clothing/clothes/clothes4712.jpg,1,clothing,clothes,4
clothing/clothes/clothes764.jpg,1,clothing,clothes,2
clothing/clothes/clothes3055.jpg,1,clothing,clothes,2
clothing/clothes/clothes4104.jpg,1,clothing,clothes,5
clothing/clothes/clothes3222.jpg,1,clothing,clothes,4
clothing/clothes/clothes2045.jpg,1,clothing,clothes,5
clothing/clothes/clothes4462.jpg,1,clothing,clothes,3
clothing/clothes/clothes173.jpg,1,clothing,clothes,3
clothing/clothes/clothes657.jpg,1,clothing,clothes,2
clothing/clothes/clothes4198.jpg,1,clothing,clothes,5
clothing/clothes/clothes4801.jpg,1,clothing,clothes,4
clothing/clothes/clothes1929.jpg,1,clothing,clothes,5
clothing/clothes/clothes4758.jpg,1,clothing,clothes,4
clothing/clothes/clothes2623.jpg,1,clothing,clothes,2
clothing/clothes/clothes513.jpg,1,clothing,clothes,3
clothing/clothes/clothes4760.jpg,1,clothing,clothes,5
clothing/clothes/clothes2658.jpg,1,clothing,clothes,4
clothing/clothes/clothes2710.jpg,1,clothing,clothes,2
clothing/clothes/clothes2089.jpg,1,clothing,clothes,3
clothing/clothes/clothes3594.jpg,1,clothing,clothes,4
clothing/clothes/clothes1356.jpg,1,clothing,clothes,4
clothing/clothes/clothes601.jpg,1,clothing,clothes,5
clothing/clothes/clothes3475.jpg,1,clothing,clothes,2
clothing/clothes/clothes1906.jpg,1,clothing,clothes,4
clothing/clothes/clothes589.jpg,1,clothing,clothes,4
clothing/clothes/clothes2675.jpg,1,clothing,clothes,4
clothing/clothes/clothes3959.jpg,1,clothing,clothes,4
clothing/clothes/clothes1572.jpg,1,clothing,clothes,5
clothing/clothes/clothes4112.jpg,1,clothing,clothes,5
clothing/clothes/clothes4068.jpg,1,clothing,clothes,4
clothing/clothes/clothes2088.jpg,1,clothing,clothes,2
clothing/clothes/clothes4580.jpg,1,clothing,clothes,3
clothing/clothes/clothes3889.jpg,1,clothing,clothes,4
clothing/clothes/clothes2202.jpg,1,clothing,clothes,3
clothing/clothes/clothes1755.jpg,1,clothing,clothes,5
clothing/clothes/clothes1188.jpg,1,clothing,clothes,4
clothing/clothes/clothes1282.jpg,1,clothing,clothes,3
clothing/clothes/clothes2754.jpg,1,clothing,clothes,4
clothing/clothes/clothes1868.jpg,1,clothing,clothes,4
clothing/clothes/clothes339.jpg,1,clothing,clothes,3
clothing/clothes/clothes982.jpg,1,clothing,clothes,3
clothing/clothes/clothes205.jpg,1,clothing,clothes,5
clothing/clothes/clothes1245.jpg,1,clothing,clothes,4
clothing/clothes/clothes1414.jpg,1,clothing,clothes,3
clothing/clothes/clothes2914.jpg,1,clothing,clothes,4
clothing/clothes/clothes4744.jpg,1,clothing,clothes,5
clothing/clothes/clothes465.jpg,1,clothing,clothes,4
clothing/clothes/clothes3734.jpg,1,clothing,clothes,2
clothing/clothes/clothes2141.jpg,1,clothing,clothes,2
clothing/clothes/clothes159.jpg,1,clothing,clothes,5
clothing/clothes/clothes1775.jpg,1,clothing,clothes,5
clothing/clothes/clothes906.jpg,1,clothing,clothes,3
clothing/clothes/clothes3632.jpg,1,clothing,clothes,3
clothing/clothes/clothes882.jpg,1,clothing,clothes,2
clothing/clothes/clothes1591.jpg,1,clothing,clothes,4
clothing/clothes/clothes2731.jpg,1,clothing,clothes,2
clothing/clothes/clothes1284.jpg,1,clothing,clothes,5
clothing/clothes/clothes1649.jpg,1,clothing,clothes,5
clothing/clothes/clothes2158.jpg,1,clothing,clothes,3
clothing/clothes/clothes1085.jpg,1,clothing,clothes,4
clothing/clothes/clothes3417.jpg,1,clothing,clothes,4
clothing/clothes/clothes4250.jpg,1,clothing,clothes,4
clothing/clothes/clothes561.jpg,1,clothing,clothes,2
clothing/clothes/clothes2441.jpg,1,clothing,clothes,4
clothing/clothes/clothes654.jpg,1,clothing,clothes,3
clothing/clothes/clothes1722.jpg,1,clothing,clothes,5
clothing/clothes/clothes3015.jpg,1,clothing,clothes,2
clothing/clothes/clothes1863.jpg,1,clothing,clothes,4
clothing/clothes/clothes1687.jpg,1,clothing,clothes,3
clothing/clothes/clothes3987.jpg,1,clothing,clothes,5
clothing/clothes/clothes3030.jpg,1,clothing,clothes,5
clothing/clothes/clothes987.jpg,1,clothing,clothes,5
clothing/clothes/clothes1084.jpg,1,clothing,clothes,2
clothing/clothes/clothes3787.jpg,1,clothing,clothes,5
clothing/clothes/clothes3294.jpg,1,clothing,clothes,4
clothing/clothes/clothes1311.jpg,1,clothing,clothes,3
clothing/clothes/clothes3814.jpg,1,clothing,clothes,5
clothing/clothes/clothes1195.jpg,1,clothing,clothes,5
clothing/clothes/clothes5146.jpg,1,clothing,clothes,2
clothing/clothes/clothes2369.jpg,1,clothing,clothes,5
clothing/clothes/clothes1642.jpg,1,clothing,clothes,2
clothing/clothes/clothes130.jpg,1,clothing,clothes,2
clothing/clothes/clothes2938.jpg,1,clothing,clothes,3
clothing/clothes/clothes1437.jpg,1,clothing,clothes,4
clothing/clothes/clothes2258.jpg,1,clothing,clothes,5
clothing/clothes/clothes830.jpg,1,clothing,clothes,3
clothing/clothes/clothes988.jpg,1,clothing,clothes,2
clothing/clothes/clothes2255.jpg,1,clothing,clothes,3
clothing/clothes/clothes3725.jpg,1,clothing,clothes,2
clothing/clothes/clothes1563.jpg,1,clothing,clothes,5
clothing/clothes/clothes2518.jpg,1,clothing,clothes,2
clothing/clothes/clothes15.jpg,1,clothing,clothes,3
clothing/clothes/clothes4688.jpg,1,clothing,clothes,3
clothing/clothes/clothes4144.jpg,1,clothing,clothes,3
clothing/clothes/clothes3677.jpg,1,clothing,clothes,5
clothing/clothes/clothes3732.jpg,1,clothing,clothes,4
clothing/clothes/clothes418.jpg,1,clothing,clothes,4
clothing/clothes/clothes1142.jpg,1,clothing,clothes,2
clothing/clothes/clothes2656.jpg,1,clothing,clothes,2
clothing/clothes/clothes1859.jpg,1,clothing,clothes,2
clothing/clothes/clothes3616.jpg,1,clothing,clothes,4
clothing/clothes/clothes1796.jpg,1,clothing,clothes,3
clothing/clothes/clothes702.jpg,1,clothing,clothes,2
clothing/clothes/clothes4221.jpg,1,clothing,clothes,4
clothing/clothes/clothes2605.jpg,1,clothing,clothes,4
clothing/clothes/clothes2884.jpg,1,clothing,clothes,3
clothing/clothes/clothes2462.jpg,1,clothing,clothes,5
clothing/clothes/clothes3789.jpg,1,clothing,clothes,2
clothing/clothes/clothes282.jpg,1,clothing,clothes,4
clothing/clothes/clothes4349.jpg,1,clothing,clothes,3
clothing/clothes/clothes3478.jpg,1,clothing,clothes,5
clothing/clothes/clothes854.jpg,1,clothing,clothes,3
clothing/clothes/clothes1689.jpg,1,clothing,clothes,5
clothing/clothes/clothes352.jpg,1,clothing,clothes,4
clothing/clothes/clothes1807.jpg,1,clothing,clothes,4
clothing/clothes/clothes3668.jpg,1,clothing,clothes,4
clothing/clothes/clothes3709.jpg,1,clothing,clothes,5
clothing/clothes/clothes1917.jpg,1,clothing,clothes,5
clothing/clothes/clothes2055.jpg,1,clothing,clothes,5
clothing/clothes/clothes3314.jpg,1,clothing,clothes,4
clothing/clothes/clothes4347.jpg,1,clothing,clothes,3
clothing/clothes/clothes2991.jpg,1,clothing,clothes,4
clothing/clothes/clothes2547.jpg,1,clothing,clothes,2
clothing/clothes/clothes2545.jpg,1,clothing,clothes,4
clothing/clothes/clothes2447.jpg,1,clothing,clothes,4
clothing/clothes/clothes1040.jpg,1,clothing,clothes,4
clothing/clothes/clothes889.jpg,1,clothing,clothes,2
clothing/clothes/clothes5314.jpg,1,clothing,clothes,4
clothing/clothes/clothes1792.jpg,1,clothing,clothes,2
clothing/clothes/clothes4087.jpg,1,clothing,clothes,2
clothing/clothes/clothes2918.jpg,1,clothing,clothes,2
clothing/clothes/clothes2686.jpg,1,clothing,clothes,2
clothing/clothes/clothes2741.jpg,1,clothing,clothes,4
clothing/clothes/clothes1099.jpg,1,clothing,clothes,3
clothing/clothes/clothes3544.jpg,1,clothing,clothes,5
clothing/clothes/clothes1506.jpg,1,clothing,clothes,5
clothing/clothes/clothes682.jpg,1,clothing,clothes,5
clothing/clothes/clothes2412.jpg,1,clothing,clothes,2
clothing/clothes/clothes4927.jpg,1,clothing,clothes,2
clothing/clothes/clothes2885.jpg,1,clothing,clothes,5
clothing/clothes/clothes2014.jpg,1,clothing,clothes,4
clothing/clothes/clothes1096.jpg,1,clothing,clothes,2
clothing/clothes/clothes5004.jpg,1,clothing,clothes,4
clothing/clothes/clothes5322.jpg,1,clothing,clothes,5
clothing/clothes/clothes3452.jpg,1,clothing,clothes,4
clothing/clothes/clothes4492.jpg,1,clothing,clothes,2
clothing/clothes/clothes1647.jpg,1,clothing,clothes,3
clothing/clothes/clothes4210.jpg,1,clothing,clothes,3
clothing/clothes/clothes1139.jpg,1,clothing,clothes,2
clothing/clothes/clothes2222.jpg,1,clothing,clothes,2
clothing/clothes/clothes2304.jpg,1,clothing,clothes,2
clothing/clothes/clothes366.jpg,1,clothing,clothes,5
clothing/clothes/clothes1569.jpg,1,clothing,clothes,4
clothing/clothes/clothes4875.jpg,1,clothing,clothes,5
clothing/clothes/clothes2753.jpg,1,clothing,clothes,3
clothing/clothes/clothes2003.jpg,1,clothing,clothes,5
clothing/clothes/clothes3821.jpg,1,clothing,clothes,2
clothing/clothes/clothes391.jpg,1,clothing,clothes,3
clothing/clothes/clothes4860.jpg,1,clothing,clothes,4
clothing/clothes/clothes3855.jpg,1,clothing,clothes,4
clothing/clothes/clothes4385.jpg,1,clothing,clothes,3
clothing/clothes/clothes4377.jpg,1,clothing,clothes,5
clothing/clothes/clothes140.jpg,1,clothing,clothes,2
clothing/clothes/clothes4460.jpg,1,clothing,clothes,2
clothing/clothes/clothes1484.jpg,1,clothing,clothes,3
clothing/clothes/clothes3847.jpg,1,clothing,clothes,3
clothing/clothes/clothes5175.jpg,1,clothing,clothes,2
clothing/clothes/clothes1224.jpg,1,clothing,clothes,2
clothing/clothes/clothes3144.jpg,1,clothing,clothes,3
clothing/clothes/clothes3500.jpg,1,clothing,clothes,2
clothing/clothes/clothes4541.jpg,1,clothing,clothes,2
clothing/clothes/clothes3812.jpg,1,clothing,clothes,4
clothing/clothes/clothes4028.jpg,1,clothing,clothes,2
clothing/clothes/clothes1482.jpg,1,clothing,clothes,2
clothing/clothes/clothes314.jpg,1,clothing,clothes,5
clothing/clothes/clothes2538.jpg,1,clothing,clothes,3
clothing/clothes/clothes2216.jpg,1,clothing,clothes,4
clothing/clothes/clothes3412.jpg,1,clothing,clothes,5
clothing/clothes/clothes4059.jpg,1,clothing,clothes,2
clothing/clothes/clothes832.jpg,1,clothing,clothes,3
clothing/clothes/clothes2565.jpg,1,clothing,clothes,5
clothing/clothes/clothes2123.jpg,1,clothing,clothes,2
clothing/clothes/clothes2886.jpg,1,clothing,clothes,2
clothing/clothes/clothes1731.jpg,1,clothing,clothes,4
clothing/clothes/clothes4010.jpg,1,clothing,clothes,3
clothing/clothes/clothes1984.jpg,1,clothing,clothes,4
clothing/clothes/clothes563.jpg,1,clothing,clothes,5
clothing/clothes/clothes3324.jpg,1,clothing,clothes,5
clothing/clothes/clothes3146.jpg,1,clothing,clothes,2
clothing/clothes/clothes2327.jpg,1,clothing,clothes,3
clothing/clothes/clothes3965.jpg,1,clothing,clothes,2
clothing/clothes/clothes1968.jpg,1,clothing,clothes,5
clothing/clothes/clothes2118.jpg,1,clothing,clothes,2
clothing/clothes/clothes4677.jpg,1,clothing,clothes,2
clothing/clothes/clothes4011.jpg,1,clothing,clothes,2
clothing/clothes/clothes4209.jpg,1,clothing,clothes,2
clothing/clothes/clothes1504.jpg,1,clothing,clothes,3
clothing/clothes/clothes4371.jpg,1,clothing,clothes,4
clothing/clothes/clothes1302.jpg,1,clothing,clothes,5
clothing/clothes/clothes3353.jpg,1,clothing,clothes,5
clothing/clothes/clothes4954.jpg,1,clothing,clothes,5
clothing/clothes/clothes4685.jpg,1,clothing,clothes,5
clothing/clothes/clothes3590.jpg,1,clothing,clothes,5
clothing/clothes/clothes3403.jpg,1,clothing,clothes,2
clothing/clothes/clothes924.jpg,1,clothing,clothes,5
clothing/clothes/clothes3318.jpg,1,clothing,clothes,3
clothing/clothes/clothes3326.jpg,1,clothing,clothes,2
clothing/clothes/clothes685.jpg,1,clothing,clothes,2
clothing/clothes/clothes3059.jpg,1,clothing,clothes,4
clothing/clothes/clothes44.jpg,1,clothing,clothes,4
clothing/clothes/clothes2853.jpg,1,clothing,clothes,4
clothing/clothes/clothes814.jpg,1,clothing,clothes,4
clothing/clothes/clothes2208.jpg,1,clothing,clothes,3
clothing/clothes/clothes412.jpg,1,clothing,clothes,5
clothing/clothes/clothes4266.jpg,1,clothing,clothes,3
clothing/clothes/clothes1101.jpg,1,clothing,clothes,4
clothing/clothes/clothes3667.jpg,1,clothing,clothes,2
clothing/clothes/clothes467.jpg,1,clothing,clothes,2
clothing/clothes/clothes2685.jpg,1,clothing,clothes,5
clothing/clothes/clothes315.jpg,1,clothing,clothes,3
clothing/clothes/clothes2691.jpg,1,clothing,clothes,5
clothing/clothes/clothes5248.jpg,1,clothing,clothes,2
clothing/clothes/clothes1795.jpg,1,clothing,clothes,5
clothing/clothes/clothes103.jpg,1,clothing,clothes,5
clothing/clothes/clothes1075.jpg,1,clothing,clothes,2
clothing/clothes/clothes4674.jpg,1,clothing,clothes,4
clothing/clothes/clothes4994.jpg,1,clothing,clothes,5
clothing/clothes/clothes1186.jpg,1,clothing,clothes,3
clothing/clothes/clothes3136.jpg,1,clothing,clothes,4
clothing/clothes/clothes3939.jpg,1,clothing,clothes,5
clothing/clothes/clothes395.jpg,1,clothing,clothes,2
clothing/clothes/clothes292.jpg,1,clothing,clothes,2
clothing/clothes/clothes1693.jpg,1,clothing,clothes,5
clothing/clothes/clothes2213.jpg,1,clothing,clothes,5
clothing/clothes/clothes956.jpg,1,clothing,clothes,4
clothing/clothes/clothes2124.jpg,1,clothing,clothes,4
clothing/clothes/clothes2038.jpg,1,clothing,clothes,3
clothing/clothes/clothes1603.jpg,1,clothing,clothes,5
clothing/clothes/clothes2803.jpg,1,clothing,clothes,3
clothing/clothes/clothes4897.jpg,1,clothing,clothes,3
clothing/clothes/clothes660.jpg,1,clothing,clothes,5
clothing/clothes/clothes2320.jpg,1,clothing,clothes,5
clothing/clothes/clothes3538.jpg,1,clothing,clothes,2
clothing/clothes/clothes2345.jpg,1,clothing,clothes,5
clothing/clothes/clothes4153.jpg,1,clothing,clothes,5
clothing/clothes/clothes828.jpg,1,clothing,clothes,5
clothing/clothes/clothes1032.jpg,1,clothing,clothes,5
clothing/clothes/clothes5194.jpg,1,clothing,clothes,5
clothing/clothes/clothes1540.jpg,1,clothing,clothes,4
clothing/clothes/clothes4423.jpg,1,clothing,clothes,2
clothing/clothes/clothes2295.jpg,1,clothing,clothes,4
clothing/clothes/clothes4792.jpg,1,clothing,clothes,4
clothing/clothes/clothes1310.jpg,1,clothing,clothes,3
clothing/clothes/clothes3813.jpg,1,clothing,clothes,5
clothing/clothes/clothes3256.jpg,1,clothing,clothes,2
clothing/clothes/clothes1173.jpg,1,clothing,clothes,5
clothing/clothes/clothes5190.jpg,1,clothing,clothes,2
clothing/clothes/clothes3415.jpg,1,clothing,clothes,2
clothing/clothes/clothes2933.jpg,1,clothing,clothes,4
clothing/clothes/clothes3461.jpg,1,clothing,clothes,3
clothing/clothes/clothes2153.jpg,1,clothing,clothes,3
clothing/clothes/clothes2722.jpg,1,clothing,clothes,2
clothing/clothes/clothes3620.jpg,1,clothing,clothes,5
clothing/clothes/clothes313.jpg,1,clothing,clothes,3
clothing/clothes/clothes4291.jpg,1,clothing,clothes,2
clothing/clothes/clothes2557.jpg,1,clothing,clothes,3
clothing/clothes/clothes2695.jpg,1,clothing,clothes,5
clothing/clothes/clothes3800.jpg,1,clothing,clothes,5
clothing/clothes/clothes3578.jpg,1,clothing,clothes,3
clothing/clothes/clothes3596.jpg,1,clothing,clothes,2
clothing/clothes/clothes5072.jpg,1,clothing,clothes,5
clothing/clothes/clothes182.jpg,1,clothing,clothes,4
clothing/clothes/clothes3529.jpg,1,clothing,clothes,5
clothing/clothes/clothes3831.jpg,1,clothing,clothes,3
clothing/clothes/clothes4715.jpg,1,clothing,clothes,4
clothing/clothes/clothes16.jpg,1,clothing,clothes,2
clothing/clothes/clothes1124.jpg,1,clothing,clothes,5
clothing/clothes/clothes2571.jpg,1,clothing,clothes,4
clothing/clothes/clothes580.jpg,1,clothing,clothes,4
clothing/clothes/clothes2896.jpg,1,clothing,clothes,5
clothing/clothes/clothes1225.jpg,1,clothing,clothes,2
clothing/clothes/clothes1619.jpg,1,clothing,clothes,2
clothing/clothes/clothes1168.jpg,1,clothing,clothes,4
clothing/clothes/clothes1408.jpg,1,clothing,clothes,5
clothing/clothes/clothes4304.jpg,1,clothing,clothes,2
clothing/clothes/clothes3923.jpg,1,clothing,clothes,3
clothing/clothes/clothes1951.jpg,1,clothing,clothes,4
clothing/clothes/clothes1019.jpg,1,clothing,clothes,5
clothing/clothes/clothes2510.jpg,1,clothing,clothes,4
clothing/clothes/clothes3126.jpg,1,clothing,clothes,2
clothing/clothes/clothes1707.jpg,1,clothing,clothes,2
clothing/clothes/clothes392.jpg,1,clothing,clothes,3
clothing/clothes/clothes2203.jpg,1,clothing,clothes,3
clothing/clothes/clothes1517.jpg,1,clothing,clothes,3
clothing/clothes/clothes2164.jpg,1,clothing,clothes,3
clothing/clothes/clothes3630.jpg,1,clothing,clothes,2
clothing/clothes/clothes3674.jpg,1,clothing,clothes,5
clothing/clothes/clothes4615.jpg,1,clothing,clothes,2
clothing/clothes/clothes5041.jpg,1,clothing,clothes,2
clothing/clothes/clothes2842.jpg,1,clothing,clothes,4
clothing/clothes/clothes2574.jpg,1,clothing,clothes,5
clothing/clothes/clothes3275.jpg,1,clothing,clothes,4
clothing/clothes/clothes1016.jpg,1,clothing,clothes,4
clothing/clothes/clothes4079.jpg,1,clothing,clothes,4
clothing/clothes/clothes3707.jpg,1,clothing,clothes,4
clothing/clothes/clothes914.jpg,1,clothing,clothes,3
clothing/clothes/clothes4175.jpg,1,clothing,clothes,5
clothing/clothes/clothes521.jpg,1,clothing,clothes,5
clothing/clothes/clothes484.jpg,1,clothing,clothes,4
clothing/clothes/clothes1280.jpg,1,clothing,clothes,2
clothing/clothes/clothes734.jpg,1,clothing,clothes,3
clothing/clothes/clothes2876.jpg,1,clothing,clothes,3
clothing/clothes/clothes5034.jpg,1,clothing,clothes,4
clothing/clothes/clothes3945.jpg,1,clothing,clothes,3
clothing/clothes/clothes4145.jpg,1,clothing,clothes,4
clothing/clothes/clothes3124.jpg,1,clothing,clothes,2
clothing/clothes/clothes3164.jpg,1,clothing,clothes,4
clothing/clothes/clothes1531.jpg,1,clothing,clothes,2
clothing/clothes/clothes1181.jpg,1,clothing,clothes,4
clothing/clothes/clothes1067.jpg,1,clothing,clothes,2
clothing/clothes/clothes855.jpg,1,clothing,clothes,4
clothing/clothes/clothes3443.jpg,1,clothing,clothes,5
clothing/clothes/clothes1555.jpg,1,clothing,clothes,2
clothing/clothes/clothes88.jpg,1,clothing,clothes,4
clothing/clothes/clothes4955.jpg,1,clothing,clothes,4
clothing/clothes/clothes3670.jpg,1,clothing,clothes,5
clothing/clothes/clothes800.jpg,1,clothing,clothes,2
clothing/clothes/clothes3509.jpg,1,clothing,clothes,2
clothing/clothes/clothes860.jpg,1,clothing,clothes,5
clothing/clothes/clothes2714.jpg,1,clothing,clothes,2
clothing/clothes/clothes1779.jpg,1,clothing,clothes,5
clothing/clothes/clothes2396.jpg,1,clothing,clothes,4
clothing/clothes/clothes918.jpg,1,clothing,clothes,2
clothing/clothes/clothes2739.jpg,1,clothing,clothes,5
clothing/clothes/clothes1947.jpg,1,clothing,clothes,2
clothing/clothes/clothes883.jpg,1,clothing,clothes,2
clothing/clothes/clothes1698.jpg,1,clothing,clothes,2
clothing/clothes/clothes2090.jpg,1,clothing,clothes,4
clothing/clothes/clothes2257.jpg,1,clothing,clothes,2
clothing/clothes/clothes744.jpg,1,clothing,clothes,5
clothing/clothes/clothes356.jpg,1,clothing,clothes,2
clothing/clothes/clothes1108.jpg,1,clothing,clothes,4
clothing/clothes/clothes712.jpg,1,clothing,clothes,4
clothing/clothes/clothes4393.jpg,1,clothing,clothes,3
clothing/clothes/clothes2448.jpg,1,clothing,clothes,3
clothing/clothes/clothes4600.jpg,1,clothing,clothes,4
clothing/clothes/clothes3537.jpg,1,clothing,clothes,2
clothing/clothes/clothes4197.jpg,1,clothing,clothes,4
clothing/clothes/clothes2209.jpg,1,clothing,clothes,5
clothing/clothes/clothes360.jpg,1,clothing,clothes,4
clothing/clothes/clothes4241.jpg,1,clothing,clothes,5
clothing/clothes/clothes4134.jpg,1,clothing,clothes,2
clothing/clothes/clothes110.jpg,1,clothing,clothes,5
clothing/clothes/clothes796.jpg,1,clothing,clothes,5
clothing/clothes/clothes166.jpg,1,clothing,clothes,2
clothing/clothes/clothes1391.jpg,1,clothing,clothes,3
clothing/clothes/clothes2346.jpg,1,clothing,clothes,2
clothing/clothes/clothes817.jpg,1,clothing,clothes,3
clothing/clothes/clothes2517.jpg,1,clothing,clothes,2
clothing/clothes/clothes121.jpg,1,clothing,clothes,4
clothing/clothes/clothes487.jpg,1,clothing,clothes,3
clothing/clothes/clothes5227.jpg,1,clothing,clothes,3
clothing/clothes/clothes630.jpg,1,clothing,clothes,4
clothing/clothes/clothes3690.jpg,1,clothing,clothes,5
clothing/clothes/clothes4378.jpg,1,clothing,clothes,5
clothing/clothes/clothes1445.jpg,1,clothing,clothes,5
clothing/clothes/clothes5081.jpg,1,clothing,clothes,4
clothing/clothes/clothes2672.jpg,1,clothing,clothes,4
clothing/clothes/clothes189.jpg,1,clothing,clothes,5
clothing/clothes/clothes4132.jpg,1,clothing,clothes,3
clothing/clothes/clothes47.jpg,1,clothing,clothes,2
clothing/clothes/clothes1773.jpg,1,clothing,clothes,4
clothing/clothes/clothes545.jpg,1,clothing,clothes,3
clothing/clothes/clothes841.jpg,1,clothing,clothes,3
clothing/clothes/clothes4159.jpg,1,clothing,clothes,3
clothing/clothes/clothes3117.jpg,1,clothing,clothes,3
clothing/clothes/clothes1998.jpg,1,clothing,clothes,5
clothing/clothes/clothes3486.jpg,1,clothing,clothes,5
clothing/clothes/clothes2780.jpg,1,clothing,clothes,2
clothing/clothes/clothes3334.jpg,1,clothing,clothes,2
clothing/clothes/clothes4993.jpg,1,clothing,clothes,3
clothing/clothes/clothes399.jpg,1,clothing,clothes,4
clothing/clothes/clothes4578.jpg,1,clothing,clothes,5
clothing/clothes/clothes3645.jpg,1,clothing,clothes,2
clothing/clothes/clothes1650.jpg,1,clothing,clothes,5
clothing/clothes/clothes3429.jpg,1,clothing,clothes,5
clothing/clothes/clothes644.jpg,1,clothing,clothes,2
clothing/clothes/clothes4348.jpg,1,clothing,clothes,5
clothing/clothes/clothes197.jpg,1,clothing,clothes,3
clothing/clothes/clothes2163.jpg,1,clothing,clothes,5
clothing/clothes/clothes1626.jpg,1,clothing,clothes,2
clothing/clothes/clothes4943.jpg,1,clothing,clothes,5
clothing/clothes/clothes2355.jpg,1,clothing,clothes,4
clothing/clothes/clothes1566.jpg,1,clothing,clothes,3
clothing/clothes/clothes2994.jpg,1,clothing,clothes,4
clothing/clothes/clothes5191.jpg,1,clothing,clothes,2
clothing/clothes/clothes2059.jpg,1,clothing,clothes,2
clothing/clothes/clothes4992.jpg,1,clothing,clothes,2
clothing/clothes/clothes3358.jpg,1,clothing,clothes,3
clothing/clothes/clothes2836.jpg,1,clothing,clothes,4
clothing/clothes/clothes447.jpg,1,clothing,clothes,4
clothing/clothes/clothes2297.jpg,1,clothing,clothes,4
clothing/clothes/clothes296.jpg,1,clothing,clothes,5
clothing/clothes/clothes416.jpg,1,clothing,clothes,3
clothing/clothes/clothes1510.jpg,1,clothing,clothes,4
clothing/clothes/clothes2420.jpg,1,clothing,clothes,5
clothing/clothes/clothes3246.jpg,1,clothing,clothes,5
clothing/clothes/clothes4485.jpg,1,clothing,clothes,5
clothing/clothes/clothes5156.jpg,1,clothing,clothes,2
clothing/clothes/clothes3863.jpg,1,clothing,clothes,5
clothing/clothes/clothes3946.jpg,1,clothing,clothes,2
clothing/clothes/clothes1171.jpg,1,clothing,clothes,2
clothing/clothes/clothes99.jpg,1,clothing,clothes,5
clothing/clothes/clothes1585.jpg,1,clothing,clothes,2
clothing/clothes/clothes2493.jpg,1,clothing,clothes,3
clothing/clothes/clothes916.jpg,1,clothing,clothes,2
clothing/clothes/clothes1477.jpg,1,clothing,clothes,4
clothing/clothes/clothes3883.jpg,1,clothing,clothes,2
clothing/clothes/clothes4264.jpg,1,clothing,clothes,2
clothing/clothes/clothes4562.jpg,1,clothing,clothes,3
clothing/clothes/clothes3012.jpg,1,clothing,clothes,2
clothing/clothes/clothes1582.jpg,1,clothing,clothes,3
clothing/clothes/clothes1010.jpg,1,clothing,clothes,3
clothing/clothes/clothes2104.jpg,1,clothing,clothes,4
clothing/clothes/clothes3627.jpg,1,clothing,clothes,3
clothing/clothes/clothes2028.jpg,1,clothing,clothes,4
clothing/clothes/clothes2774.jpg,1,clothing,clothes,3
clothing/clothes/clothes1907.jpg,1,clothing,clothes,5
clothing/clothes/clothes4237.jpg,1,clothing,clothes,3
clothing/clothes/clothes3054.jpg,1,clothing,clothes,2
clothing/clothes/clothes3460.jpg,1,clothing,clothes,2
clothing/clothes/clothes4695.jpg,1,clothing,clothes,5
clothing/clothes/clothes1643.jpg,1,clothing,clothes,4
clothing/clothes/clothes4268.jpg,1,clothing,clothes,5
clothing/clothes/clothes1782.jpg,1,clothing,clothes,4
clothing/clothes/clothes3308.jpg,1,clothing,clothes,2
clothing/clothes/clothes3022.jpg,1,clothing,clothes,5
clothing/clothes/clothes4206.jpg,1,clothing,clothes,5
clothing/clothes/clothes3742.jpg,1,clothing,clothes,5
clothing/clothes/clothes1608.jpg,1,clothing,clothes,2
clothing/clothes/clothes1427.jpg,1,clothing,clothes,3
clothing/clothes/clothes2823.jpg,1,clothing,clothes,3
clothing/clothes/clothes4890.jpg,1,clothing,clothes,4
clothing/clothes/clothes4146.jpg,1,clothing,clothes,2
clothing/clothes/clothes4838.jpg,1,clothing,clothes,4
clothing/clothes/clothes4804.jpg,1,clothing,clothes,5
clothing/clothes/clothes2091.jpg,1,clothing,clothes,4
clothing/clothes/clothes104.jpg,1,clothing,clothes,5
clothing/clothes/clothes3536.jpg,1,clothing,clothes,4
clothing/clothes/clothes746.jpg,1,clothing,clothes,5
clothing/clothes/clothes1485.jpg,1,clothing,clothes,5
clothing/clothes/clothes1957.jpg,1,clothing,clothes,4
clothing/clothes/clothes117.jpg,1,clothing,clothes,5
clothing/clothes/clothes954.jpg,1,clothing,clothes,2
clothing/clothes/clothes1514.jpg,1,clothing,clothes,3
clothing/clothes/clothes844.jpg,1,clothing,clothes,4
clothing/clothes/clothes4598.jpg,1,clothing,clothes,5
clothing/clothes/clothes3514.jpg,1,clothing,clothes,4
clothing/clothes/clothes4283.jpg,1,clothing,clothes,2
clothing/clothes/clothes4747.jpg,1,clothing,clothes,5
clothing/clothes/clothes2531.jpg,1,clothing,clothes,2
clothing/clothes/clothes3794.jpg,1,clothing,clothes,2
clothing/clothes/clothes4899.jpg,1,clothing,clothes,3
clothing/clothes/clothes4618.jpg,1,clothing,clothes,4
clothing/clothes/clothes1315.jpg,1,clothing,clothes,4
clothing/clothes/clothes3679.jpg,1,clothing,clothes,2
clothing/clothes/clothes5064.jpg,1,clothing,clothes,2
clothing/clothes/clothes168.jpg,1,clothing,clothes,4
clothing/clothes/clothes1364.jpg,1,clothing,clothes,2
clothing/clothes/clothes3115.jpg,1,clothing,clothes,4
clothing/clothes/clothes567.jpg,1,clothing,clothes,3
clothing/clothes/clothes1525.jpg,1,clothing,clothes,5
clothing/clothes/clothes3869.jpg,1,clothing,clothes,2
clothing/clothes/clothes3542.jpg,1,clothing,clothes,4
clothing/clothes/clothes1808.jpg,1,clothing,clothes,2
clothing/clothes/clothes3803.jpg,1,clothing,clothes,2
clothing/clothes/clothes714.jpg,1,clothing,clothes,2
clothing/clothes/clothes4086.jpg,1,clothing,clothes,5
clothing/clothes/clothes1581.jpg,1,clothing,clothes,3
clothing/clothes/clothes1943.jpg,1,clothing,clothes,5
clothing/clothes/clothes3881.jpg,1,clothing,clothes,2
clothing/clothes/clothes4404.jpg,1,clothing,clothes,4
clothing/clothes/clothes909.jpg,1,clothing,clothes,5
clothing/clothes/clothes118.jpg,1,clothing,clothes,3
clothing/clothes/clothes4577.jpg,1,clothing,clothes,2
clothing/clothes/clothes2519.jpg,1,clothing,clothes,2
clothing/clothes/clothes3655.jpg,1,clothing,clothes,4
clothing/clothes/clothes1644.jpg,1,clothing,clothes,5
clothing/clothes/clothes2306.jpg,1,clothing,clothes,3
clothing/clothes/clothes527.jpg,1,clothing,clothes,5
clothing/clothes/clothes1635.jpg,1,clothing,clothes,4
clothing/clothes/clothes629.jpg,1,clothing,clothes,2
clothing/clothes/clothes3607.jpg,1,clothing,clothes,2
clothing/clothes/clothes5198.jpg,1,clothing,clothes,4
clothing/clothes/clothes3864.jpg,1,clothing,clothes,3
clothing/clothes/clothes244.jpg,1,clothing,clothes,2
clothing/clothes/clothes2039.jpg,1,clothing,clothes,5
clothing/clothes/clothes1415.jpg,1,clothing,clothes,5
clothing/clothes/clothes2143.jpg,1,clothing,clothes,4
clothing/clothes/clothes3696.jpg,1,clothing,clothes,3
clothing/clothes/clothes4783.jpg,1,clothing,clothes,3
clothing/clothes/clothes1420.jpg,1,clothing,clothes,2
clothing/clothes/clothes1238.jpg,1,clothing,clothes,2
clothing/clothes/clothes2552.jpg,1,clothing,clothes,3
clothing/clothes/clothes1436.jpg,1,clothing,clothes,2
clothing/clothes/clothes2952.jpg,1,clothing,clothes,5
clothing/clothes/clothes676.jpg,1,clothing,clothes,4
clothing/clothes/clothes437.jpg,1,clothing,clothes,3
clothing/clothes/clothes1537.jpg,1,clothing,clothes,3
clothing/clothes/clothes5037.jpg,1,clothing,clothes,3
clothing/clothes/clothes4102.jpg,1,clothing,clothes,5
clothing/clothes/clothes4987.jpg,1,clothing,clothes,2
clothing/clothes/clothes1057.jpg,1,clothing,clothes,3
clothing/clothes/clothes5208.jpg,1,clothing,clothes,4
clothing/clothes/clothes4761.jpg,1,clothing,clothes,3
clothing/clothes/clothes1570.jpg,1,clothing,clothes,2
clothing/clothes/clothes2849.jpg,1,clothing,clothes,4
clothing/clothes/clothes3964.jpg,1,clothing,clothes,3
clothing/clothes/clothes4468.jpg,1,clothing,clothes,2
clothing/clothes/clothes3263.jpg,1,clothing,clothes,2
clothing/clothes/clothes847.jpg,1,clothing,clothes,5
clothing/clothes/clothes1751.jpg,1,clothing,clothes,4
clothing/clothes/clothes2916.jpg,1,clothing,clothes,2
clothing/clothes/clothes2339.jpg,1,clothing,clothes,3
clothing/clothes/clothes1193.jpg,1,clothing,clothes,2
clothing/clothes/clothes1922.jpg,1,clothing,clothes,5
clothing/clothes/clothes566.jpg,1,clothing,clothes,3
clothing/clothes/clothes3762.jpg,1,clothing,clothes,4
clothing/clothes/clothes167.jpg,1,clothing,clothes,5
clothing/clothes/clothes605.jpg,1,clothing,clothes,5
clothing/clothes/clothes5212.jpg,1,clothing,clothes,5
clothing/clothes/clothes2207.jpg,1,clothing,clothes,3
clothing/clothes/clothes28.jpg,1,clothing,clothes,2
clothing/clothes/clothes337.jpg,1,clothing,clothes,2
clothing/clothes/clothes5150.jpg,1,clothing,clothes,4
clothing/clothes/clothes1745.jpg,1,clothing,clothes,3
clothing/clothes/clothes3466.jpg,1,clothing,clothes,3
clothing/clothes/clothes614.jpg,1,clothing,clothes,3
clothing/clothes/clothes3705.jpg,1,clothing,clothes,3
clothing/clothes/clothes3764.jpg,1,clothing,clothes,3
clothing/clothes/clothes1028.jpg,1,clothing,clothes,2
clothing/clothes/clothes3092.jpg,1,clothing,clothes,3
clothing/clothes/clothes5109.jpg,1,clothing,clothes,5
clothing/clothes/clothes276.jpg,1,clothing,clothes,5
clothing/clothes/clothes4619.jpg,1,clothing,clothes,4
clothing/clothes/clothes3682.jpg,1,clothing,clothes,5
clothing/clothes/clothes4048.jpg,1,clothing,clothes,3
clothing/clothes/clothes2279.jpg,1,clothing,clothes,4
clothing/clothes/clothes2459.jpg,1,clothing,clothes,2
clothing/clothes/clothes1712.jpg,1,clothing,clothes,5
clothing/clothes/clothes2941.jpg,1,clothing,clothes,4
clothing/clothes/clothes1491.jpg,1,clothing,clothes,3
clothing/clothes/clothes4192.jpg,1,clothing,clothes,2
clothing/clothes/clothes904.jpg,1,clothing,clothes,4
clothing/clothes/clothes4473.jpg,1,clothing,clothes,3
clothing/clothes/clothes4852.jpg,1,clothing,clothes,4
clothing/clothes/clothes432.jpg,1,clothing,clothes,3
clothing/clothes/clothes2542.jpg,1,clothing,clothes,5
clothing/clothes/clothes4363.jpg,1,clothing,clothes,5
clothing/clothes/clothes707.jpg,1,clothing,clothes,3
clothing/clothes/clothes4882.jpg,1,clothing,clothes,2
clothing/clothes/clothes4664.jpg,1,clothing,clothes,4
clothing/clothes/clothes410.jpg,1,clothing,clothes,2
clothing/clothes/clothes3702.jpg,1,clothing,clothes,2
clothing/clothes/clothes4309.jpg,1,clothing,clothes,2
clothing/clothes/clothes1528.jpg,1,clothing,clothes,3
clothing/clothes/clothes1052.jpg,1,clothing,clothes,2
clothing/clothes/clothes5270.jpg,1,clothing,clothes,3
clothing/clothes/clothes1287.jpg,1,clothing,clothes,5
clothing/clothes/clothes711.jpg,1,clothing,clothes,4
clothing/clothes/clothes4757.jpg,1,clothing,clothes,5
clothing/clothes/clothes3826.jpg,1,clothing,clothes,2
clothing/clothes/clothes4847.jpg,1,clothing,clothes,4
clothing/clothes/clothes4017.jpg,1,clothing,clothes,4
clothing/clothes/clothes3327.jpg,1,clothing,clothes,4
clothing/clothes/clothes1136.jpg,1,clothing,clothes,3
clothing/clothes/clothes552.jpg,1,clothing,clothes,4
clothing/clothes/clothes1154.jpg,1,clothing,clothes,3
clothing/clothes/clothes1472.jpg,1,clothing,clothes,4
clothing/clothes/clothes3028.jpg,1,clothing,clothes,4
clothing/clothes/clothes4219.jpg,1,clothing,clothes,2
clothing/clothes/clothes81.jpg,1,clothing,clothes,2
clothing/clothes/clothes2769.jpg,1,clothing,clothes,4
clothing/clothes/clothes1493.jpg,1,clothing,clothes,2
clothing/clothes/clothes3754.jpg,1,clothing,clothes,5
clothing/clothes/clothes2499.jpg,1,clothing,clothes,2
clothing/clothes/clothes4567.jpg,1,clothing,clothes,5
clothing/clothes/clothes3708.jpg,1,clothing,clothes,5
clothing/clothes/clothes5178.jpg,1,clothing,clothes,2
clothing/clothes/clothes2541.jpg,1,clothing,clothes,4
clothing/clothes/clothes2095.jpg,1,clothing,clothes,3
clothing/clothes/clothes2063.jpg,1,clothing,clothes,3
clothing/clothes/clothes2986.jpg,1,clothing,clothes,4
clothing/clothes/clothes3196.jpg,1,clothing,clothes,3
clothing/clothes/clothes2598.jpg,1,clothing,clothes,5
clothing/clothes/clothes3878.jpg,1,clothing,clothes,3
clothing/clothes/clothes5154.jpg,1,clothing,clothes,5
clothing/clothes/clothes2832.jpg,1,clothing,clothes,5
clothing/clothes/clothes901.jpg,1,clothing,clothes,4
clothing/clothes/clothes2664.jpg,1,clothing,clothes,2
clothing/clothes/clothes79.jpg,1,clothing,clothes,4
clothing/clothes/clothes2584.jpg,1,clothing,clothes,2
clothing/clothes/clothes958.jpg,1,clothing,clothes,2
clothing/clothes/clothes3540.jpg,1,clothing,clothes,5
clothing/clothes/clothes1985.jpg,1,clothing,clothes,5
clothing/clothes/clothes1362.jpg,1,clothing,clothes,5
clothing/clothes/clothes1435.jpg,1,clothing,clothes,4
clothing/clothes/clothes1636.jpg,1,clothing,clothes,5
clothing/clothes/clothes2243.jpg,1,clothing,clothes,3
clothing/clothes/clothes3818.jpg,1,clothing,clothes,2
clothing/clothes/clothes4154.jpg,1,clothing,clothes,2
clothing/clothes/clothes2504.jpg,1,clothing,clothes,4
clothing/clothes/clothes1184.jpg,1,clothing,clothes,4
clothing/clothes/clothes496.jpg,1,clothing,clothes,2
clothing/clothes/clothes96.jpg,1,clothing,clothes,5
clothing/clothes/clothes1885.jpg,1,clothing,clothes,5
clothing/clothes/clothes3896.jpg,1,clothing,clothes,3
clothing/clothes/clothes3024.jpg,1,clothing,clothes,4
clothing/clothes/clothes3518.jpg,1,clothing,clothes,3
clothing/clothes/clothes4470.jpg,1,clothing,clothes,4
clothing/clothes/clothes3491.jpg,1,clothing,clothes,4
clothing/clothes/clothes4425.jpg,1,clothing,clothes,5
clothing/clothes/clothes4516.jpg,1,clothing,clothes,3
clothing/clothes/clothes573.jpg,1,clothing,clothes,2
clothing/clothes/clothes2041.jpg,1,clothing,clothes,5
clothing/clothes/clothes4515.jpg,1,clothing,clothes,3
clothing/clothes/clothes5094.jpg,1,clothing,clothes,3
clothing/clothes/clothes4096.jpg,1,clothing,clothes,3
clothing/clothes/clothes1385.jpg,1,clothing,clothes,4
clothing/clothes/clothes3094.jpg,1,clothing,clothes,4
clothing/clothes/clothes4114.jpg,1,clothing,clothes,2
clothing/clothes/clothes5128.jpg,1,clothing,clothes,5
clothing/clothes/clothes2717.jpg,1,clothing,clothes,4
clothing/clothes/clothes1548.jpg,1,clothing,clothes,4
clothing/clothes/clothes859.jpg,1,clothing,clothes,4
clothing/clothes/clothes1336.jpg,1,clothing,clothes,2
clothing/clothes/clothes4244.jpg,1,clothing,clothes,3
clothing/clothes/clothes3175.jpg,1,clothing,clothes,4
clothing/clothes/clothes2669.jpg,1,clothing,clothes,2
clothing/clothes/clothes1066.jpg,1,clothing,clothes,4
clothing/clothes/clothes3191.jpg,1,clothing,clothes,5
clothing/clothes/clothes3032.jpg,1,clothing,clothes,5
clothing/clothes/clothes2478.jpg,1,clothing,clothes,4
clothing/clothes/clothes3260.jpg,1,clothing,clothes,3
clothing/clothes/clothes998.jpg,1,clothing,clothes,2
clothing/clothes/clothes784.jpg,1,clothing,clothes,2
clothing/clothes/clothes2062.jpg,1,clothing,clothes,4
clothing/clothes/clothes4362.jpg,1,clothing,clothes,4
clothing/clothes/clothes968.jpg,1,clothing,clothes,4
clothing/clothes/clothes5278.jpg,1,clothing,clothes,2
clothing/clothes/clothes2000.jpg,1,clothing,clothes,4
clothing/clothes/clothes1080.jpg,1,clothing,clothes,5
clothing/clothes/clothes3613.jpg,1,clothing,clothes,3
clothing/clothes/clothes1813.jpg,1,clothing,clothes,2
clothing/clothes/clothes4336.jpg,1,clothing,clothes,3
clothing/clothes/clothes3512.jpg,1,clothing,clothes,5
clothing/clothes/clothes1720.jpg,1,clothing,clothes,5
clothing/clothes/clothes2619.jpg,1,clothing,clothes,2
clothing/clothes/clothes1732.jpg,1,clothing,clothes,3
clothing/clothes/clothes4339.jpg,1,clothing,clothes,2
clothing/clothes/clothes180.jpg,1,clothing,clothes,3
clothing/clothes/clothes797.jpg,1,clothing,clothes,5
clothing/clothes/clothes522.jpg,1,clothing,clothes,5
clothing/clothes/clothes445.jpg,1,clothing,clothes,3
clothing/clothes/clothes895.jpg,1,clothing,clothes,4
clothing/clothes/clothes3009.jpg,1,clothing,clothes,2
clothing/clothes/clothes1701.jpg,1,clothing,clothes,4
clothing/clothes/clothes4136.jpg,1,clothing,clothes,3
clothing/clothes/clothes1275.jpg,1,clothing,clothes,3
clothing/clothes/clothes4817.jpg,1,clothing,clothes,3
clothing/clothes/clothes3886.jpg,1,clothing,clothes,4
clothing/clothes/clothes4092.jpg,1,clothing,clothes,5
clothing/clothes/clothes3775.jpg,1,clothing,clothes,5
clothing/clothes/clothes3295.jpg,1,clothing,clothes,3
clothing/clothes/clothes482.jpg,1,clothing,clothes,5
clothing/clothes/clothes1397.jpg,1,clothing,clothes,5
clothing/clothes/clothes2490.jpg,1,clothing,clothes,3
clothing/clothes/clothes755.jpg,1,clothing,clothes,3
clothing/clothes/clothes2200.jpg,1,clothing,clothes,3
clothing/clothes/clothes2172.jpg,1,clothing,clothes,4
clothing/clothes/clothes2477.jpg,1,clothing,clothes,4
clothing/clothes/clothes4832.jpg,1,clothing,clothes,4
clothing/clothes/clothes1706.jpg,1,clothing,clothes,2
clothing/clothes/clothes333.jpg,1,clothing,clothes,5
clothing/clothes/clothes604.jpg,1,clothing,clothes,2
clothing/clothes/clothes1601.jpg,1,clothing,clothes,4
clothing/clothes/clothes2036.jpg,1,clothing,clothes,4
clothing/clothes/clothes3790.jpg,1,clothing,clothes,3
clothing/clothes/clothes570.jpg,1,clothing,clothes,3
clothing/clothes/clothes4365.jpg,1,clothing,clothes,5
clothing/clothes/clothes2684.jpg,1,clothing,clothes,2
clothing/clothes/clothes4735.jpg,1,clothing,clothes,4
clothing/clothes/clothes4324.jpg,1,clothing,clothes,3
clothing/clothes/clothes1207.jpg,1,clothing,clothes,2
clothing/clothes/clothes2399.jpg,1,clothing,clothes,5
clothing/clothes/clothes5016.jpg,1,clothing,clothes,5
clothing/clothes/clothes3752.jpg,1,clothing,clothes,2
clothing/clothes/clothes3905.jpg,1,clothing,clothes,4
clothing/clothes/clothes144.jpg,1,clothing,clothes,4
clothing/clothes/clothes584.jpg,1,clothing,clothes,5
clothing/clothes/clothes3285.jpg,1,clothing,clothes,3
clothing/clothes/clothes3984.jpg,1,clothing,clothes,5
clothing/clothes/clothes1169.jpg,1,clothing,clothes,4
clothing/clothes/clothes3978.jpg,1,clothing,clothes,2
clothing/clothes/clothes3593.jpg,1,clothing,clothes,4
clothing/clothes/clothes1633.jpg,1,clothing,clothes,3
clothing/clothes/clothes2383.jpg,1,clothing,clothes,2
clothing/clothes/clothes646.jpg,1,clothing,clothes,2
clothing/clothes/clothes1772.jpg,1,clothing,clothes,5
clothing/clothes/clothes3930.jpg,1,clothing,clothes,4
clothing/clothes/clothes1934.jpg,1,clothing,clothes,5
clothing/clothes/clothes5079.jpg,1,clothing,clothes,5
clothing/clothes/clothes300.jpg,1,clothing,clothes,5
clothing/clothes/clothes1073.jpg,1,clothing,clothes,3
clothing/clothes/clothes5226.jpg,1,clothing,clothes,4
clothing/clothes/clothes1333.jpg,1,clothing,clothes,3
clothing/clothes/clothes5173.jpg,1,clothing,clothes,5
clothing/clothes/clothes2417.jpg,1,clothing,clothes,3
clothing/clothes/clothes4928.jpg,1,clothing,clothes,4
clothing/clothes/clothes1855.jpg,1,clothing,clothes,2
clothing/clothes/clothes3286.jpg,1,clothing,clothes,3
clothing/clothes/clothes1708.jpg,1,clothing,clothes,3
clothing/clothes/clothes2856.jpg,1,clothing,clothes,3
clothing/clothes/clothes3424.jpg,1,clothing,clothes,3
clothing/clothes/clothes66.jpg,1,clothing,clothes,3
clothing/clothes/clothes3170.jpg,1,clothing,clothes,4
clothing/clothes/clothes2453.jpg,1,clothing,clothes,2
clothing/clothes/clothes3042.jpg,1,clothing,clothes,3
clothing/clothes/clothes3859.jpg,1,clothing,clothes,2
clothing/clothes/clothes2839.jpg,1,clothing,clothes,2
clothing/clothes/clothes4719.jpg,1,clothing,clothes,5
clothing/clothes/clothes2415.jpg,1,clothing,clothes,2
clothing/clothes/clothes3244.jpg,1,clothing,clothes,3
clothing/clothes/clothes4202.jpg,1,clothing,clothes,2
clothing/clothes/clothes1851.jpg,1,clothing,clothes,4
clothing/clothes/clothes586.jpg,1,clothing,clothes,3
clothing/clothes/clothes1454.jpg,1,clothing,clothes,5
clothing/clothes/clothes3250.jpg,1,clothing,clothes,3
clothing/clothes/clothes1487.jpg,1,clothing,clothes,5
clothing/clothes/clothes2405.jpg,1,clothing,clothes,4
clothing/clothes/clothes4021.jpg,1,clothing,clothes,4
clothing/clothes/clothes2101.jpg,1,clothing,clothes,2
clothing/clothes/clothes1987.jpg,1,clothing,clothes,5
clothing/clothes/clothes3941.jpg,1,clothing,clothes,4
clothing/clothes/clothes2231.jpg,1,clothing,clothes,5
clothing/clothes/clothes1389.jpg,1,clothing,clothes,4
clothing/clothes/clothes390.jpg,1,clothing,clothes,3
clothing/clothes/clothes3924.jpg,1,clothing,clothes,4
clothing/clothes/clothes5171.jpg,1,clothing,clothes,5
clothing/clothes/clothes4480.jpg,1,clothing,clothes,3
clothing/clothes/clothes3346.jpg,1,clothing,clothes,5
clothing/clothes/clothes941.jpg,1,clothing,clothes,2
clothing/clothes/clothes5179.jpg,1,clothing,clothes,2
clothing/clothes/clothes2877.jpg,1,clothing,clothes,4
clothing/clothes/clothes1568.jpg,1,clothing,clothes,5
clothing/clothes/clothes710.jpg,1,clothing,clothes,2
clothing/clothes/clothes2434.jpg,1,clothing,clothes,5
clothing/clothes/clothes2736.jpg,1,clothing,clothes,2
clothing/clothes/clothes3264.jpg,1,clothing,clothes,3
clothing/clothes/clothes783.jpg,1,clothing,clothes,2
clothing/clothes/clothes786.jpg,1,clothing,clothes,5
clothing/clothes/clothes3079.jpg,1,clothing,clothes,3
clothing/clothes/clothes3870.jpg,1,clothing,clothes,5
clothing/clothes/clothes1083.jpg,1,clothing,clothes,2
clothing/clothes/clothes544.jpg,1,clothing,clothes,2
clothing/clothes/clothes4857.jpg,1,clothing,clothes,3
clothing/clothes/clothes109.jpg,1,clothing,clothes,5
clothing/clothes/clothes2694.jpg,1,clothing,clothes,4
clothing/clothes/clothes615.jpg,1,clothing,clothes,2
clothing/clothes/clothes1102.jpg,1,clothing,clothes,4
clothing/clothes/clothes3687.jpg,1,clothing,clothes,4
clothing/clothes/clothes3086.jpg,1,clothing,clothes,3
clothing/clothes/clothes26.jpg,1,clothing,clothes,3
clothing/clothes/clothes4984.jpg,1,clothing,clothes,2
clothing/clothes/clothes588.jpg,1,clothing,clothes,2
clothing/clothes/clothes128.jpg,1,clothing,clothes,4
clothing/clothes/clothes2776.jpg,1,clothing,clothes,2
clothing/clothes/clothes3380.jpg,1,clothing,clothes,4
clothing/clothes/clothes5276.jpg,1,clothing,clothes,2
clothing/clothes/clothes3.jpg,1,clothing,clothes,5
clothing/clothes/clothes4176.jpg,1,clothing,clothes,3
clothing/clothes/clothes5285.jpg,1,clothing,clothes,4
clothing/clothes/clothes4043.jpg,1,clothing,clothes,3
clothing/clothes/clothes1982.jpg,1,clothing,clothes,4
clothing/clothes/clothes4922.jpg,1,clothing,clothes,4
clothing/clothes/clothes3683.jpg,1,clothing,clothes,3
clothing/clothes/clothes825.jpg,1,clothing,clothes,5
clothing/clothes/clothes355.jpg,1,clothing,clothes,2
clothing/clothes/clothes1443.jpg,1,clothing,clothes,2
clothing/clothes/clothes808.jpg,1,clothing,clothes,2
clothing/clothes/clothes4826.jpg,1,clothing,clothes,2
clothing/clothes/clothes1233.jpg,1,clothing,clothes,4
clothing/clothes/clothes1660.jpg,1,clothing,clothes,4
clothing/clothes/clothes4123.jpg,1,clothing,clothes,3
clothing/clothes/clothes4966.jpg,1,clothing,clothes,2
clothing/clothes/clothes4069.jpg,1,clothing,clothes,5
clothing/clothes/clothes4414.jpg,1,clothing,clothes,2
clothing/clothes/clothes1578.jpg,1,clothing,clothes,3
clothing/clothes/clothes422.jpg,1,clothing,clothes,2
clothing/clothes/clothes1439.jpg,1,clothing,clothes,5
clothing/clothes/clothes4883.jpg,1,clothing,clothes,4
clothing/clothes/clothes4253.jpg,1,clothing,clothes,4
clothing/clothes/clothes1584.jpg,1,clothing,clothes,4
clothing/clothes/clothes4358.jpg,1,clothing,clothes,4
clothing/clothes/clothes1927.jpg,1,clothing,clothes,2
clothing/clothes/clothes863.jpg,1,clothing,clothes,4
clothing/clothes/clothes4608.jpg,1,clothing,clothes,3
clothing/clothes/clothes171.jpg,1,clothing,clothes,3
clothing/clothes/clothes3528.jpg,1,clothing,clothes,3
clothing/clothes/clothes4466.jpg,1,clothing,clothes,2
clothing/clothes/clothes3376.jpg,1,clothing,clothes,2
clothing/clothes/clothes5239.jpg,1,clothing,clothes,2
clothing/clothes/clothes5137.jpg,1,clothing,clothes,5
clothing/clothes/clothes2328.jpg,1,clothing,clothes,3
clothing/clothes/clothes4338.jpg,1,clothing,clothes,5
clothing/clothes/clothes5105.jpg,1,clothing,clothes,2
clothing/clothes/clothes1658.jpg,1,clothing,clothes,4
clothing/clothes/clothes3511.jpg,1,clothing,clothes,4
clothing/clothes/clothes4179.jpg,1,clothing,clothes,2
clothing/clothes/clothes3918.jpg,1,clothing,clothes,3
clothing/clothes/clothes2482.jpg,1,clothing,clothes,2
clothing/clothes/clothes674.jpg,1,clothing,clothes,2
clothing/clothes/clothes3453.jpg,1,clothing,clothes,3
clothing/clothes/clothes1994.jpg,1,clothing,clothes,3
clothing/clothes/clothes2066.jpg,1,clothing,clothes,4
clothing/clothes/clothes4995.jpg,1,clothing,clothes,5
clothing/clothes/clothes3603.jpg,1,clothing,clothes,5
clothing/clothes/clothes4649.jpg,1,clothing,clothes,2
clothing/clothes/clothes2843.jpg,1,clothing,clothes,2
clothing/clothes/clothes304.jpg,1,clothing,clothes,5
clothing/clothes/clothes4316.jpg,1,clothing,clothes,2
clothing/clothes/clothes1768.jpg,1,clothing,clothes,4
clothing/clothes/clothes565.jpg,1,clothing,clothes,5
clothing/clothes/clothes3635.jpg,1,clothing,clothes,2
clothing/clothes/clothes3041.jpg,1,clothing,clothes,5
clothing/clothes/clothes1498.jpg,1,clothing,clothes,5
clothing/clothes/clothes97.jpg,1,clothing,clothes,2
clothing/clothes/clothes2983.jpg,1,clothing,clothes,5
clothing/clothes/clothes4902.jpg,1,clothing,clothes,3
clothing/clothes/clothes1873.jpg,1,clothing,clothes,3
clothing/clothes/clothes3223.jpg,1,clothing,clothes,2
clothing/clothes/clothes1719.jpg,1,clothing,clothes,2
clothing/clothes/clothes2139.jpg,1,clothing,clothes,5
clothing/clothes/clothes3233.jpg,1,clothing,clothes,2
clothing/clothes/clothes207.jpg,1,clothing,clothes,5
clothing/clothes/clothes3659.jpg,1,clothing,clothes,5
clothing/clothes/clothes236.jpg,1,clothing,clothes,3
clothing/clothes/clothes111.jpg,1,clothing,clothes,3
clothing/clothes/clothes5032.jpg,1,clothing,clothes,2
clothing/clothes/clothes590.jpg,1,clothing,clothes,5
clothing/clothes/clothes1468.jpg,1,clothing,clothes,4
clothing/clothes/clothes3944.jpg,1,clothing,clothes,2
clothing/clothes/clothes546.jpg,1,clothing,clothes,3
clothing/clothes/clothes71.jpg,1,clothing,clothes,3
clothing/clothes/clothes4030.jpg,1,clothing,clothes,2
clothing/clothes/clothes5307.jpg,1,clothing,clothes,2
clothing/clothes/clothes2928.jpg,1,clothing,clothes,4
clothing/clothes/clothes4110.jpg,1,clothing,clothes,5
clothing/clothes/clothes2984.jpg,1,clothing,clothes,2
clothing/clothes/clothes628.jpg,1,clothing,clothes,2
clothing/clothes/clothes49.jpg,1,clothing,clothes,3
clothing/clothes/clothes3416.jpg,1,clothing,clothes,4
clothing/clothes/clothes2162.jpg,1,clothing,clothes,5
clothing/clothes/clothes809.jpg,1,clothing,clothes,4
clothing/clothes/clothes2512.jpg,1,clothing,clothes,4
clothing/clothes/clothes4428.jpg,1,clothing,clothes,5
clothing/clothes/clothes5279.jpg,1,clothing,clothes,2
clothing/clothes/clothes2267.jpg,1,clothing,clothes,5
clothing/clothes/clothes224.jpg,1,clothing,clothes,3
clothing/clothes/clothes2283.jpg,1,clothing,clothes,3
clothing/clothes/clothes3280.jpg,1,clothing,clothes,3
clothing/clothes/clothes1579.jpg,1,clothing,clothes,5
clothing/clothes/clothes1153.jpg,1,clothing,clothes,5
clothing/clothes/clothes3494.jpg,1,clothing,clothes,5
clothing/clothes/clothes1989.jpg,1,clothing,clothes,3
clothing/clothes/clothes2682.jpg,1,clothing,clothes,2
clothing/clothes/clothes971.jpg,1,clothing,clothes,5
clothing/clothes/clothes2149.jpg,1,clothing,clothes,2
clothing/clothes/clothes575.jpg,1,clothing,clothes,5
clothing/clothes/clothes3902.jpg,1,clothing,clothes,3
clothing/clothes/clothes1692.jpg,1,clothing,clothes,4
clothing/clothes/clothes2955.jpg,1,clothing,clothes,4
clothing/clothes/clothes1036.jpg,1,clothing,clothes,3
clothing/clothes/clothes4646.jpg,1,clothing,clothes,5
clothing/clothes/clothes5117.jpg,1,clothing,clothes,2
clothing/clothes/clothes2806.jpg,1,clothing,clothes,5
clothing/clothes/clothes5113.jpg,1,clothing,clothes,4
clothing/clothes/clothes3321.jpg,1,clothing,clothes,3
clothing/clothes/clothes2010.jpg,1,clothing,clothes,2
clothing/clothes/clothes3277.jpg,1,clothing,clothes,5
clothing/clothes/clothes3051.jpg,1,clothing,clothes,5
clothing/clothes/clothes4484.jpg,1,clothing,clothes,2
clothing/clothes/clothes266.jpg,1,clothing,clothes,2
clothing/clothes/clothes1416.jpg,1,clothing,clothes,3
clothing/clothes/clothes1886.jpg,1,clothing,clothes,4
clothing/clothes/clothes3850.jpg,1,clothing,clothes,3
clothing/clothes/clothes2199.jpg,1,clothing,clothes,4
clothing/clothes/clothes3986.jpg,1,clothing,clothes,2
clothing/clothes/clothes456.jpg,1,clothing,clothes,4
clothing/clothes/clothes4479.jpg,1,clothing,clothes,2
clothing/clothes/clothes1467.jpg,1,clothing,clothes,4
clothing/clothes/clothes3600.jpg,1,clothing,clothes,5
clothing/clothes/clothes3842.jpg,1,clothing,clothes,5
clothing/clothes/clothes653.jpg,1,clothing,clothes,4
clothing/clothes/clothes4081.jpg,1,clothing,clothes,2
clothing/clothes/clothes3545.jpg,1,clothing,clothes,5
clothing/clothes/clothes158.jpg,1,clothing,clothes,2
clothing/clothes/clothes89.jpg,1,clothing,clothes,3
clothing/clothes/clothes2866.jpg,1,clothing,clothes,4
clothing/clothes/clothes3699.jpg,1,clothing,clothes,3
clothing/clothes/clothes5302.jpg,1,clothing,clothes,3
clothing/clothes/clothes926.jpg,1,clothing,clothes,4
clothing/clothes/clothes4124.jpg,1,clothing,clothes,3
clothing/clothes/clothes2723.jpg,1,clothing,clothes,2
clothing/clothes/clothes4848.jpg,1,clothing,clothes,3
clothing/clothes/clothes4549.jpg,1,clothing,clothes,2
clothing/clothes/clothes3772.jpg,1,clothing,clothes,4
clothing/clothes/clothes2285.jpg,1,clothing,clothes,2
clothing/clothes/clothes4745.jpg,1,clothing,clothes,2
clothing/clothes/clothes3727.jpg,1,clothing,clothes,4
clothing/clothes/clothes1497.jpg,1,clothing,clothes,2
clothing/clothes/clothes2052.jpg,1,clothing,clothes,5
clothing/clothes/clothes5214.jpg,1,clothing,clothes,5
clothing/clothes/clothes1078.jpg,1,clothing,clothes,3
clothing/clothes/clothes4399.jpg,1,clothing,clothes,2
clothing/clothes/clothes3515.jpg,1,clothing,clothes,3
clothing/clothes/clothes2298.jpg,1,clothing,clothes,5
clothing/clothes/clothes542.jpg,1,clothing,clothes,3
clothing/clothes/clothes3750.jpg,1,clothing,clothes,2
clothing/clothes/clothes3317.jpg,1,clothing,clothes,2
clothing/clothes/clothes2329.jpg,1,clothing,clothes,4
clothing/clothes/clothes4121.jpg,1,clothing,clothes,4
clothing/clothes/clothes2032.jpg,1,clothing,clothes,4
clothing/clothes/clothes2.jpg,1,clothing,clothes,3
clothing/clothes/clothes4406.jpg,1,clothing,clothes,2
clothing/clothes/clothes826.jpg,1,clothing,clothes,5
clothing/clothes/clothes2869.jpg,1,clothing,clothes,2
clothing/clothes/clothes2100.jpg,1,clothing,clothes,4
clothing/clothes/clothes4534.jpg,1,clothing,clothes,5
clothing/clothes/clothes4002.jpg,1,clothing,clothes,4
clothing/clothes/clothes3253.jpg,1,clothing,clothes,4
clothing/clothes/clothes290.jpg,1,clothing,clothes,3
clothing/clothes/clothes3232.jpg,1,clothing,clothes,4
clothing/clothes/clothes3329.jpg,1,clothing,clothes,3
clothing/clothes/clothes2205.jpg,1,clothing,clothes,2
clothing/clothes/clothes3395.jpg,1,clothing,clothes,2
clothing/clothes/clothes281.jpg,1,clothing,clothes,2
clothing/clothes/clothes742.jpg,1,clothing,clothes,2
clothing/clothes/clothes4889.jpg,1,clothing,clothes,3
clothing/clothes/clothes2188.jpg,1,clothing,clothes,4
clothing/clothes/clothes4027.jpg,1,clothing,clothes,3
clothing/clothes/clothes2593.jpg,1,clothing,clothes,4
clothing/clothes/clothes4540.jpg,1,clothing,clothes,2
clothing/clothes/clothes2945.jpg,1,clothing,clothes,3
clothing/clothes/clothes3282.jpg,1,clothing,clothes,4
clothing/clothes/clothes2917.jpg,1,clothing,clothes,2
clothing/clothes/clothes2825.jpg,1,clothing,clothes,4
clothing/clothes/clothes4261.jpg,1,clothing,clothes,2
clothing/clothes/clothes4779.jpg,1,clothing,clothes,2
clothing/clothes/clothes2131.jpg,1,clothing,clothes,5
clothing/clothes/clothes1405.jpg,1,clothing,clothes,3
clothing/clothes/clothes4616.jpg,1,clothing,clothes,4
clothing/clothes/clothes1645.jpg,1,clothing,clothes,4
clothing/clothes/clothes1931.jpg,1,clothing,clothes,3
clothing/clothes/clothes56.jpg,1,clothing,clothes,5
clothing/clothes/clothes4486.jpg,1,clothing,clothes,2
clothing/clothes/clothes4773.jpg,1,clothing,clothes,3
clothing/clothes/clothes483.jpg,1,clothing,clothes,4
clothing/clothes/clothes2282.jpg,1,clothing,clothes,3
clothing/clothes/clothes2926.jpg,1,clothing,clothes,5
clothing/clothes/clothes2262.jpg,1,clothing,clothes,5
clothing/clothes/clothes2812.jpg,1,clothing,clothes,2
clothing/clothes/clothes4842.jpg,1,clothing,clothes,3
clothing/clothes/clothes2733.jpg,1,clothing,clothes,2
clothing/clothes/clothes2225.jpg,1,clothing,clothes,3
clothing/clothes/clothes3476.jpg,1,clothing,clothes,4
clothing/clothes/clothes3351.jpg,1,clothing,clothes,5
clothing/clothes/clothes5063.jpg,1,clothing,clothes,3
clothing/clothes/clothes3592.jpg,1,clothing,clothes,3
clothing/clothes/clothes528.jpg,1,clothing,clothes,4
clothing/clothes/clothes505.jpg,1,clothing,clothes,3
clothing/clothes/clothes3650.jpg,1,clothing,clothes,5
clothing/clothes/clothes4663.jpg,1,clothing,clothes,5
clothing/clothes/clothes2947.jpg,1,clothing,clothes,5
clothing/clothes/clothes5189.jpg,1,clothing,clothes,2
clothing/clothes/clothes839.jpg,1,clothing,clothes,4
clothing/clothes/clothes3134.jpg,1,clothing,clothes,2
clothing/clothes/clothes649.jpg,1,clothing,clothes,5
clothing/clothes/clothes4303.jpg,1,clothing,clothes,3
clothing/clothes/clothes3445.jpg,1,clothing,clothes,3
clothing/clothes/clothes4915.jpg,1,clothing,clothes,3
clothing/clothes/clothes962.jpg,1,clothing,clothes,3
clothing/clothes/clothes1308.jpg,1,clothing,clothes,4
clothing/clothes/clothes58.jpg,1,clothing,clothes,4
clothing/clothes/clothes2365.jpg,1,clothing,clothes,2
clothing/clothes/clothes2964.jpg,1,clothing,clothes,2
clothing/clothes/clothes3755.jpg,1,clothing,clothes,5
clothing/clothes/clothes2168.jpg,1,clothing,clothes,3
clothing/clothes/clothes2250.jpg,1,clothing,clothes,2
clothing/clothes/clothes3669.jpg,1,clothing,clothes,3
clothing/clothes/clothes638.jpg,1,clothing,clothes,5
clothing/clothes/clothes3101.jpg,1,clothing,clothes,2
clothing/clothes/clothes3815.jpg,1,clothing,clothes,2
clothing/clothes/clothes2987.jpg,1,clothing,clothes,5
clothing/clothes/clothes2809.jpg,1,clothing,clothes,4
clothing/clothes/clothes756.jpg,1,clothing,clothes,3
clothing/clothes/clothes4722.jpg,1,clothing,clothes,3
clothing/clothes/clothes2525.jpg,1,clothing,clothes,5
clothing/clothes/clothes4626.jpg,1,clothing,clothes,4
clothing/clothes/clothes801.jpg,1,clothing,clothes,3
clothing/clothes/clothes2815.jpg,1,clothing,clothes,2
clothing/clothes/clothes1518.jpg,1,clothing,clothes,4
clothing/clothes/clothes5291.jpg,1,clothing,clothes,2
clothing/clothes/clothes2967.jpg,1,clothing,clothes,5
clothing/clothes/clothes929.jpg,1,clothing,clothes,5
clothing/clothes/clothes3729.jpg,1,clothing,clothes,3
clothing/clothes/clothes199.jpg,1,clothing,clothes,3
clothing/clothes/clothes116.jpg,1,clothing,clothes,2
clothing/clothes/clothes4122.jpg,1,clothing,clothes,2
clothing/clothes/clothes738.jpg,1,clothing,clothes,5
clothing/clothes/clothes131.jpg,1,clothing,clothes,2
clothing/clothes/clothes4330.jpg,1,clothing,clothes,2
clothing/clothes/clothes2212.jpg,1,clothing,clothes,2
clothing/clothes/clothes179.jpg,1,clothing,clothes,4
clothing/clothes/clothes2743.jpg,1,clothing,clothes,2
clothing/clothes/clothes3312.jpg,1,clothing,clothes,3
clothing/clothes/clothes5089.jpg,1,clothing,clothes,5
clothing/clothes/clothes2797.jpg,1,clothing,clothes,2
clothing/clothes/clothes4167.jpg,1,clothing,clothes,4
clothing/clothes/clothes2273.jpg,1,clothing,clothes,3
clothing/clothes/clothes1874.jpg,1,clothing,clothes,2
clothing/clothes/clothes4446.jpg,1,clothing,clothes,5
clothing/clothes/clothes4395.jpg,1,clothing,clothes,2
clothing/clothes/clothes3962.jpg,1,clothing,clothes,2
clothing/clothes/clothes2479.jpg,1,clothing,clothes,5
clothing/clothes/clothes2350.jpg,1,clothing,clothes,2
clothing/clothes/clothes1857.jpg,1,clothing,clothes,2
clothing/clothes/clothes1376.jpg,1,clothing,clothes,2
clothing/clothes/clothes3885.jpg,1,clothing,clothes,3
clothing/clothes/clothes384.jpg,1,clothing,clothes,3
clothing/clothes/clothes252.jpg,1,clothing,clothes,2
clothing/clothes/clothes1600.jpg,1,clothing,clothes,4
clothing/clothes/clothes3002.jpg,1,clothing,clothes,4
clothing/clothes/clothes4288.jpg,1,clothing,clothes,2
clothing/clothes/clothes1055.jpg,1,clothing,clothes,5
clothing/clothes/clothes1904.jpg,1,clothing,clothes,4
clothing/clothes/clothes2314.jpg,1,clothing,clothes,5
clothing/clothes/clothes3646.jpg,1,clothing,clothes,4
clothing/clothes/clothes376.jpg,1,clothing,clothes,3
clothing/clothes/clothes1061.jpg,1,clothing,clothes,2
clothing/clothes/clothes3043.jpg,1,clothing,clothes,2
clothing/clothes/clothes1261.jpg,1,clothing,clothes,3
clothing/clothes/clothes3601.jpg,1,clothing,clothes,3
clothing/clothes/clothes2438.jpg,1,clothing,clothes,3
clothing/clothes/clothes382.jpg,1,clothing,clothes,2
clothing/clothes/clothes5215.jpg,1,clothing,clothes,3
clothing/clothes/clothes3765.jpg,1,clothing,clothes,4
clothing/clothes/clothes122.jpg,1,clothing,clothes,3
clothing/clothes/clothes1606.jpg,1,clothing,clothes,4
clothing/clothes/clothes4507.jpg,1,clothing,clothes,4
clothing/clothes/clothes234.jpg,1,clothing,clothes,2
clothing/clothes/clothes4872.jpg,1,clothing,clothes,5
clothing/clothes/clothes2286.jpg,1,clothing,clothes,3
clothing/clothes/clothes2783.jpg,1,clothing,clothes,3
clothing/clothes/clothes4766.jpg,1,clothing,clothes,2
clothing/clothes/clothes2697.jpg,1,clothing,clothes,4
clothing/clothes/clothes2426.jpg,1,clothing,clothes,4
clothing/clothes/clothes2742.jpg,1,clothing,clothes,5
clothing/clothes/clothes2640.jpg,1,clothing,clothes,4
clothing/clothes/clothes1431.jpg,1,clothing,clothes,4
clothing/clothes/clothes3760.jpg,1,clothing,clothes,5
clothing/clothes/clothes1503.jpg,1,clothing,clothes,3
clothing/clothes/clothes4208.jpg,1,clothing,clothes,4
clothing/clothes/clothes5296.jpg,1,clothing,clothes,5
clothing/clothes/clothes2915.jpg,1,clothing,clothes,2
clothing/clothes/clothes980.jpg,1,clothing,clothes,3
clothing/clothes/clothes4799.jpg,1,clothing,clothes,4
clothing/clothes/clothes5090.jpg,1,clothing,clothes,2
clothing/clothes/clothes2979.jpg,1,clothing,clothes,4
clothing/clothes/clothes2235.jpg,1,clothing,clothes,3
clothing/clothes/clothes5203.jpg,1,clothing,clothes,3
clothing/clothes/clothes2218.jpg,1,clothing,clothes,2
clothing/clothes/clothes3479.jpg,1,clothing,clothes,4
clothing/clothes/clothes4368.jpg,1,clothing,clothes,5
clothing/clothes/clothes4740.jpg,1,clothing,clothes,5
clothing/clothes/clothes2238.jpg,1,clothing,clothes,4
clothing/clothes/clothes1277.jpg,1,clothing,clothes,2
clothing/clothes/clothes626.jpg,1,clothing,clothes,4
clothing/clothes/clothes938.jpg,1,clothing,clothes,4
clothing/clothes/clothes2568.jpg,1,clothing,clothes,3
clothing/clothes/clothes3179.jpg,1,clothing,clothes,4
clothing/clothes/clothes3890.jpg,1,clothing,clothes,4
clothing/clothes/clothes3861.jpg,1,clothing,clothes,5
clothing/clothes/clothes1978.jpg,1,clothing,clothes,3
clothing/clothes/clothes3084.jpg,1,clothing,clothes,3
clothing/clothes/clothes469.jpg,1,clothing,clothes,5
clothing/clothes/clothes70.jpg,1,clothing,clothes,3
clothing/clothes/clothes2789.jpg,1,clothing,clothes,4
clothing/clothes/clothes1345.jpg,1,clothing,clothes,2
clothing/clothes/clothes1483.jpg,1,clothing,clothes,3
clothing/clothes/clothes1197.jpg,1,clothing,clothes,4
clothing/clothes/clothes3828.jpg,1,clothing,clothes,4
clothing/clothes/clothes1054.jpg,1,clothing,clothes,5
clothing/clothes/clothes4622.jpg,1,clothing,clothes,2
clothing/clothes/clothes54.jpg,1,clothing,clothes,4
clothing/clothes/clothes3153.jpg,1,clothing,clothes,2
clothing/clothes/clothes2724.jpg,1,clothing,clothes,3
clothing/clothes/clothes1748.jpg,1,clothing,clothes,3
clothing/clothes/clothes4183.jpg,1,clothing,clothes,3
clothing/clothes/clothes14.jpg,1,clothing,clothes,5
clothing/clothes/clothes2996.jpg,1,clothing,clothes,2
clothing/clothes/clothes5141.jpg,1,clothing,clothes,3
clothing/clothes/clothes4062.jpg,1,clothing,clothes,4
clothing/clothes/clothes2670.jpg,1,clothing,clothes,4
clothing/clothes/clothes3963.jpg,1,clothing,clothes,5
clothing/clothes/clothes5124.jpg,1,clothing,clothes,4
clothing/clothes/clothes327.jpg,1,clothing,clothes,5
clothing/clothes/clothes753.jpg,1,clothing,clothes,5
clothing/clothes/clothes2404.jpg,1,clothing,clothes,4
clothing/clothes/clothes2583.jpg,1,clothing,clothes,2
clothing/clothes/clothes4097.jpg,1,clothing,clothes,3
clothing/clothes/clothes1279.jpg,1,clothing,clothes,2
clothing/clothes/clothes2704.jpg,1,clothing,clothes,5
clothing/clothes/clothes3982.jpg,1,clothing,clothes,3
clothing/clothes/clothes4841.jpg,1,clothing,clothes,3
clothing/clothes/clothes943.jpg,1,clothing,clothes,5
clothing/clothes/clothes3643.jpg,1,clothing,clothes,3
clothing/clothes/clothes3673.jpg,1,clothing,clothes,3
clothing/clothes/clothes2559.jpg,1,clothing,clothes,2
clothing/clothes/clothes364.jpg,1,clothing,clothes,5
clothing/clothes/clothes2588.jpg,1,clothing,clothes,3
clothing/clothes/clothes5220.jpg,1,clothing,clothes,5
clothing/clothes/clothes1259.jpg,1,clothing,clothes,5
clothing/clothes/clothes125.jpg,1,clothing,clothes,5
clothing/clothes/clothes25.jpg,1,clothing,clothes,5
clothing/clothes/clothes1949.jpg,1,clothing,clothes,5
clothing/clothes/clothes4293.jpg,1,clothing,clothes,4
clothing/clothes/clothes4063.jpg,1,clothing,clothes,4
clothing/clothes/clothes2436.jpg,1,clothing,clothes,5
clothing/clothes/clothes1179.jpg,1,clothing,clothes,4
clothing/clothes/clothes2537.jpg,1,clothing,clothes,2
clothing/clothes/clothes4569.jpg,1,clothing,clothes,4
clothing/clothes/clothes899.jpg,1,clothing,clothes,2
clothing/clothes/clothes1637.jpg,1,clothing,clothes,3
clothing/clothes/clothes2890.jpg,1,clothing,clothes,2
clothing/clothes/clothes692.jpg,1,clothing,clothes,2
clothing/clothes/clothes1594.jpg,1,clothing,clothes,5
clothing/clothes/clothes1932.jpg,1,clothing,clothes,3
clothing/clothes/clothes4230.jpg,1,clothing,clothes,4
clothing/clothes/clothes5254.jpg,1,clothing,clothes,2
clothing/clothes/clothes5056.jpg,1,clothing,clothes,5
clothing/clothes/clothes3190.jpg,1,clothing,clothes,3
clothing/clothes/clothes2367.jpg,1,clothing,clothes,5
clothing/clothes/clothes3504.jpg,1,clothing,clothes,3
clothing/clothes/clothes2599.jpg,1,clothing,clothes,3
clothing/clothes/clothes633.jpg,1,clothing,clothes,2
clothing/clothes/clothes2015.jpg,1,clothing,clothes,4
clothing/clothes/clothes5253.jpg,1,clothing,clothes,3
clothing/clothes/clothes2666.jpg,1,clothing,clothes,5
clothing/clothes/clothes1024.jpg,1,clothing,clothes,5
clothing/clothes/clothes2109.jpg,1,clothing,clothes,5
clothing/clothes/clothes1065.jpg,1,clothing,clothes,4
clothing/clothes/clothes2516.jpg,1,clothing,clothes,4
clothing/clothes/clothes3231.jpg,1,clothing,clothes,5
clothing/clothes/clothes3771.jpg,1,clothing,clothes,2
clothing/clothes/clothes2792.jpg,1,clothing,clothes,4
clothing/clothes/clothes3582.jpg,1,clothing,clothes,5
clothing/clothes/clothes3230.jpg,1,clothing,clothes,3
clothing/clothes/clothes3567.jpg,1,clothing,clothes,5
clothing/clothes/clothes2122.jpg,1,clothing,clothes,2
clothing/clothes/clothes1960.jpg,1,clothing,clothes,2
clothing/clothes/clothes332.jpg,1,clothing,clothes,3
clothing/clothes/clothes426.jpg,1,clothing,clothes,3
clothing/clothes/clothes5184.jpg,1,clothing,clothes,5
clothing/clothes/clothes696.jpg,1,clothing,clothes,2
clothing/clothes/clothes4916.jpg,1,clothing,clothes,5
clothing/clothes/clothes2897.jpg,1,clothing,clothes,4
clothing/clothes/clothes4724.jpg,1,clothing,clothes,2
clothing/clothes/clothes4953.jpg,1,clothing,clothes,3
clothing/clothes/clothes1790.jpg,1,clothing,clothes,4
clothing/clothes/clothes569.jpg,1,clothing,clothes,2
clothing/clothes/clothes2630.jpg,1,clothing,clothes,2
clothing/clothes/clothes428.jpg,1,clothing,clothes,4
clothing/clothes/clothes2252.jpg,1,clothing,clothes,2
clothing/clothes/clothes1210.jpg,1,clothing,clothes,4
clothing/clothes/clothes1448.jpg,1,clothing,clothes,4
clothing/clothes/clothes4659.jpg,1,clothing,clothes,3
clothing/clothes/clothes779.jpg,1,clothing,clothes,5
clothing/clothes/clothes2932.jpg,1,clothing,clothes,4
clothing/clothes/clothes403.jpg,1,clothing,clothes,2
clothing/clothes/clothes4109.jpg,1,clothing,clothes,5
clothing/clothes/clothes4581.jpg,1,clothing,clothes,5
clothing/clothes/clothes5172.jpg,1,clothing,clothes,3
clothing/clothes/clothes3608.jpg,1,clothing,clothes,2
clothing/clothes/clothes2936.jpg,1,clothing,clothes,2
clothing/clothes/clothes2232.jpg,1,clothing,clothes,2
clothing/clothes/clothes1507.jpg,1,clothing,clothes,4
clothing/clothes/clothes2854.jpg,1,clothing,clothes,5
clothing/clothes/clothes4328.jpg,1,clothing,clothes,3
clothing/clothes/clothes4276.jpg,1,clothing,clothes,2
clothing/clothes/clothes715.jpg,1,clothing,clothes,3
clothing/clothes/clothes1936.jpg,1,clothing,clothes,4
clothing/clothes/clothes4437.jpg,1,clothing,clothes,4
clothing/clothes/clothes4884.jpg,1,clothing,clothes,2
clothing/clothes/clothes4611.jpg,1,clothing,clothes,5
clothing/clothes/clothes5234.jpg,1,clothing,clothes,3
clothing/clothes/clothes2486.jpg,1,clothing,clothes,4
clothing/clothes/clothes4171.jpg,1,clothing,clothes,2
clothing/clothes/clothes1433.jpg,1,clothing,clothes,2
clothing/clothes/clothes419.jpg,1,clothing,clothes,4
clothing/clothes/clothes823.jpg,1,clothing,clothes,4
clothing/clothes/clothes1763.jpg,1,clothing,clothes,5
clothing/clothes/clothes5310.jpg,1,clothing,clothes,5
clothing/clothes/clothes1274.jpg,1,clothing,clothes,5
clothing/clothes/clothes2023.jpg,1,clothing,clothes,3
clothing/clothes/clothes3591.jpg,1,clothing,clothes,3
clothing/clothes/clothes2998.jpg,1,clothing,clothes,3
clothing/clothes/clothes1988.jpg,1,clothing,clothes,3
clothing/clothes/clothes3816.jpg,1,clothing,clothes,5
clothing/clothes/clothes2972.jpg,1,clothing,clothes,3
clothing/clothes/clothes2458.jpg,1,clothing,clothes,4
clothing/clothes/clothes175.jpg,1,clothing,clothes,5
clothing/clothes/clothes1167.jpg,1,clothing,clothes,5
clothing/clothes/clothes4868.jpg,1,clothing,clothes,3
clothing/clothes/clothes1480.jpg,1,clothing,clothes,5
clothing/clothes/clothes2031.jpg,1,clothing,clothes,2
clothing/clothes/clothes2316.jpg,1,clothing,clothes,5
clothing/clothes/clothes2429.jpg,1,clothing,clothes,5
clothing/clothes/clothes1937.jpg,1,clothing,clothes,4
clothing/clothes/clothes857.jpg,1,clothing,clothes,5
clothing/clothes/clothes253.jpg,1,clothing,clothes,3
clothing/clothes/clothes5292.jpg,1,clothing,clothes,4
clothing/shoes/shoes454.jpg,1,clothing,shoes,3
clothing/shoes/shoes434.jpg,1,clothing,shoes,5
clothing/shoes/shoes1936.jpg,1,clothing,shoes,3
clothing/shoes/shoes333.jpg,1,clothing,shoes,3
clothing/shoes/shoes901.jpg,1,clothing,shoes,5
clothing/shoes/shoes1869.jpg,1,clothing,shoes,3
clothing/shoes/shoes13.jpg,1,clothing,shoes,3
clothing/shoes/shoes392.jpg,1,clothing,shoes,3
clothing/shoes/shoes689.jpg,1,clothing,shoes,5
clothing/shoes/shoes1399.jpg,1,clothing,shoes,5
clothing/shoes/shoes25.jpg,1,clothing,shoes,2
clothing/shoes/shoes368.jpg,1,clothing,shoes,5
clothing/shoes/shoes840.jpg,1,clothing,shoes,4
clothing/shoes/shoes495.jpg,1,clothing,shoes,3
clothing/shoes/shoes1302.jpg,1,clothing,shoes,3
clothing/shoes/shoes1826.jpg,1,clothing,shoes,4
clothing/shoes/shoes1782.jpg,1,clothing,shoes,5
clothing/shoes/shoes1717.jpg,1,clothing,shoes,2
clothing/shoes/shoes266.jpg,1,clothing,shoes,2
clothing/shoes/shoes1180.jpg,1,clothing,shoes,2
clothing/shoes/shoes754.jpg,1,clothing,shoes,3
clothing/shoes/shoes403.jpg,1,clothing,shoes,3
clothing/shoes/shoes1279.jpg,1,clothing,shoes,4
clothing/shoes/shoes363.jpg,1,clothing,shoes,3
clothing/shoes/shoes535.jpg,1,clothing,shoes,2
clothing/shoes/shoes1713.jpg,1,clothing,shoes,4
clothing/shoes/shoes176.jpg,1,clothing,shoes,5
clothing/shoes/shoes1195.jpg,1,clothing,shoes,5
clothing/shoes/shoes49.jpg,1,clothing,shoes,4
clothing/shoes/shoes802.jpg,1,clothing,shoes,3
clothing/shoes/shoes707.jpg,1,clothing,shoes,2
clothing/shoes/shoes525.jpg,1,clothing,shoes,4
clothing/shoes/shoes1838.jpg,1,clothing,shoes,5
clothing/shoes/shoes1192.jpg,1,clothing,shoes,4
clothing/shoes/shoes1790.jpg,1,clothing,shoes,4
clothing/shoes/shoes1808.jpg,1,clothing,shoes,5
clothing/shoes/shoes374.jpg,1,clothing,shoes,3
clothing/shoes/shoes1407.jpg,1,clothing,shoes,3
clothing/shoes/shoes1787.jpg,1,clothing,shoes,3
clothing/shoes/shoes1926.jpg,1,clothing,shoes,4
clothing/shoes/shoes1889.jpg,1,clothing,shoes,2
clothing/shoes/shoes483.jpg,1,clothing,shoes,4
clothing/shoes/shoes1260.jpg,1,clothing,shoes,4
clothing/shoes/shoes415.jpg,1,clothing,shoes,5
clothing/shoes/shoes1828.jpg,1,clothing,shoes,2
clothing/shoes/shoes1630.jpg,1,clothing,shoes,2
clothing/shoes/shoes580.jpg,1,clothing,shoes,5
clothing/shoes/shoes759.jpg,1,clothing,shoes,4
clothing/shoes/shoes424.jpg,1,clothing,shoes,4
clothing/shoes/shoes82.jpg,1,clothing,shoes,3
clothing/shoes/shoes1881.jpg,1,clothing,shoes,5
clothing/shoes/shoes1484.jpg,1,clothing,shoes,2
clothing/shoes/shoes2.jpg,1,clothing,shoes,4
clothing/shoes/shoes1685.jpg,1,clothing,shoes,4
clothing/shoes/shoes1886.jpg,1,clothing,shoes,5
clothing/shoes/shoes1797.jpg,1,clothing,shoes,5
clothing/shoes/shoes21.jpg,1,clothing,shoes,5
clothing/shoes/shoes981.jpg,1,clothing,shoes,4
clothing/shoes/shoes1055.jpg,1,clothing,shoes,4
clothing/shoes/shoes485.jpg,1,clothing,shoes,5
clothing/shoes/shoes1442.jpg,1,clothing,shoes,5
clothing/shoes/shoes1623.jpg,1,clothing,shoes,5
clothing/shoes/shoes1384.jpg,1,clothing,shoes,3
clothing/shoes/shoes1598.jpg,1,clothing,shoes,4
clothing/shoes/shoes1483.jpg,1,clothing,shoes,4
clothing/shoes/shoes1850.jpg,1,clothing,shoes,4
clothing/shoes/shoes1345.jpg,1,clothing,shoes,4
clothing/shoes/shoes1601.jpg,1,clothing,shoes,3
clothing/shoes/shoes1135.jpg,1,clothing,shoes,2
clothing/shoes/shoes1805.jpg,1,clothing,shoes,4
clothing/shoes/shoes71.jpg,1,clothing,shoes,3
clothing/shoes/shoes589.jpg,1,clothing,shoes,5
clothing/shoes/shoes1416.jpg,1,clothing,shoes,4
clothing/shoes/shoes636.jpg,1,clothing,shoes,5
clothing/shoes/shoes1230.jpg,1,clothing,shoes,5
clothing/shoes/shoes380.jpg,1,clothing,shoes,2
clothing/shoes/shoes1711.jpg,1,clothing,shoes,4
clothing/shoes/shoes855.jpg,1,clothing,shoes,5
clothing/shoes/shoes255.jpg,1,clothing,shoes,3
clothing/shoes/shoes1072.jpg,1,clothing,shoes,2
clothing/shoes/shoes778.jpg,1,clothing,shoes,4
clothing/shoes/shoes1590.jpg,1,clothing,shoes,5
clothing/shoes/shoes940.jpg,1,clothing,shoes,4
clothing/shoes/shoes1270.jpg,1,clothing,shoes,2
clothing/shoes/shoes1534.jpg,1,clothing,shoes,5
clothing/shoes/shoes1356.jpg,1,clothing,shoes,3
clothing/shoes/shoes1007.jpg,1,clothing,shoes,4
clothing/shoes/shoes585.jpg,1,clothing,shoes,4
clothing/shoes/shoes61.jpg,1,clothing,shoes,4
clothing/shoes/shoes1839.jpg,1,clothing,shoes,2
clothing/shoes/shoes1200.jpg,1,clothing,shoes,5
clothing/shoes/shoes1922.jpg,1,clothing,shoes,4
clothing/shoes/shoes426.jpg,1,clothing,shoes,3
clothing/shoes/shoes1806.jpg,1,clothing,shoes,3
clothing/shoes/shoes1267.jpg,1,clothing,shoes,2
clothing/shoes/shoes473.jpg,1,clothing,shoes,5
clothing/shoes/shoes871.jpg,1,clothing,shoes,5
clothing/shoes/shoes1855.jpg,1,clothing,shoes,2
clothing/shoes/shoes682.jpg,1,clothing,shoes,2
clothing/shoes/shoes1201.jpg,1,clothing,shoes,2
clothing/shoes/shoes1612.jpg,1,clothing,shoes,3
clothing/shoes/shoes457.jpg,1,clothing,shoes,3
clothing/shoes/shoes268.jpg,1,clothing,shoes,4
clothing/shoes/shoes584.jpg,1,clothing,shoes,5
clothing/shoes/shoes1543.jpg,1,clothing,shoes,5
clothing/shoes/shoes1477.jpg,1,clothing,shoes,3
clothing/shoes/shoes1733.jpg,1,clothing,shoes,3
clothing/shoes/shoes1604.jpg,1,clothing,shoes,3
clothing/shoes/shoes1687.jpg,1,clothing,shoes,3
clothing/shoes/shoes148.jpg,1,clothing,shoes,5
clothing/shoes/shoes1538.jpg,1,clothing,shoes,2
clothing/shoes/shoes1392.jpg,1,clothing,shoes,2
clothing/shoes/shoes674.jpg,1,clothing,shoes,4
clothing/shoes/shoes1610.jpg,1,clothing,shoes,2
clothing/shoes/shoes1695.jpg,1,clothing,shoes,2
clothing/shoes/shoes1235.jpg,1,clothing,shoes,5
clothing/shoes/shoes1907.jpg,1,clothing,shoes,2
clothing/shoes/shoes833.jpg,1,clothing,shoes,2
clothing/shoes/shoes1540.jpg,1,clothing,shoes,5
clothing/shoes/shoes1044.jpg,1,clothing,shoes,5
clothing/shoes/shoes1919.jpg,1,clothing,shoes,2
clothing/shoes/shoes1133.jpg,1,clothing,shoes,3
clothing/shoes/shoes356.jpg,1,clothing,shoes,4
clothing/shoes/shoes1381.jpg,1,clothing,shoes,2
clothing/shoes/shoes1658.jpg,1,clothing,shoes,5
clothing/shoes/shoes314.jpg,1,clothing,shoes,4
clothing/shoes/shoes1883.jpg,1,clothing,shoes,5
clothing/shoes/shoes1181.jpg,1,clothing,shoes,5
clothing/shoes/shoes170.jpg,1,clothing,shoes,4
clothing/shoes/shoes1008.jpg,1,clothing,shoes,3
clothing/shoes/shoes1673.jpg,1,clothing,shoes,3
clothing/shoes/shoes28.jpg,1,clothing,shoes,2
clothing/shoes/shoes1831.jpg,1,clothing,shoes,4
clothing/shoes/shoes693.jpg,1,clothing,shoes,2
clothing/shoes/shoes1824.jpg,1,clothing,shoes,2
clothing/shoes/shoes879.jpg,1,clothing,shoes,3
clothing/shoes/shoes1464.jpg,1,clothing,shoes,5
clothing/shoes/shoes322.jpg,1,clothing,shoes,3
clothing/shoes/shoes1638.jpg,1,clothing,shoes,5
clothing/shoes/shoes939.jpg,1,clothing,shoes,2
clothing/shoes/shoes1128.jpg,1,clothing,shoes,2
clothing/shoes/shoes1074.jpg,1,clothing,shoes,5
clothing/shoes/shoes100.jpg,1,clothing,shoes,3
clothing/shoes/shoes575.jpg,1,clothing,shoes,2
clothing/shoes/shoes401.jpg,1,clothing,shoes,2
clothing/shoes/shoes1323.jpg,1,clothing,shoes,3
clothing/shoes/shoes743.jpg,1,clothing,shoes,5
clothing/shoes/shoes1712.jpg,1,clothing,shoes,2
clothing/shoes/shoes1063.jpg,1,clothing,shoes,4
clothing/shoes/shoes258.jpg,1,clothing,shoes,4
clothing/shoes/shoes1330.jpg,1,clothing,shoes,3
clothing/shoes/shoes985.jpg,1,clothing,shoes,4
clothing/shoes/shoes929.jpg,1,clothing,shoes,4
clothing/shoes/shoes1341.jpg,1,clothing,shoes,4
clothing/shoes/shoes203.jpg,1,clothing,shoes,4
clothing/shoes/shoes197.jpg,1,clothing,shoes,5
clothing/shoes/shoes1243.jpg,1,clothing,shoes,5
clothing/shoes/shoes431.jpg,1,clothing,shoes,5
clothing/shoes/shoes1944.jpg,1,clothing,shoes,4
clothing/shoes/shoes1370.jpg,1,clothing,shoes,2
clothing/shoes/shoes455.jpg,1,clothing,shoes,2
clothing/shoes/shoes577.jpg,1,clothing,shoes,2
clothing/shoes/shoes1783.jpg,1,clothing,shoes,5
clothing/shoes/shoes764.jpg,1,clothing,shoes,4
clothing/shoes/shoes1957.jpg,1,clothing,shoes,3
clothing/shoes/shoes1278.jpg,1,clothing,shoes,5
clothing/shoes/shoes644.jpg,1,clothing,shoes,5
clothing/shoes/shoes1268.jpg,1,clothing,shoes,3
clothing/shoes/shoes72.jpg,1,clothing,shoes,5
clothing/shoes/shoes1029.jpg,1,clothing,shoes,5
clothing/shoes/shoes1701.jpg,1,clothing,shoes,5
clothing/shoes/shoes1386.jpg,1,clothing,shoes,3
clothing/shoes/shoes1674.jpg,1,clothing,shoes,4
clothing/shoes/shoes956.jpg,1,clothing,shoes,5
clothing/shoes/shoes1707.jpg,1,clothing,shoes,5
clothing/shoes/shoes1102.jpg,1,clothing,shoes,3
clothing/shoes/shoes1218.jpg,1,clothing,shoes,5
clothing/shoes/shoes1047.jpg,1,clothing,shoes,5
clothing/shoes/shoes984.jpg,1,clothing,shoes,4
clothing/shoes/shoes430.jpg,1,clothing,shoes,4
clothing/shoes/shoes675.jpg,1,clothing,shoes,5
clothing/shoes/shoes837.jpg,1,clothing,shoes,5
clothing/shoes/shoes1448.jpg,1,clothing,shoes,2
clothing/shoes/shoes1423.jpg,1,clothing,shoes,2
clothing/shoes/shoes1577.jpg,1,clothing,shoes,5
clothing/shoes/shoes385.jpg,1,clothing,shoes,3
clothing/shoes/shoes596.jpg,1,clothing,shoes,4
clothing/shoes/shoes574.jpg,1,clothing,shoes,3
clothing/shoes/shoes820.jpg,1,clothing,shoes,3
clothing/shoes/shoes182.jpg,1,clothing,shoes,4
clothing/shoes/shoes355.jpg,1,clothing,shoes,4
clothing/shoes/shoes382.jpg,1,clothing,shoes,4
clothing/shoes/shoes832.jpg,1,clothing,shoes,4
clothing/shoes/shoes1167.jpg,1,clothing,shoes,4
clothing/shoes/shoes345.jpg,1,clothing,shoes,2
clothing/shoes/shoes320.jpg,1,clothing,shoes,5
clothing/shoes/shoes1750.jpg,1,clothing,shoes,4
clothing/shoes/shoes484.jpg,1,clothing,shoes,5
clothing/shoes/shoes925.jpg,1,clothing,shoes,5
clothing/shoes/shoes874.jpg,1,clothing,shoes,5
clothing/shoes/shoes1925.jpg,1,clothing,shoes,2
clothing/shoes/shoes1177.jpg,1,clothing,shoes,5
clothing/shoes/shoes1694.jpg,1,clothing,shoes,4
clothing/shoes/shoes1679.jpg,1,clothing,shoes,3
clothing/shoes/shoes1634.jpg,1,clothing,shoes,5
clothing/shoes/shoes1941.jpg,1,clothing,shoes,5
clothing/shoes/shoes1325.jpg,1,clothing,shoes,5
clothing/shoes/shoes1424.jpg,1,clothing,shoes,4
clothing/shoes/shoes672.jpg,1,clothing,shoes,4
clothing/shoes/shoes295.jpg,1,clothing,shoes,5
clothing/shoes/shoes1347.jpg,1,clothing,shoes,3
clothing/shoes/shoes1606.jpg,1,clothing,shoes,2
clothing/shoes/shoes1541.jpg,1,clothing,shoes,2
clothing/shoes/shoes389.jpg,1,clothing,shoes,4
clothing/shoes/shoes1459.jpg,1,clothing,shoes,4
clothing/shoes/shoes244.jpg,1,clothing,shoes,4
clothing/shoes/shoes954.jpg,1,clothing,shoes,5
clothing/shoes/shoes768.jpg,1,clothing,shoes,4
clothing/shoes/shoes658.jpg,1,clothing,shoes,3
clothing/shoes/shoes17.jpg,1,clothing,shoes,3
clothing/shoes/shoes1245.jpg,1,clothing,shoes,3
clothing/shoes/shoes946.jpg,1,clothing,shoes,3
clothing/shoes/shoes159.jpg,1,clothing,shoes,5
clothing/shoes/shoes876.jpg,1,clothing,shoes,2
clothing/shoes/shoes742.jpg,1,clothing,shoes,4
clothing/shoes/shoes1545.jpg,1,clothing,shoes,5
clothing/shoes/shoes69.jpg,1,clothing,shoes,2
clothing/shoes/shoes1718.jpg,1,clothing,shoes,2
clothing/shoes/shoes94.jpg,1,clothing,shoes,5
clothing/shoes/shoes212.jpg,1,clothing,shoes,3
clothing/shoes/shoes265.jpg,1,clothing,shoes,3
clothing/shoes/shoes1890.jpg,1,clothing,shoes,2
clothing/shoes/shoes877.jpg,1,clothing,shoes,2
clothing/shoes/shoes1456.jpg,1,clothing,shoes,2
clothing/shoes/shoes1359.jpg,1,clothing,shoes,5
clothing/shoes/shoes1760.jpg,1,clothing,shoes,2
clothing/shoes/shoes27.jpg,1,clothing,shoes,5
clothing/shoes/shoes1618.jpg,1,clothing,shoes,3
clothing/shoes/shoes108.jpg,1,clothing,shoes,5
clothing/shoes/shoes839.jpg,1,clothing,shoes,2
clothing/shoes/shoes211.jpg,1,clothing,shoes,3
clothing/shoes/shoes660.jpg,1,clothing,shoes,2
clothing/shoes/shoes1314.jpg,1,clothing,shoes,2
clothing/shoes/shoes523.jpg,1,clothing,shoes,3
clothing/shoes/shoes1660.jpg,1,clothing,shoes,4
clothing/shoes/shoes690.jpg,1,clothing,shoes,4
clothing/shoes/shoes1312.jpg,1,clothing,shoes,4
clothing/shoes/shoes1742.jpg,1,clothing,shoes,2
clothing/shoes/shoes491.jpg,1,clothing,shoes,3
clothing/shoes/shoes1749.jpg,1,clothing,shoes,2
clothing/shoes/shoes1473.jpg,1,clothing,shoes,4
clothing/shoes/shoes605.jpg,1,clothing,shoes,3
clothing/shoes/shoes1367.jpg,1,clothing,shoes,5
clothing/shoes/shoes1975.jpg,1,clothing,shoes,2
clothing/shoes/shoes960.jpg,1,clothing,shoes,2
clothing/shoes/shoes1880.jpg,1,clothing,shoes,5
clothing/shoes/shoes1036.jpg,1,clothing,shoes,4
clothing/shoes/shoes936.jpg,1,clothing,shoes,4
clothing/shoes/shoes792.jpg,1,clothing,shoes,2
clothing/shoes/shoes1533.jpg,1,clothing,shoes,4
clothing/shoes/shoes1212.jpg,1,clothing,shoes,4
clothing/shoes/shoes539.jpg,1,clothing,shoes,3
clothing/shoes/shoes798.jpg,1,clothing,shoes,3
clothing/shoes/shoes89.jpg,1,clothing,shoes,5
clothing/shoes/shoes1203.jpg,1,clothing,shoes,5
clothing/shoes/shoes611.jpg,1,clothing,shoes,5
clothing/shoes/shoes760.jpg,1,clothing,shoes,5
clothing/shoes/shoes429.jpg,1,clothing,shoes,3
clothing/shoes/shoes941.jpg,1,clothing,shoes,2
clothing/shoes/shoes402.jpg,1,clothing,shoes,3
clothing/shoes/shoes1910.jpg,1,clothing,shoes,4
clothing/shoes/shoes976.jpg,1,clothing,shoes,3
clothing/shoes/shoes757.jpg,1,clothing,shoes,5
clothing/shoes/shoes1813.jpg,1,clothing,shoes,5
clothing/shoes/shoes1945.jpg,1,clothing,shoes,3
clothing/shoes/shoes613.jpg,1,clothing,shoes,3
clothing/shoes/shoes1820.jpg,1,clothing,shoes,3
clothing/shoes/shoes164.jpg,1,clothing,shoes,3
clothing/shoes/shoes1364.jpg,1,clothing,shoes,2
clothing/shoes/shoes1641.jpg,1,clothing,shoes,3
clothing/shoes/shoes914.jpg,1,clothing,shoes,5
clothing/shoes/shoes787.jpg,1,clothing,shoes,2
clothing/shoes/shoes1649.jpg,1,clothing,shoes,4
clothing/shoes/shoes1374.jpg,1,clothing,shoes,3
clothing/shoes/shoes1123.jpg,1,clothing,shoes,5
clothing/shoes/shoes534.jpg,1,clothing,shoes,2
clothing/shoes/shoes711.jpg,1,clothing,shoes,5
clothing/shoes/shoes810.jpg,1,clothing,shoes,4
clothing/shoes/shoes1793.jpg,1,clothing,shoes,4
clothing/shoes/shoes1242.jpg,1,clothing,shoes,5
clothing/shoes/shoes131.jpg,1,clothing,shoes,2
clothing/shoes/shoes725.jpg,1,clothing,shoes,2
clothing/shoes/shoes1811.jpg,1,clothing,shoes,2
clothing/shoes/shoes1602.jpg,1,clothing,shoes,3
clothing/shoes/shoes1108.jpg,1,clothing,shoes,5
clothing/shoes/shoes568.jpg,1,clothing,shoes,3
clothing/shoes/shoes1583.jpg,1,clothing,shoes,4
clothing/shoes/shoes831.jpg,1,clothing,shoes,4
clothing/shoes/shoes1857.jpg,1,clothing,shoes,2
clothing/shoes/shoes31.jpg,1,clothing,shoes,2
clothing/shoes/shoes959.jpg,1,clothing,shoes,3
clothing/shoes/shoes254.jpg,1,clothing,shoes,3
clothing/shoes/shoes1489.jpg,1,clothing,shoes,3
clothing/shoes/shoes173.jpg,1,clothing,shoes,3
clothing/shoes/shoes70.jpg,1,clothing,shoes,4
clothing/shoes/shoes54.jpg,1,clothing,shoes,2
clothing/shoes/shoes290.jpg,1,clothing,shoes,3
clothing/shoes/shoes1449.jpg,1,clothing,shoes,5
clothing/shoes/shoes1833.jpg,1,clothing,shoes,5
clothing/shoes/shoes767.jpg,1,clothing,shoes,2
clothing/shoes/shoes1045.jpg,1,clothing,shoes,2
clothing/shoes/shoes387.jpg,1,clothing,shoes,5
clothing/shoes/shoes337.jpg,1,clothing,shoes,4
clothing/shoes/shoes1509.jpg,1,clothing,shoes,4
clothing/shoes/shoes6.jpg,1,clothing,shoes,4
clothing/shoes/shoes1000.jpg,1,clothing,shoes,5
clothing/shoes/shoes163.jpg,1,clothing,shoes,2
clothing/shoes/shoes1196.jpg,1,clothing,shoes,2
clothing/shoes/shoes691.jpg,1,clothing,shoes,2
clothing/shoes/shoes1935.jpg,1,clothing,shoes,4
clothing/shoes/shoes1012.jpg,1,clothing,shoes,2
clothing/shoes/shoes1216.jpg,1,clothing,shoes,4
clothing/shoes/shoes1821.jpg,1,clothing,shoes,3
clothing/shoes/shoes1569.jpg,1,clothing,shoes,4
clothing/shoes/shoes1915.jpg,1,clothing,shoes,3
clothing/shoes/shoes1030.jpg,1,clothing,shoes,2
clothing/shoes/shoes1134.jpg,1,clothing,shoes,4
clothing/shoes/shoes1554.jpg,1,clothing,shoes,5
clothing/shoes/shoes107.jpg,1,clothing,shoes,4
clothing/shoes/shoes970.jpg,1,clothing,shoes,2
clothing/shoes/shoes1570.jpg,1,clothing,shoes,4
clothing/shoes/shoes1877.jpg,1,clothing,shoes,5
clothing/shoes/shoes713.jpg,1,clothing,shoes,2
clothing/shoes/shoes794.jpg,1,clothing,shoes,4
clothing/shoes/shoes606.jpg,1,clothing,shoes,2
clothing/shoes/shoes1380.jpg,1,clothing,shoes,3
clothing/shoes/shoes229.jpg,1,clothing,shoes,2
clothing/shoes/shoes926.jpg,1,clothing,shoes,2
clothing/shoes/shoes1450.jpg,1,clothing,shoes,5
clothing/shoes/shoes1557.jpg,1,clothing,shoes,5
clothing/shoes/shoes1896.jpg,1,clothing,shoes,5
clothing/shoes/shoes986.jpg,1,clothing,shoes,5
clothing/shoes/shoes228.jpg,1,clothing,shoes,3
clothing/shoes/shoes1611.jpg,1,clothing,shoes,4
clothing/shoes/shoes694.jpg,1,clothing,shoes,3
clothing/shoes/shoes1836.jpg,1,clothing,shoes,2
clothing/shoes/shoes1276.jpg,1,clothing,shoes,3
clothing/shoes/shoes1164.jpg,1,clothing,shoes,5
clothing/shoes/shoes1904.jpg,1,clothing,shoes,2
clothing/shoes/shoes1277.jpg,1,clothing,shoes,2
clothing/shoes/shoes1436.jpg,1,clothing,shoes,4
clothing/shoes/shoes353.jpg,1,clothing,shoes,5
clothing/shoes/shoes557.jpg,1,clothing,shoes,2
clothing/shoes/shoes821.jpg,1,clothing,shoes,3
clothing/shoes/shoes1560.jpg,1,clothing,shoes,3
clothing/shoes/shoes924.jpg,1,clothing,shoes,5
clothing/shoes/shoes359.jpg,1,clothing,shoes,2
clothing/shoes/shoes1704.jpg,1,clothing,shoes,2
clothing/shoes/shoes135.jpg,1,clothing,shoes,4
clothing/shoes/shoes1318.jpg,1,clothing,shoes,4
clothing/shoes/shoes137.jpg,1,clothing,shoes,2
clothing/shoes/shoes449.jpg,1,clothing,shoes,2
clothing/shoes/shoes988.jpg,1,clothing,shoes,4
clothing/shoes/shoes278.jpg,1,clothing,shoes,5
clothing/shoes/shoes1080.jpg,1,clothing,shoes,4
clothing/shoes/shoes501.jpg,1,clothing,shoes,3
clothing/shoes/shoes1206.jpg,1,clothing,shoes,4
clothing/shoes/shoes659.jpg,1,clothing,shoes,2
clothing/shoes/shoes140.jpg,1,clothing,shoes,3
clothing/shoes/shoes1959.jpg,1,clothing,shoes,5
clothing/shoes/shoes710.jpg,1,clothing,shoes,2
clothing/shoes/shoes1627.jpg,1,clothing,shoes,3
clothing/shoes/shoes516.jpg,1,clothing,shoes,5
clothing/shoes/shoes1862.jpg,1,clothing,shoes,5
clothing/shoes/shoes650.jpg,1,clothing,shoes,2
clothing/shoes/shoes503.jpg,1,clothing,shoes,4
clothing/shoes/shoes1653.jpg,1,clothing,shoes,4
clothing/shoes/shoes1566.jpg,1,clothing,shoes,4
clothing/shoes/shoes151.jpg,1,clothing,shoes,5
clothing/shoes/shoes1210.jpg,1,clothing,shoes,4
clothing/shoes/shoes1526.jpg,1,clothing,shoes,3
clothing/shoes/shoes1931.jpg,1,clothing,shoes,2
clothing/shoes/shoes99.jpg,1,clothing,shoes,3
clothing/shoes/shoes989.jpg,1,clothing,shoes,3
clothing/shoes/shoes895.jpg,1,clothing,shoes,3
clothing/shoes/shoes1903.jpg,1,clothing,shoes,3
clothing/shoes/shoes1651.jpg,1,clothing,shoes,5
clothing/shoes/shoes533.jpg,1,clothing,shoes,5
clothing/shoes/shoes232.jpg,1,clothing,shoes,3
clothing/shoes/shoes234.jpg,1,clothing,shoes,3
clothing/shoes/shoes700.jpg,1,clothing,shoes,2
clothing/shoes/shoes285.jpg,1,clothing,shoes,3
clothing/shoes/shoes45.jpg,1,clothing,shoes,2
clothing/shoes/shoes1816.jpg,1,clothing,shoes,4
clothing/shoes/shoes1104.jpg,1,clothing,shoes,4
clothing/shoes/shoes614.jpg,1,clothing,shoes,4
clothing/shoes/shoes1777.jpg,1,clothing,shoes,4
clothing/shoes/shoes1895.jpg,1,clothing,shoes,5
clothing/shoes/shoes894.jpg,1,clothing,shoes,2
clothing/shoes/shoes1417.jpg,1,clothing,shoes,3
clothing/shoes/shoes571.jpg,1,clothing,shoes,5
clothing/shoes/shoes508.jpg,1,clothing,shoes,4
clothing/shoes/shoes1405.jpg,1,clothing,shoes,5
clothing/shoes/shoes705.jpg,1,clothing,shoes,5
clothing/shoes/shoes641.jpg,1,clothing,shoes,4
clothing/shoes/shoes238.jpg,1,clothing,shoes,3
clothing/shoes/shoes1497.jpg,1,clothing,shoes,2
clothing/shoes/shoes886.jpg,1,clothing,shoes,3
clothing/shoes/shoes1137.jpg,1,clothing,shoes,3
clothing/shoes/shoes18.jpg,1,clothing,shoes,4
clothing/shoes/shoes695.jpg,1,clothing,shoes,5
clothing/shoes/shoes1692.jpg,1,clothing,shoes,3
clothing/shoes/shoes1308.jpg,1,clothing,shoes,5
clothing/shoes/shoes1766.jpg,1,clothing,shoes,2
clothing/shoes/shoes118.jpg,1,clothing,shoes,2
clothing/shoes/shoes852.jpg,1,clothing,shoes,3
clothing/shoes/shoes1535.jpg,1,clothing,shoes,5
clothing/shoes/shoes1389.jpg,1,clothing,shoes,2
clothing/shoes/shoes122.jpg,1,clothing,shoes,2
clothing/shoes/shoes1112.jpg,1,clothing,shoes,2
clothing/shoes/shoes1879.jpg,1,clothing,shoes,3
clothing/shoes/shoes8.jpg,1,clothing,shoes,5
clothing/shoes/shoes594.jpg,1,clothing,shoes,4
clothing/shoes/shoes366.jpg,1,clothing,shoes,3
clothing/shoes/shoes1697.jpg,1,clothing,shoes,5
clothing/shoes/shoes58.jpg,1,clothing,shoes,3
clothing/shoes/shoes1444.jpg,1,clothing,shoes,3
clothing/shoes/shoes900.jpg,1,clothing,shoes,5
clothing/shoes/shoes1191.jpg,1,clothing,shoes,2
clothing/shoes/shoes1835.jpg,1,clothing,shoes,2
clothing/shoes/shoes715.jpg,1,clothing,shoes,3
clothing/shoes/shoes1089.jpg,1,clothing,shoes,5
clothing/shoes/shoes1778.jpg,1,clothing,shoes,4
clothing/shoes/shoes1515.jpg,1,clothing,shoes,5
clothing/shoes/shoes57.jpg,1,clothing,shoes,5
clothing/shoes/shoes1354.jpg,1,clothing,shoes,3
clothing/shoes/shoes1898.jpg,1,clothing,shoes,4
clothing/shoes/shoes47.jpg,1,clothing,shoes,5
clothing/shoes/shoes1927.jpg,1,clothing,shoes,4
clothing/shoes/shoes305.jpg,1,clothing,shoes,3
clothing/shoes/shoes1501.jpg,1,clothing,shoes,3
clothing/shoes/shoes1100.jpg,1,clothing,shoes,4
clothing/shoes/shoes1585.jpg,1,clothing,shoes,4
clothing/shoes/shoes101.jpg,1,clothing,shoes,2
clothing/shoes/shoes208.jpg,1,clothing,shoes,2
clothing/shoes/shoes34.jpg,1,clothing,shoes,4
clothing/shoes/shoes237.jpg,1,clothing,shoes,2
clothing/shoes/shoes383.jpg,1,clothing,shoes,3
clothing/shoes/shoes1083.jpg,1,clothing,shoes,3
clothing/shoes/shoes1580.jpg,1,clothing,shoes,5
clothing/shoes/shoes663.jpg,1,clothing,shoes,5
clothing/shoes/shoes335.jpg,1,clothing,shoes,5
clothing/shoes/shoes1178.jpg,1,clothing,shoes,3
clothing/shoes/shoes1594.jpg,1,clothing,shoes,5
clothing/shoes/shoes85.jpg,1,clothing,shoes,2
clothing/shoes/shoes1765.jpg,1,clothing,shoes,2
clothing/shoes/shoes527.jpg,1,clothing,shoes,3
clothing/shoes/shoes1514.jpg,1,clothing,shoes,5
clothing/shoes/shoes1698.jpg,1,clothing,shoes,2
clothing/shoes/shoes1199.jpg,1,clothing,shoes,5
clothing/shoes/shoes598.jpg,1,clothing,shoes,4
clothing/shoes/shoes884.jpg,1,clothing,shoes,4
clothing/shoes/shoes167.jpg,1,clothing,shoes,4
clothing/shoes/shoes1147.jpg,1,clothing,shoes,4
clothing/shoes/shoes805.jpg,1,clothing,shoes,2
clothing/shoes/shoes361.jpg,1,clothing,shoes,3
clothing/shoes/shoes819.jpg,1,clothing,shoes,4
clothing/shoes/shoes1591.jpg,1,clothing,shoes,5
clothing/shoes/shoes1121.jpg,1,clothing,shoes,3
clothing/shoes/shoes1873.jpg,1,clothing,shoes,4
clothing/shoes/shoes1095.jpg,1,clothing,shoes,3
clothing/shoes/shoes1866.jpg,1,clothing,shoes,2
clothing/shoes/shoes904.jpg,1,clothing,shoes,2
clothing/shoes/shoes1162.jpg,1,clothing,shoes,4
clothing/shoes/shoes635.jpg,1,clothing,shoes,5
clothing/shoes/shoes1574.jpg,1,clothing,shoes,3
clothing/shoes/shoes1161.jpg,1,clothing,shoes,2
clothing/shoes/shoes1621.jpg,1,clothing,shoes,2
clothing/shoes/shoes15.jpg,1,clothing,shoes,3
clothing/shoes/shoes656.jpg,1,clothing,shoes,5
clothing/shoes/shoes330.jpg,1,clothing,shoes,2
clothing/shoes/shoes1400.jpg,1,clothing,shoes,4
clothing/shoes/shoes1654.jpg,1,clothing,shoes,4
clothing/shoes/shoes1485.jpg,1,clothing,shoes,2
clothing/shoes/shoes313.jpg,1,clothing,shoes,3
clothing/shoes/shoes1169.jpg,1,clothing,shoes,3
clothing/shoes/shoes1124.jpg,1,clothing,shoes,5
clothing/shoes/shoes1893.jpg,1,clothing,shoes,4
clothing/shoes/shoes616.jpg,1,clothing,shoes,3
clothing/shoes/shoes752.jpg,1,clothing,shoes,2
clothing/shoes/shoes185.jpg,1,clothing,shoes,4
clothing/shoes/shoes1175.jpg,1,clothing,shoes,4
clothing/shoes/shoes655.jpg,1,clothing,shoes,2
clothing/shoes/shoes803.jpg,1,clothing,shoes,4
clothing/shoes/shoes647.jpg,1,clothing,shoes,3
clothing/shoes/shoes1038.jpg,1,clothing,shoes,2
clothing/shoes/shoes482.jpg,1,clothing,shoes,4
clothing/shoes/shoes1317.jpg,1,clothing,shoes,2
clothing/shoes/shoes1739.jpg,1,clothing,shoes,2
clothing/shoes/shoes595.jpg,1,clothing,shoes,2
clothing/shoes/shoes953.jpg,1,clothing,shoes,3
clothing/shoes/shoes141.jpg,1,clothing,shoes,4
clothing/shoes/shoes927.jpg,1,clothing,shoes,5
clothing/shoes/shoes14.jpg,1,clothing,shoes,3
clothing/shoes/shoes1528.jpg,1,clothing,shoes,3
clothing/shoes/shoes161.jpg,1,clothing,shoes,2
clothing/shoes/shoes1048.jpg,1,clothing,shoes,4
clothing/shoes/shoes1357.jpg,1,clothing,shoes,4
clothing/shoes/shoes326.jpg,1,clothing,shoes,3
clothing/shoes/shoes1539.jpg,1,clothing,shoes,5
clothing/shoes/shoes1402.jpg,1,clothing,shoes,5
clothing/shoes/shoes603.jpg,1,clothing,shoes,3
clothing/shoes/shoes686.jpg,1,clothing,shoes,2
clothing/shoes/shoes944.jpg,1,clothing,shoes,3
clothing/shoes/shoes10.jpg,1,clothing,shoes,4
clothing/shoes/shoes1060.jpg,1,clothing,shoes,4
clothing/shoes/shoes1125.jpg,1,clothing,shoes,4
clothing/shoes/shoes1385.jpg,1,clothing,shoes,2
clothing/shoes/shoes1379.jpg,1,clothing,shoes,4
clothing/shoes/shoes1142.jpg,1,clothing,shoes,3
clothing/shoes/shoes1743.jpg,1,clothing,shoes,2
clothing/shoes/shoes1092.jpg,1,clothing,shoes,5
clothing/shoes/shoes1908.jpg,1,clothing,shoes,2
clothing/shoes/shoes1288.jpg,1,clothing,shoes,5
clothing/shoes/shoes1689.jpg,1,clothing,shoes,3
clothing/shoes/shoes1053.jpg,1,clothing,shoes,4
clothing/shoes/shoes409.jpg,1,clothing,shoes,5
clothing/shoes/shoes338.jpg,1,clothing,shoes,3
clothing/shoes/shoes1222.jpg,1,clothing,shoes,4
clothing/shoes/shoes399.jpg,1,clothing,shoes,3
clothing/shoes/shoes1815.jpg,1,clothing,shoes,3
clothing/shoes/shoes1851.jpg,1,clothing,shoes,4
clothing/shoes/shoes627.jpg,1,clothing,shoes,3
clothing/shoes/shoes1490.jpg,1,clothing,shoes,4
clothing/shoes/shoes1171.jpg,1,clothing,shoes,2
clothing/shoes/shoes1624.jpg,1,clothing,shoes,3
clothing/shoes/shoes588.jpg,1,clothing,shoes,3
clothing/shoes/shoes1452.jpg,1,clothing,shoes,2
clothing/shoes/shoes746.jpg,1,clothing,shoes,4
clothing/shoes/shoes1209.jpg,1,clothing,shoes,2
clothing/shoes/shoes1814.jpg,1,clothing,shoes,4
clothing/shoes/shoes1326.jpg,1,clothing,shoes,2
clothing/shoes/shoes1864.jpg,1,clothing,shoes,4
clothing/shoes/shoes428.jpg,1,clothing,shoes,5
clothing/shoes/shoes1603.jpg,1,clothing,shoes,5
clothing/shoes/shoes556.jpg,1,clothing,shoes,5
clothing/shoes/shoes499.jpg,1,clothing,shoes,3
clothing/shoes/shoes612.jpg,1,clothing,shoes,4
clothing/shoes/shoes780.jpg,1,clothing,shoes,5
clothing/shoes/shoes888.jpg,1,clothing,shoes,4
clothing/shoes/shoes1508.jpg,1,clothing,shoes,2
clothing/shoes/shoes1284.jpg,1,clothing,shoes,2
clothing/shoes/shoes1057.jpg,1,clothing,shoes,3
clothing/shoes/shoes423.jpg,1,clothing,shoes,5
clothing/shoes/shoes160.jpg,1,clothing,shoes,2
clothing/shoes/shoes1051.jpg,1,clothing,shoes,2
clothing/shoes/shoes688.jpg,1,clothing,shoes,3
clothing/shoes/shoes461.jpg,1,clothing,shoes,4
clothing/shoes/shoes487.jpg,1,clothing,shoes,4
clothing/shoes/shoes210.jpg,1,clothing,shoes,5
clothing/shoes/shoes1970.jpg,1,clothing,shoes,2
clothing/shoes/shoes1433.jpg,1,clothing,shoes,3
clothing/shoes/shoes1593.jpg,1,clothing,shoes,2
clothing/shoes/shoes1875.jpg,1,clothing,shoes,5
clothing/shoes/shoes1796.jpg,1,clothing,shoes,5
clothing/shoes/shoes1722.jpg,1,clothing,shoes,2
clothing/shoes/shoes59.jpg,1,clothing,shoes,4
clothing/shoes/shoes903.jpg,1,clothing,shoes,3
clothing/shoes/shoes1061.jpg,1,clothing,shoes,3
clothing/shoes/shoes1034.jpg,1,clothing,shoes,4
clothing/shoes/shoes1429.jpg,1,clothing,shoes,4
clothing/shoes/shoes1114.jpg,1,clothing,shoes,4
clothing/shoes/shoes1246.jpg,1,clothing,shoes,4
clothing/shoes/shoes1859.jpg,1,clothing,shoes,3
clothing/shoes/shoes1781.jpg,1,clothing,shoes,2
clothing/shoes/shoes1408.jpg,1,clothing,shoes,3
clothing/shoes/shoes1933.jpg,1,clothing,shoes,4
clothing/shoes/shoes309.jpg,1,clothing,shoes,3
clothing/shoes/shoes1457.jpg,1,clothing,shoes,3
clothing/shoes/shoes1870.jpg,1,clothing,shoes,2
clothing/shoes/shoes591.jpg,1,clothing,shoes,4
clothing/shoes/shoes413.jpg,1,clothing,shoes,2
clothing/shoes/shoes1015.jpg,1,clothing,shoes,5
clothing/shoes/shoes1257.jpg,1,clothing,shoes,4
clothing/shoes/shoes1283.jpg,1,clothing,shoes,3
clothing/shoes/shoes12.jpg,1,clothing,shoes,3
clothing/shoes/shoes629.jpg,1,clothing,shoes,5
clothing/shoes/shoes340.jpg,1,clothing,shoes,5
clothing/shoes/shoes479.jpg,1,clothing,shoes,5
clothing/shoes/shoes1432.jpg,1,clothing,shoes,3
clothing/shoes/shoes1939.jpg,1,clothing,shoes,3
clothing/shoes/shoes463.jpg,1,clothing,shoes,2
clothing/shoes/shoes486.jpg,1,clothing,shoes,5
clothing/shoes/shoes677.jpg,1,clothing,shoes,4
clothing/shoes/shoes1363.jpg,1,clothing,shoes,2
clothing/shoes/shoes906.jpg,1,clothing,shoes,3
clothing/shoes/shoes909.jpg,1,clothing,shoes,3
clothing/shoes/shoes1358.jpg,1,clothing,shoes,5
clothing/shoes/shoes639.jpg,1,clothing,shoes,3
clothing/shoes/shoes344.jpg,1,clothing,shoes,5
clothing/shoes/shoes277.jpg,1,clothing,shoes,2
clothing/shoes/shoes509.jpg,1,clothing,shoes,4
clothing/shoes/shoes324.jpg,1,clothing,shoes,3
clothing/shoes/shoes207.jpg,1,clothing,shoes,3
clothing/shoes/shoes1763.jpg,1,clothing,shoes,3
clothing/shoes/shoes388.jpg,1,clothing,shoes,5
clothing/shoes/shoes880.jpg,1,clothing,shoes,4
clothing/shoes/shoes1592.jpg,1,clothing,shoes,5
clothing/shoes/shoes643.jpg,1,clothing,shoes,5
clothing/shoes/shoes912.jpg,1,clothing,shoes,4
clothing/shoes/shoes898.jpg,1,clothing,shoes,2
clothing/shoes/shoes68.jpg,1,clothing,shoes,5
clothing/shoes/shoes1157.jpg,1,clothing,shoes,3
clothing/shoes/shoes1292.jpg,1,clothing,shoes,3
clothing/shoes/shoes1062.jpg,1,clothing,shoes,5
clothing/shoes/shoes329.jpg,1,clothing,shoes,2
clothing/shoes/shoes1027.jpg,1,clothing,shoes,5
clothing/shoes/shoes1779.jpg,1,clothing,shoes,3
clothing/shoes/shoes1335.jpg,1,clothing,shoes,3
clothing/shoes/shoes1028.jpg,1,clothing,shoes,5
clothing/shoes/shoes222.jpg,1,clothing,shoes,3
clothing/shoes/shoes138.jpg,1,clothing,shoes,5
clothing/shoes/shoes425.jpg,1,clothing,shoes,2
clothing/shoes/shoes1822.jpg,1,clothing,shoes,3
clothing/shoes/shoes5.jpg,1,clothing,shoes,4
clothing/shoes/shoes566.jpg,1,clothing,shoes,4
clothing/shoes/shoes1768.jpg,1,clothing,shoes,5
clothing/shoes/shoes1105.jpg,1,clothing,shoes,2
clothing/shoes/shoes156.jpg,1,clothing,shoes,4
clothing/shoes/shoes1519.jpg,1,clothing,shoes,2
clothing/shoes/shoes289.jpg,1,clothing,shoes,2
clothing/shoes/shoes816.jpg,1,clothing,shoes,4
clothing/shoes/shoes1311.jpg,1,clothing,shoes,2
clothing/shoes/shoes1827.jpg,1,clothing,shoes,4
clothing/shoes/shoes867.jpg,1,clothing,shoes,5
clothing/shoes/shoes247.jpg,1,clothing,shoes,2
clothing/shoes/shoes1887.jpg,1,clothing,shoes,2
clothing/shoes/shoes282.jpg,1,clothing,shoes,2
clothing/shoes/shoes620.jpg,1,clothing,shoes,3
clothing/shoes/shoes1287.jpg,1,clothing,shoes,4
clothing/shoes/shoes1844.jpg,1,clothing,shoes,4
clothing/shoes/shoes1401.jpg,1,clothing,shoes,4
clothing/shoes/shoes772.jpg,1,clothing,shoes,4
clothing/shoes/shoes1221.jpg,1,clothing,shoes,2
clothing/shoes/shoes1952.jpg,1,clothing,shoes,3
clothing/shoes/shoes950.jpg,1,clothing,shoes,3
clothing/shoes/shoes1586.jpg,1,clothing,shoes,3
clothing/shoes/shoes573.jpg,1,clothing,shoes,5
clothing/shoes/shoes188.jpg,1,clothing,shoes,2
clothing/shoes/shoes1942.jpg,1,clothing,shoes,2
clothing/shoes/shoes1187.jpg,1,clothing,shoes,3
clothing/shoes/shoes1664.jpg,1,clothing,shoes,5
clothing/shoes/shoes671.jpg,1,clothing,shoes,3
clothing/shoes/shoes1428.jpg,1,clothing,shoes,3
clothing/shoes/shoes670.jpg,1,clothing,shoes,5
clothing/shoes/shoes271.jpg,1,clothing,shoes,5
clothing/shoes/shoes1943.jpg,1,clothing,shoes,3
clothing/shoes/shoes351.jpg,1,clothing,shoes,4
clothing/shoes/shoes1795.jpg,1,clothing,shoes,3
clothing/shoes/shoes1637.jpg,1,clothing,shoes,5
clothing/shoes/shoes165.jpg,1,clothing,shoes,3
clothing/shoes/shoes1236.jpg,1,clothing,shoes,2
clothing/shoes/shoes971.jpg,1,clothing,shoes,4
clothing/shoes/shoes905.jpg,1,clothing,shoes,3
clothing/shoes/shoes1079.jpg,1,clothing,shoes,4
clothing/shoes/shoes220.jpg,1,clothing,shoes,4
clothing/shoes/shoes1966.jpg,1,clothing,shoes,5
clothing/shoes/shoes199.jpg,1,clothing,shoes,2
clothing/shoes/shoes1729.jpg,1,clothing,shoes,2
clothing/shoes/shoes249.jpg,1,clothing,shoes,2
clothing/shoes/shoes174.jpg,1,clothing,shoes,4
clothing/shoes/shoes602.jpg,1,clothing,shoes,5
clothing/shoes/shoes692.jpg,1,clothing,shoes,2
clothing/shoes/shoes1120.jpg,1,clothing,shoes,2
clothing/shoes/shoes948.jpg,1,clothing,shoes,5
clothing/shoes/shoes1950.jpg,1,clothing,shoes,2
clothing/shoes/shoes947.jpg,1,clothing,shoes,4
clothing/shoes/shoes261.jpg,1,clothing,shoes,5
clothing/shoes/shoes1507.jpg,1,clothing,shoes,2
clothing/shoes/shoes1976.jpg,1,clothing,shoes,5
clothing/shoes/shoes470.jpg,1,clothing,shoes,4
clothing/shoes/shoes666.jpg,1,clothing,shoes,2
clothing/shoes/shoes1185.jpg,1,clothing,shoes,3
clothing/shoes/shoes136.jpg,1,clothing,shoes,2
clothing/shoes/shoes1546.jpg,1,clothing,shoes,5
clothing/shoes/shoes1551.jpg,1,clothing,shoes,5
clothing/shoes/shoes127.jpg,1,clothing,shoes,4
clothing/shoes/shoes1581.jpg,1,clothing,shoes,5
clothing/shoes/shoes812.jpg,1,clothing,shoes,3
clothing/shoes/shoes1548.jpg,1,clothing,shoes,2
clothing/shoes/shoes339.jpg,1,clothing,shoes,4
clothing/shoes/shoes1670.jpg,1,clothing,shoes,5
clothing/shoes/shoes1336.jpg,1,clothing,shoes,4
clothing/shoes/shoes1004.jpg,1,clothing,shoes,4
clothing/shoes/shoes66.jpg,1,clothing,shoes,5
clothing/shoes/shoes1297.jpg,1,clothing,shoes,2
clothing/shoes/shoes1923.jpg,1,clothing,shoes,3
clothing/shoes/shoes1563.jpg,1,clothing,shoes,3
clothing/shoes/shoes728.jpg,1,clothing,shoes,4
clothing/shoes/shoes50.jpg,1,clothing,shoes,4
clothing/shoes/shoes408.jpg,1,clothing,shoes,3
clothing/shoes/shoes1871.jpg,1,clothing,shoes,3
clothing/shoes/shoes110.jpg,1,clothing,shoes,4
clothing/shoes/shoes292.jpg,1,clothing,shoes,2
clothing/shoes/shoes731.jpg,1,clothing,shoes,2
clothing/shoes/shoes586.jpg,1,clothing,shoes,2
clothing/shoes/shoes770.jpg,1,clothing,shoes,2
clothing/shoes/shoes133.jpg,1,clothing,shoes,5
clothing/shoes/shoes1391.jpg,1,clothing,shoes,4
clothing/shoes/shoes386.jpg,1,clothing,shoes,4
clothing/shoes/shoes437.jpg,1,clothing,shoes,3
clothing/shoes/shoes1131.jpg,1,clothing,shoes,4
clothing/shoes/shoes1608.jpg,1,clothing,shoes,3
clothing/shoes/shoes762.jpg,1,clothing,shoes,5
clothing/shoes/shoes1058.jpg,1,clothing,shoes,5
clothing/shoes/shoes1568.jpg,1,clothing,shoes,2
clothing/shoes/shoes1127.jpg,1,clothing,shoes,2
clothing/shoes/shoes236.jpg,1,clothing,shoes,5
clothing/shoes/shoes1536.jpg,1,clothing,shoes,3
clothing/shoes/shoes830.jpg,1,clothing,shoes,3
clothing/shoes/shoes982.jpg,1,clothing,shoes,5
clothing/shoes/shoes26.jpg,1,clothing,shoes,4
clothing/shoes/shoes1607.jpg,1,clothing,shoes,3
clothing/shoes/shoes214.jpg,1,clothing,shoes,5
clothing/shoes/shoes1629.jpg,1,clothing,shoes,2
clothing/shoes/shoes1130.jpg,1,clothing,shoes,5
clothing/shoes/shoes1136.jpg,1,clothing,shoes,2
clothing/shoes/shoes858.jpg,1,clothing,shoes,3
clothing/shoes/shoes307.jpg,1,clothing,shoes,2
clothing/shoes/shoes139.jpg,1,clothing,shoes,4
clothing/shoes/shoes1148.jpg,1,clothing,shoes,2
clothing/shoes/shoes1971.jpg,1,clothing,shoes,4
clothing/shoes/shoes253.jpg,1,clothing,shoes,3
clothing/shoes/shoes1523.jpg,1,clothing,shoes,5
clothing/shoes/shoes861.jpg,1,clothing,shoes,3
clothing/shoes/shoes1486.jpg,1,clothing,shoes,2
clothing/shoes/shoes189.jpg,1,clothing,shoes,3
clothing/shoes/shoes987.jpg,1,clothing,shoes,3
clothing/shoes/shoes406.jpg,1,clothing,shoes,5
clothing/shoes/shoes1387.jpg,1,clothing,shoes,5
clothing/shoes/shoes1451.jpg,1,clothing,shoes,5
clothing/shoes/shoes1810.jpg,1,clothing,shoes,2
clothing/shoes/shoes126.jpg,1,clothing,shoes,4
clothing/shoes/shoes702.jpg,1,clothing,shoes,4
clothing/shoes/shoes1916.jpg,1,clothing,shoes,5
clothing/shoes/shoes1113.jpg,1,clothing,shoes,5
clothing/shoes/shoes420.jpg,1,clothing,shoes,5
clothing/shoes/shoes44.jpg,1,clothing,shoes,2
clothing/shoes/shoes1480.jpg,1,clothing,shoes,3
clothing/shoes/shoes245.jpg,1,clothing,shoes,3
clothing/shoes/shoes1156.jpg,1,clothing,shoes,3
clothing/shoes/shoes834.jpg,1,clothing,shoes,3
clothing/shoes/shoes1327.jpg,1,clothing,shoes,4
clothing/shoes/shoes1726.jpg,1,clothing,shoes,5
clothing/shoes/shoes967.jpg,1,clothing,shoes,2
clothing/shoes/shoes1259.jpg,1,clothing,shoes,3
clothing/shoes/shoes662.jpg,1,clothing,shoes,2
clothing/shoes/shoes809.jpg,1,clothing,shoes,2
clothing/shoes/shoes846.jpg,1,clothing,shoes,5
clothing/shoes/shoes252.jpg,1,clothing,shoes,5
clothing/shoes/shoes952.jpg,1,clothing,shoes,2
clothing/shoes/shoes1119.jpg,1,clothing,shoes,5
clothing/shoes/shoes1394.jpg,1,clothing,shoes,4
clothing/shoes/shoes360.jpg,1,clothing,shoes,5
clothing/shoes/shoes823.jpg,1,clothing,shoes,5
clothing/shoes/shoes1725.jpg,1,clothing,shoes,2
clothing/shoes/shoes1656.jpg,1,clothing,shoes,2
clothing/shoes/shoes1878.jpg,1,clothing,shoes,3
clothing/shoes/shoes1802.jpg,1,clothing,shoes,4
clothing/shoes/shoes632.jpg,1,clothing,shoes,2
clothing/shoes/shoes856.jpg,1,clothing,shoes,3
clothing/shoes/shoes866.jpg,1,clothing,shoes,5
clothing/shoes/shoes390.jpg,1,clothing,shoes,3
clothing/shoes/shoes442.jpg,1,clothing,shoes,5
clothing/shoes/shoes822.jpg,1,clothing,shoes,3
clothing/shoes/shoes1173.jpg,1,clothing,shoes,4
clothing/shoes/shoes1262.jpg,1,clothing,shoes,3
clothing/shoes/shoes1565.jpg,1,clothing,shoes,2
clothing/shoes/shoes393.jpg,1,clothing,shoes,5
clothing/shoes/shoes889.jpg,1,clothing,shoes,3
clothing/shoes/shoes1818.jpg,1,clothing,shoes,5
clothing/shoes/shoes1340.jpg,1,clothing,shoes,4
clothing/shoes/shoes504.jpg,1,clothing,shoes,4
clothing/shoes/shoes1714.jpg,1,clothing,shoes,3
clothing/shoes/shoes446.jpg,1,clothing,shoes,2
clothing/shoes/shoes1780.jpg,1,clothing,shoes,5
clothing/shoes/shoes1006.jpg,1,clothing,shoes,3
clothing/shoes/shoes1468.jpg,1,clothing,shoes,3
clothing/shoes/shoes610.jpg,1,clothing,shoes,2
clothing/shoes/shoes681.jpg,1,clothing,shoes,3
clothing/shoes/shoes651.jpg,1,clothing,shoes,5
clothing/shoes/shoes1248.jpg,1,clothing,shoes,5
clothing/shoes/shoes918.jpg,1,clothing,shoes,5
clothing/shoes/shoes1037.jpg,1,clothing,shoes,5
clothing/shoes/shoes1398.jpg,1,clothing,shoes,5
clothing/shoes/shoes302.jpg,1,clothing,shoes,3
clothing/shoes/shoes1513.jpg,1,clothing,shoes,2
clothing/shoes/shoes1434.jpg,1,clothing,shoes,3
clothing/shoes/shoes739.jpg,1,clothing,shoes,3
clothing/shoes/shoes572.jpg,1,clothing,shoes,2
clothing/shoes/shoes235.jpg,1,clothing,shoes,2
clothing/shoes/shoes162.jpg,1,clothing,shoes,3
clothing/shoes/shoes1261.jpg,1,clothing,shoes,2
clothing/shoes/shoes1252.jpg,1,clothing,shoes,2
clothing/shoes/shoes1741.jpg,1,clothing,shoes,5
clothing/shoes/shoes1899.jpg,1,clothing,shoes,4
clothing/shoes/shoes1491.jpg,1,clothing,shoes,2
clothing/shoes/shoes561.jpg,1,clothing,shoes,4
clothing/shoes/shoes684.jpg,1,clothing,shoes,3
clothing/shoes/shoes1305.jpg,1,clothing,shoes,5
clothing/shoes/shoes417.jpg,1,clothing,shoes,2
clothing/shoes/shoes1446.jpg,1,clothing,shoes,5
clothing/shoes/shoes774.jpg,1,clothing,shoes,2
clothing/shoes/shoes528.jpg,1,clothing,shoes,4
clothing/shoes/shoes35.jpg,1,clothing,shoes,5
clothing/shoes/shoes740.jpg,1,clothing,shoes,5
clothing/shoes/shoes443.jpg,1,clothing,shoes,2
clothing/shoes/shoes241.jpg,1,clothing,shoes,4
clothing/shoes/shoes795.jpg,1,clothing,shoes,4
clothing/shoes/shoes1025.jpg,1,clothing,shoes,3
clothing/shoes/shoes773.jpg,1,clothing,shoes,2
clothing/shoes/shoes144.jpg,1,clothing,shoes,5
clothing/shoes/shoes835.jpg,1,clothing,shoes,3
clothing/shoes/shoes1699.jpg,1,clothing,shoes,2
clothing/shoes/shoes251.jpg,1,clothing,shoes,4
clothing/shoes/shoes1860.jpg,1,clothing,shoes,3
clothing/shoes/shoes701.jpg,1,clothing,shoes,4
clothing/shoes/shoes793.jpg,1,clothing,shoes,3
clothing/shoes/shoes1158.jpg,1,clothing,shoes,3
clothing/shoes/shoes92.jpg,1,clothing,shoes,4
clothing/shoes/shoes1082.jpg,1,clothing,shoes,2
clothing/shoes/shoes1965.jpg,1,clothing,shoes,4
clothing/shoes/shoes951.jpg,1,clothing,shoes,5
clothing/shoes/shoes1237.jpg,1,clothing,shoes,5
clothing/shoes/shoes1290.jpg,1,clothing,shoes,2
clothing/shoes/shoes917.jpg,1,clothing,shoes,2
clothing/shoes/shoes1154.jpg,1,clothing,shoes,4
clothing/shoes/shoes462.jpg,1,clothing,shoes,5
clothing/shoes/shoes1097.jpg,1,clothing,shoes,4
clothing/shoes/shoes77.jpg,1,clothing,shoes,5
clothing/shoes/shoes1151.jpg,1,clothing,shoes,2
clothing/shoes/shoes530.jpg,1,clothing,shoes,3
clothing/shoes/shoes1724.jpg,1,clothing,shoes,4
clothing/shoes/shoes1014.jpg,1,clothing,shoes,4
clothing/shoes/shoes735.jpg,1,clothing,shoes,5
clothing/shoes/shoes1700.jpg,1,clothing,shoes,3
clothing/shoes/shoes552.jpg,1,clothing,shoes,5
clothing/shoes/shoes465.jpg,1,clothing,shoes,2
clothing/shoes/shoes931.jpg,1,clothing,shoes,2
clothing/shoes/shoes166.jpg,1,clothing,shoes,3
clothing/shoes/shoes966.jpg,1,clothing,shoes,4
clothing/shoes/shoes817.jpg,1,clothing,shoes,3
clothing/shoes/shoes1683.jpg,1,clothing,shoes,3
clothing/shoes/shoes853.jpg,1,clothing,shoes,2
clothing/shoes/shoes1955.jpg,1,clothing,shoes,2
clothing/shoes/shoes267.jpg,1,clothing,shoes,3
clothing/shoes/shoes1863.jpg,1,clothing,shoes,2
clothing/shoes/shoes181.jpg,1,clothing,shoes,2
clothing/shoes/shoes280.jpg,1,clothing,shoes,3
clothing/shoes/shoes1948.jpg,1,clothing,shoes,2
clothing/shoes/shoes1418.jpg,1,clothing,shoes,5
clothing/shoes/shoes685.jpg,1,clothing,shoes,4
clothing/shoes/shoes1067.jpg,1,clothing,shoes,4
clothing/shoes/shoes78.jpg,1,clothing,shoes,2
clothing/shoes/shoes1463.jpg,1,clothing,shoes,5
clothing/shoes/shoes98.jpg,1,clothing,shoes,2
clothing/shoes/shoes1143.jpg,1,clothing,shoes,5
clothing/shoes/shoes134.jpg,1,clothing,shoes,3
clothing/shoes/shoes865.jpg,1,clothing,shoes,3
clothing/shoes/shoes1747.jpg,1,clothing,shoes,2
clothing/shoes/shoes256.jpg,1,clothing,shoes,5
clothing/shoes/shoes996.jpg,1,clothing,shoes,2
clothing/shoes/shoes498.jpg,1,clothing,shoes,3
clothing/shoes/shoes1258.jpg,1,clothing,shoes,5
clothing/shoes/shoes567.jpg,1,clothing,shoes,3
clothing/shoes/shoes1958.jpg,1,clothing,shoes,2
clothing/shoes/shoes1678.jpg,1,clothing,shoes,3
clothing/shoes/shoes1263.jpg,1,clothing,shoes,5
clothing/shoes/shoes331.jpg,1,clothing,shoes,2
clothing/shoes/shoes1332.jpg,1,clothing,shoes,4
clothing/shoes/shoes864.jpg,1,clothing,shoes,2
clothing/shoes/shoes919.jpg,1,clothing,shoes,2
clothing/shoes/shoes1567.jpg,1,clothing,shoes,3
clothing/shoes/shoes758.jpg,1,clothing,shoes,4
clothing/shoes/shoes1179.jpg,1,clothing,shoes,4
clothing/shoes/shoes1756.jpg,1,clothing,shoes,3
clothing/shoes/shoes992.jpg,1,clothing,shoes,4
clothing/shoes/shoes526.jpg,1,clothing,shoes,5
clothing/shoes/shoes1807.jpg,1,clothing,shoes,4
clothing/shoes/shoes1240.jpg,1,clothing,shoes,5
clothing/shoes/shoes1168.jpg,1,clothing,shoes,3
clothing/shoes/shoes1377.jpg,1,clothing,shoes,3
clothing/shoes/shoes1510.jpg,1,clothing,shoes,5
clothing/shoes/shoes1427.jpg,1,clothing,shoes,5
clothing/shoes/shoes1224.jpg,1,clothing,shoes,5
clothing/shoes/shoes1300.jpg,1,clothing,shoes,3
clothing/shoes/shoes1241.jpg,1,clothing,shoes,3
clothing/shoes/shoes518.jpg,1,clothing,shoes,4
clothing/shoes/shoes79.jpg,1,clothing,shoes,3
clothing/shoes/shoes1906.jpg,1,clothing,shoes,3
clothing/shoes/shoes132.jpg,1,clothing,shoes,4
clothing/shoes/shoes1306.jpg,1,clothing,shoes,2
clothing/shoes/shoes1635.jpg,1,clothing,shoes,5
clothing/shoes/shoes1909.jpg,1,clothing,shoes,3
clothing/shoes/shoes475.jpg,1,clothing,shoes,4
clothing/shoes/shoes836.jpg,1,clothing,shoes,3
clothing/shoes/shoes76.jpg,1,clothing,shoes,4
clothing/shoes/shoes1020.jpg,1,clothing,shoes,5
clothing/shoes/shoes364.jpg,1,clothing,shoes,3
clothing/shoes/shoes507.jpg,1,clothing,shoes,5
clothing/shoes/shoes1106.jpg,1,clothing,shoes,3
clothing/shoes/shoes1163.jpg,1,clothing,shoes,4
clothing/shoes/shoes439.jpg,1,clothing,shoes,3
clothing/shoes/shoes1213.jpg,1,clothing,shoes,2
clothing/shoes/shoes513.jpg,1,clothing,shoes,5
clothing/shoes/shoes1190.jpg,1,clothing,shoes,2
clothing/shoes/shoes1832.jpg,1,clothing,shoes,3
clothing/shoes/shoes227.jpg,1,clothing,shoes,4
clothing/shoes/shoes1024.jpg,1,clothing,shoes,4
clothing/shoes/shoes1921.jpg,1,clothing,shoes,2
clothing/shoes/shoes1188.jpg,1,clothing,shoes,3
clothing/shoes/shoes578.jpg,1,clothing,shoes,2
clothing/shoes/shoes303.jpg,1,clothing,shoes,4
clothing/shoes/shoes1868.jpg,1,clothing,shoes,4
clothing/shoes/shoes1659.jpg,1,clothing,shoes,4
clothing/shoes/shoes471.jpg,1,clothing,shoes,4
clothing/shoes/shoes224.jpg,1,clothing,shoes,3
clothing/shoes/shoes474.jpg,1,clothing,shoes,2
clothing/shoes/shoes1286.jpg,1,clothing,shoes,3
clothing/shoes/shoes1118.jpg,1,clothing,shoes,4
clothing/shoes/shoes67.jpg,1,clothing,shoes,2
clothing/shoes/shoes761.jpg,1,clothing,shoes,2
clothing/shoes/shoes1764.jpg,1,clothing,shoes,3
clothing/shoes/shoes190.jpg,1,clothing,shoes,4
clothing/shoes/shoes994.jpg,1,clothing,shoes,2
clothing/shoes/shoes1614.jpg,1,clothing,shoes,3
clothing/shoes/shoes1853.jpg,1,clothing,shoes,3
clothing/shoes/shoes1620.jpg,1,clothing,shoes,5
clothing/shoes/shoes1227.jpg,1,clothing,shoes,4
clothing/shoes/shoes372.jpg,1,clothing,shoes,5
clothing/shoes/shoes624.jpg,1,clothing,shoes,3
clothing/shoes/shoes116.jpg,1,clothing,shoes,3
clothing/shoes/shoes1506.jpg,1,clothing,shoes,3
clothing/shoes/shoes826.jpg,1,clothing,shoes,3
clothing/shoes/shoes103.jpg,1,clothing,shoes,3
clothing/shoes/shoes604.jpg,1,clothing,shoes,4
clothing/shoes/shoes1940.jpg,1,clothing,shoes,3
clothing/shoes/shoes800.jpg,1,clothing,shoes,3
clothing/shoes/shoes1525.jpg,1,clothing,shoes,3
clothing/shoes/shoes1344.jpg,1,clothing,shoes,4
clothing/shoes/shoes142.jpg,1,clothing,shoes,5
clothing/shoes/shoes520.jpg,1,clothing,shoes,2
clothing/shoes/shoes1555.jpg,1,clothing,shoes,2
clothing/shoes/shoes42.jpg,1,clothing,shoes,4
clothing/shoes/shoes1376.jpg,1,clothing,shoes,5
clothing/shoes/shoes1021.jpg,1,clothing,shoes,3
clothing/shoes/shoes845.jpg,1,clothing,shoes,2
clothing/shoes/shoes506.jpg,1,clothing,shoes,2
clothing/shoes/shoes696.jpg,1,clothing,shoes,3
clothing/shoes/shoes974.jpg,1,clothing,shoes,4
clothing/shoes/shoes1342.jpg,1,clothing,shoes,3
clothing/shoes/shoes1861.jpg,1,clothing,shoes,3
clothing/shoes/shoes1964.jpg,1,clothing,shoes,5
clothing/shoes/shoes115.jpg,1,clothing,shoes,4
clothing/shoes/shoes1115.jpg,1,clothing,shoes,5
clothing/shoes/shoes460.jpg,1,clothing,shoes,4
clothing/shoes/shoes1396.jpg,1,clothing,shoes,5
clothing/shoes/shoes150.jpg,1,clothing,shoes,2
clothing/shoes/shoes1205.jpg,1,clothing,shoes,4
clothing/shoes/shoes1642.jpg,1,clothing,shoes,4
clothing/shoes/shoes1447.jpg,1,clothing,shoes,3
clothing/shoes/shoes779.jpg,1,clothing,shoes,4
clothing/shoes/shoes668.jpg,1,clothing,shoes,4
clothing/shoes/shoes1138.jpg,1,clothing,shoes,3
clothing/shoes/shoes1041.jpg,1,clothing,shoes,4
clothing/shoes/shoes1420.jpg,1,clothing,shoes,5
clothing/shoes/shoes716.jpg,1,clothing,shoes,5
clothing/shoes/shoes964.jpg,1,clothing,shoes,3
clothing/shoes/shoes1011.jpg,1,clothing,shoes,2
clothing/shoes/shoes1809.jpg,1,clothing,shoes,3
clothing/shoes/shoes883.jpg,1,clothing,shoes,3
clothing/shoes/shoes1107.jpg,1,clothing,shoes,2
clothing/shoes/shoes418.jpg,1,clothing,shoes,4
clothing/shoes/shoes1746.jpg,1,clothing,shoes,2
clothing/shoes/shoes1431.jpg,1,clothing,shoes,5
clothing/shoes/shoes736.jpg,1,clothing,shoes,5
clothing/shoes/shoes1690.jpg,1,clothing,shoes,4
clothing/shoes/shoes1174.jpg,1,clothing,shoes,4
clothing/shoes/shoes1013.jpg,1,clothing,shoes,3
clothing/shoes/shoes1310.jpg,1,clothing,shoes,2
clothing/shoes/shoes1558.jpg,1,clothing,shoes,2
clothing/shoes/shoes1856.jpg,1,clothing,shoes,2
clothing/shoes/shoes1769.jpg,1,clothing,shoes,3
clothing/shoes/shoes730.jpg,1,clothing,shoes,5
clothing/shoes/shoes1578.jpg,1,clothing,shoes,2
clothing/shoes/shoes1465.jpg,1,clothing,shoes,4
clothing/shoes/shoes1329.jpg,1,clothing,shoes,3
clothing/shoes/shoes84.jpg,1,clothing,shoes,2
clothing/shoes/shoes1530.jpg,1,clothing,shoes,2
clothing/shoes/shoes117.jpg,1,clothing,shoes,4
clothing/shoes/shoes293.jpg,1,clothing,shoes,5
clothing/shoes/shoes1549.jpg,1,clothing,shoes,4
clothing/shoes/shoes958.jpg,1,clothing,shoes,4
clothing/shoes/shoes349.jpg,1,clothing,shoes,2
clothing/shoes/shoes1825.jpg,1,clothing,shoes,4
clothing/shoes/shoes908.jpg,1,clothing,shoes,5
clothing/shoes/shoes1499.jpg,1,clothing,shoes,5
clothing/shoes/shoes352.jpg,1,clothing,shoes,4
clothing/shoes/shoes1617.jpg,1,clothing,shoes,5
clothing/shoes/shoes264.jpg,1,clothing,shoes,5
clothing/shoes/shoes1022.jpg,1,clothing,shoes,5
clothing/shoes/shoes1443.jpg,1,clothing,shoes,3
clothing/shoes/shoes843.jpg,1,clothing,shoes,3
clothing/shoes/shoes1829.jpg,1,clothing,shoes,4
clothing/shoes/shoes395.jpg,1,clothing,shoes,4
clothing/shoes/shoes1469.jpg,1,clothing,shoes,3
clothing/shoes/shoes1425.jpg,1,clothing,shoes,3
clothing/shoes/shoes783.jpg,1,clothing,shoes,2
clothing/shoes/shoes194.jpg,1,clothing,shoes,4
clothing/shoes/shoes1026.jpg,1,clothing,shoes,4
clothing/shoes/shoes86.jpg,1,clothing,shoes,3
clothing/shoes/shoes1650.jpg,1,clothing,shoes,2
clothing/shoes/shoes980.jpg,1,clothing,shoes,3
clothing/shoes/shoes579.jpg,1,clothing,shoes,3
clothing/shoes/shoes1865.jpg,1,clothing,shoes,4
clothing/shoes/shoes560.jpg,1,clothing,shoes,4
clothing/shoes/shoes1737.jpg,1,clothing,shoes,5
clothing/shoes/shoes1579.jpg,1,clothing,shoes,2
clothing/shoes/shoes334.jpg,1,clothing,shoes,4
clothing/shoes/shoes911.jpg,1,clothing,shoes,2
clothing/shoes/shoes1111.jpg,1,clothing,shoes,5
clothing/shoes/shoes1421.jpg,1,clothing,shoes,3
clothing/shoes/shoes1439.jpg,1,clothing,shoes,4
clothing/shoes/shoes1524.jpg,1,clothing,shoes,2
clothing/shoes/shoes781.jpg,1,clothing,shoes,5
clothing/shoes/shoes180.jpg,1,clothing,shoes,3
clothing/shoes/shoes1800.jpg,1,clothing,shoes,2
clothing/shoes/shoes43.jpg,1,clothing,shoes,3
clothing/shoes/shoes1129.jpg,1,clothing,shoes,2
clothing/shoes/shoes862.jpg,1,clothing,shoes,4
clothing/shoes/shoes414.jpg,1,clothing,shoes,5
clothing/shoes/shoes441.jpg,1,clothing,shoes,5
clothing/shoes/shoes73.jpg,1,clothing,shoes,5
clothing/shoes/shoes844.jpg,1,clothing,shoes,4
clothing/shoes/shoes1804.jpg,1,clothing,shoes,4
clothing/shoes/shoes63.jpg,1,clothing,shoes,4
clothing/shoes/shoes283.jpg,1,clothing,shoes,4
clothing/shoes/shoes1738.jpg,1,clothing,shoes,4
clothing/shoes/shoes1126.jpg,1,clothing,shoes,5
clothing/shoes/shoes1198.jpg,1,clothing,shoes,4
clothing/shoes/shoes375.jpg,1,clothing,shoes,3
clothing/shoes/shoes205.jpg,1,clothing,shoes,2
clothing/shoes/shoes1732.jpg,1,clothing,shoes,5
clothing/shoes/shoes1858.jpg,1,clothing,shoes,2
clothing/shoes/shoes814.jpg,1,clothing,shoes,2
clothing/shoes/shoes1116.jpg,1,clothing,shoes,5
clothing/shoes/shoes540.jpg,1,clothing,shoes,2
clothing/shoes/shoes1666.jpg,1,clothing,shoes,5
clothing/shoes/shoes1406.jpg,1,clothing,shoes,4
clothing/shoes/shoes1479.jpg,1,clothing,shoes,5
clothing/shoes/shoes892.jpg,1,clothing,shoes,2
clothing/shoes/shoes1366.jpg,1,clothing,shoes,3
clothing/shoes/shoes1900.jpg,1,clothing,shoes,3
clothing/shoes/shoes1924.jpg,1,clothing,shoes,2
clothing/shoes/shoes815.jpg,1,clothing,shoes,4
clothing/shoes/shoes788.jpg,1,clothing,shoes,5
clothing/shoes/shoes1937.jpg,1,clothing,shoes,3
clothing/shoes/shoes897.jpg,1,clothing,shoes,5
clothing/shoes/shoes827.jpg,1,clothing,shoes,3
clothing/shoes/shoes1587.jpg,1,clothing,shoes,3
clothing/shoes/shoes400.jpg,1,clothing,shoes,4
clothing/shoes/shoes1744.jpg,1,clothing,shoes,3
clothing/shoes/shoes1518.jpg,1,clothing,shoes,5
clothing/shoes/shoes1075.jpg,1,clothing,shoes,4
clothing/shoes/shoes1409.jpg,1,clothing,shoes,4
clothing/shoes/shoes114.jpg,1,clothing,shoes,5
clothing/shoes/shoes1466.jpg,1,clothing,shoes,2
clothing/shoes/shoes631.jpg,1,clothing,shoes,3
clothing/shoes/shoes1920.jpg,1,clothing,shoes,4
clothing/shoes/shoes945.jpg,1,clothing,shoes,5
clothing/shoes/shoes121.jpg,1,clothing,shoes,2
clothing/shoes/shoes708.jpg,1,clothing,shoes,5
clothing/shoes/shoes379.jpg,1,clothing,shoes,4
clothing/shoes/shoes875.jpg,1,clothing,shoes,4
clothing/shoes/shoes1609.jpg,1,clothing,shoes,5
clothing/shoes/shoes1928.jpg,1,clothing,shoes,3
clothing/shoes/shoes1646.jpg,1,clothing,shoes,4
clothing/shoes/shoes546.jpg,1,clothing,shoes,5
clothing/shoes/shoes1255.jpg,1,clothing,shoes,4
clothing/shoes/shoes1155.jpg,1,clothing,shoes,4
clothing/shoes/shoes1334.jpg,1,clothing,shoes,4
clothing/shoes/shoes1307.jpg,1,clothing,shoes,5
clothing/shoes/shoes828.jpg,1,clothing,shoes,5
clothing/shoes/shoes1383.jpg,1,clothing,shoes,4
clothing/shoes/shoes1069.jpg,1,clothing,shoes,4
clothing/shoes/shoes1693.jpg,1,clothing,shoes,5
clothing/shoes/shoes394.jpg,1,clothing,shoes,4
clothing/shoes/shoes1282.jpg,1,clothing,shoes,3
clothing/shoes/shoes1849.jpg,1,clothing,shoes,4
clothing/shoes/shoes125.jpg,1,clothing,shoes,5
clothing/shoes/shoes343.jpg,1,clothing,shoes,3
clothing/shoes/shoes440.jpg,1,clothing,shoes,2
clothing/shoes/shoes608.jpg,1,clothing,shoes,2
clothing/shoes/shoes1775.jpg,1,clothing,shoes,4
clothing/shoes/shoes51.jpg,1,clothing,shoes,2
clothing/shoes/shoes1932.jpg,1,clothing,shoes,2
clothing/shoes/shoes1152.jpg,1,clothing,shoes,3
clothing/shoes/shoes468.jpg,1,clothing,shoes,4
clothing/shoes/shoes1264.jpg,1,clothing,shoes,5
clothing/shoes/shoes582.jpg,1,clothing,shoes,5
clothing/shoes/shoes1759.jpg,1,clothing,shoes,5
clothing/shoes/shoes601.jpg,1,clothing,shoes,2
clothing/shoes/shoes317.jpg,1,clothing,shoes,2
clothing/shoes/shoes384.jpg,1,clothing,shoes,3
clothing/shoes/shoes1275.jpg,1,clothing,shoes,2
clothing/shoes/shoes753.jpg,1,clothing,shoes,3
clothing/shoes/shoes747.jpg,1,clothing,shoes,2
clothing/shoes/shoes81.jpg,1,clothing,shoes,5
clothing/shoes/shoes1752.jpg,1,clothing,shoes,5
clothing/shoes/shoes452.jpg,1,clothing,shoes,3
clothing/shoes/shoes16.jpg,1,clothing,shoes,2
clothing/shoes/shoes797.jpg,1,clothing,shoes,4
clothing/shoes/shoes859.jpg,1,clothing,shoes,3
clothing/shoes/shoes1841.jpg,1,clothing,shoes,2
clothing/shoes/shoes1681.jpg,1,clothing,shoes,4
clothing/shoes/shoes1542.jpg,1,clothing,shoes,2
clothing/shoes/shoes1349.jpg,1,clothing,shoes,2
clothing/shoes/shoes838.jpg,1,clothing,shoes,4
clothing/shoes/shoes1633.jpg,1,clothing,shoes,4
clothing/shoes/shoes20.jpg,1,clothing,shoes,2
clothing/shoes/shoes1353.jpg,1,clothing,shoes,3
clothing/shoes/shoes1272.jpg,1,clothing,shoes,3
clothing/shoes/shoes350.jpg,1,clothing,shoes,2
clothing/shoes/shoes1271.jpg,1,clothing,shoes,5
clothing/shoes/shoes239.jpg,1,clothing,shoes,4
clothing/shoes/shoes192.jpg,1,clothing,shoes,5
clothing/shoes/shoes1885.jpg,1,clothing,shoes,2
clothing/shoes/shoes1369.jpg,1,clothing,shoes,2
clothing/shoes/shoes1589.jpg,1,clothing,shoes,3
clothing/shoes/shoes706.jpg,1,clothing,shoes,3
clothing/shoes/shoes1299.jpg,1,clothing,shoes,3
clothing/shoes/shoes1348.jpg,1,clothing,shoes,5
clothing/shoes/shoes1395.jpg,1,clothing,shoes,3
clothing/shoes/shoes524.jpg,1,clothing,shoes,5
clothing/shoes/shoes1411.jpg,1,clothing,shoes,3
clothing/shoes/shoes1708.jpg,1,clothing,shoes,2
clothing/shoes/shoes1761.jpg,1,clothing,shoes,3
clothing/shoes/shoes1244.jpg,1,clothing,shoes,4
clothing/shoes/shoes1339.jpg,1,clothing,shoes,2
clothing/shoes/shoes637.jpg,1,clothing,shoes,3
clothing/shoes/shoes1253.jpg,1,clothing,shoes,2
clothing/shoes/shoes1070.jpg,1,clothing,shoes,3
clothing/shoes/shoes1552.jpg,1,clothing,shoes,5
clothing/shoes/shoes301.jpg,1,clothing,shoes,5
clothing/shoes/shoes548.jpg,1,clothing,shoes,4
clothing/shoes/shoes435.jpg,1,clothing,shoes,5
clothing/shoes/shoes30.jpg,1,clothing,shoes,3
clothing/shoes/shoes186.jpg,1,clothing,shoes,4
clothing/shoes/shoes153.jpg,1,clothing,shoes,3
clothing/shoes/shoes1159.jpg,1,clothing,shoes,2
clothing/shoes/shoes1220.jpg,1,clothing,shoes,2
clothing/shoes/shoes1103.jpg,1,clothing,shoes,2
clothing/shoes/shoes263.jpg,1,clothing,shoes,4
clothing/shoes/shoes201.jpg,1,clothing,shoes,3
clothing/shoes/shoes1605.jpg,1,clothing,shoes,2
clothing/shoes/shoes565.jpg,1,clothing,shoes,5
clothing/shoes/shoes33.jpg,1,clothing,shoes,4
clothing/shoes/shoes775.jpg,1,clothing,shoes,4
clothing/shoes/shoes1410.jpg,1,clothing,shoes,4
clothing/shoes/shoes808.jpg,1,clothing,shoes,5
clothing/shoes/shoes1846.jpg,1,clothing,shoes,2
clothing/shoes/shoes490.jpg,1,clothing,shoes,4
clothing/shoes/shoes1740.jpg,1,clothing,shoes,3
clothing/shoes/shoes1355.jpg,1,clothing,shoes,5
clothing/shoes/shoes1225.jpg,1,clothing,shoes,3
clothing/shoes/shoes1035.jpg,1,clothing,shoes,5
clothing/shoes/shoes547.jpg,1,clothing,shoes,4
clothing/shoes/shoes609.jpg,1,clothing,shoes,5
clothing/shoes/shoes799.jpg,1,clothing,shoes,2
clothing/shoes/shoes719.jpg,1,clothing,shoes,5
clothing/shoes/shoes105.jpg,1,clothing,shoes,5
clothing/shoes/shoes65.jpg,1,clothing,shoes,4
clothing/shoes/shoes56.jpg,1,clothing,shoes,4
clothing/shoes/shoes673.jpg,1,clothing,shoes,4
clothing/shoes/shoes1728.jpg,1,clothing,shoes,2
clothing/shoes/shoes128.jpg,1,clothing,shoes,2
clothing/shoes/shoes120.jpg,1,clothing,shoes,2
clothing/shoes/shoes1247.jpg,1,clothing,shoes,4
clothing/shoes/shoes765.jpg,1,clothing,shoes,3
clothing/shoes/shoes152.jpg,1,clothing,shoes,3
clothing/shoes/shoes381.jpg,1,clothing,shoes,4
clothing/shoes/shoes1153.jpg,1,clothing,shoes,5
clothing/shoes/shoes1184.jpg,1,clothing,shoes,5
clothing/shoes/shoes1492.jpg,1,clothing,shoes,5
clothing/shoes/shoes1798.jpg,1,clothing,shoes,4
clothing/shoes/shoes934.jpg,1,clothing,shoes,5
clothing/shoes/shoes683.jpg,1,clothing,shoes,3
clothing/shoes/shoes1628.jpg,1,clothing,shoes,3
clothing/shoes/shoes146.jpg,1,clothing,shoes,3
clothing/shoes/shoes93.jpg,1,clothing,shoes,2
clothing/shoes/shoes336.jpg,1,clothing,shoes,3
clothing/shoes/shoes1303.jpg,1,clothing,shoes,5
clothing/shoes/shoes1894.jpg,1,clothing,shoes,2
clothing/shoes/shoes373.jpg,1,clothing,shoes,5
clothing/shoes/shoes1817.jpg,1,clothing,shoes,5
clothing/shoes/shoes1042.jpg,1,clothing,shoes,2
clothing/shoes/shoes890.jpg,1,clothing,shoes,5
clothing/shoes/shoes741.jpg,1,clothing,shoes,2
clothing/shoes/shoes1720.jpg,1,clothing,shoes,5
clothing/shoes/shoes1229.jpg,1,clothing,shoes,2
clothing/shoes/shoes600.jpg,1,clothing,shoes,2
clothing/shoes/shoes1101.jpg,1,clothing,shoes,2
clothing/shoes/shoes1211.jpg,1,clothing,shoes,2
clothing/shoes/shoes1050.jpg,1,clothing,shoes,5
clothing/shoes/shoes505.jpg,1,clothing,shoes,3
clothing/shoes/shoes184.jpg,1,clothing,shoes,2
clothing/shoes/shoes825.jpg,1,clothing,shoes,2
clothing/shoes/shoes1529.jpg,1,clothing,shoes,5
clothing/shoes/shoes1122.jpg,1,clothing,shoes,5
clothing/shoes/shoes599.jpg,1,clothing,shoes,5
clothing/shoes/shoes521.jpg,1,clothing,shoes,2
clothing/shoes/shoes1696.jpg,1,clothing,shoes,3
clothing/shoes/shoes315.jpg,1,clothing,shoes,2
clothing/shoes/shoes618.jpg,1,clothing,shoes,5
clothing/shoes/shoes143.jpg,1,clothing,shoes,4
clothing/shoes/shoes458.jpg,1,clothing,shoes,2
clothing/shoes/shoes294.jpg,1,clothing,shoes,2
clothing/shoes/shoes1842.jpg,1,clothing,shoes,5
clothing/shoes/shoes1482.jpg,1,clothing,shoes,5
clothing/shoes/shoes466.jpg,1,clothing,shoes,3
clothing/shoes/shoes75.jpg,1,clothing,shoes,4
clothing/shoes/shoes1493.jpg,1,clothing,shoes,3
clothing/shoes/shoes537.jpg,1,clothing,shoes,5
clothing/shoes/shoes177.jpg,1,clothing,shoes,2
clothing/shoes/shoes1226.jpg,1,clothing,shoes,3
clothing/shoes/shoes935.jpg,1,clothing,shoes,2
clothing/shoes/shoes1757.jpg,1,clothing,shoes,5
clothing/shoes/shoes1084.jpg,1,clothing,shoes,4
clothing/shoes/shoes9.jpg,1,clothing,shoes,5
clothing/shoes/shoes789.jpg,1,clothing,shoes,5
clothing/shoes/shoes640.jpg,1,clothing,shoes,2
clothing/shoes/shoes1582.jpg,1,clothing,shoes,2
clothing/shoes/shoes259.jpg,1,clothing,shoes,2
clothing/shoes/shoes1197.jpg,1,clothing,shoes,5
clothing/shoes/shoes87.jpg,1,clothing,shoes,4
clothing/shoes/shoes955.jpg,1,clothing,shoes,4
clothing/shoes/shoes1010.jpg,1,clothing,shoes,4
clothing/shoes/shoes937.jpg,1,clothing,shoes,5
clothing/shoes/shoes195.jpg,1,clothing,shoes,4
clothing/shoes/shoes727.jpg,1,clothing,shoes,4
clothing/shoes/shoes1419.jpg,1,clothing,shoes,5
clothing/shoes/shoes1039.jpg,1,clothing,shoes,5
clothing/shoes/shoes626.jpg,1,clothing,shoes,2
clothing/shoes/shoes1474.jpg,1,clothing,shoes,3
clothing/shoes/shoes327.jpg,1,clothing,shoes,5
clothing/shoes/shoes1784.jpg,1,clothing,shoes,2
clothing/shoes/shoes1847.jpg,1,clothing,shoes,4
clothing/shoes/shoes1390.jpg,1,clothing,shoes,3
clothing/shoes/shoes1475.jpg,1,clothing,shoes,4
clothing/shoes/shoes538.jpg,1,clothing,shoes,4
clothing/shoes/shoes1562.jpg,1,clothing,shoes,3
clothing/shoes/shoes587.jpg,1,clothing,shoes,4
clothing/shoes/shoes145.jpg,1,clothing,shoes,3
clothing/shoes/shoes1504.jpg,1,clothing,shoes,4
clothing/shoes/shoes784.jpg,1,clothing,shoes,3
clothing/shoes/shoes633.jpg,1,clothing,shoes,5
clothing/shoes/shoes221.jpg,1,clothing,shoes,2
clothing/shoes/shoes1503.jpg,1,clothing,shoes,3
clothing/shoes/shoes619.jpg,1,clothing,shoes,3
clothing/shoes/shoes938.jpg,1,clothing,shoes,2
clothing/shoes/shoes921.jpg,1,clothing,shoes,2
clothing/shoes/shoes291.jpg,1,clothing,shoes,3
clothing/shoes/shoes1269.jpg,1,clothing,shoes,3
clothing/shoes/shoes1467.jpg,1,clothing,shoes,5
clothing/shoes/shoes155.jpg,1,clothing,shoes,2
clothing/shoes/shoes1117.jpg,1,clothing,shoes,4
clothing/shoes/shoes882.jpg,1,clothing,shoes,5
clothing/shoes/shoes362.jpg,1,clothing,shoes,5
clothing/shoes/shoes96.jpg,1,clothing,shoes,5
clothing/shoes/shoes1319.jpg,1,clothing,shoes,4
clothing/shoes/shoes720.jpg,1,clothing,shoes,4
clothing/shoes/shoes932.jpg,1,clothing,shoes,5
clothing/shoes/shoes480.jpg,1,clothing,shoes,5
clothing/shoes/shoes1505.jpg,1,clothing,shoes,3
clothing/shoes/shoes1481.jpg,1,clothing,shoes,4
clothing/shoes/shoes969.jpg,1,clothing,shoes,4
clothing/shoes/shoes1930.jpg,1,clothing,shoes,3
clothing/shoes/shoes83.jpg,1,clothing,shoes,5
clothing/shoes/shoes477.jpg,1,clothing,shoes,3
clothing/shoes/shoes284.jpg,1,clothing,shoes,2
clothing/shoes/shoes206.jpg,1,clothing,shoes,3
clothing/shoes/shoes562.jpg,1,clothing,shoes,5
clothing/shoes/shoes1382.jpg,1,clothing,shoes,4
clothing/shoes/shoes124.jpg,1,clothing,shoes,3
clothing/shoes/shoes1438.jpg,1,clothing,shoes,4
clothing/shoes/shoes1891.jpg,1,clothing,shoes,5
clothing/shoes/shoes377.jpg,1,clothing,shoes,4
clothing/shoes/shoes1094.jpg,1,clothing,shoes,2
clothing/shoes/shoes1404.jpg,1,clothing,shoes,4
clothing/shoes/shoes1046.jpg,1,clothing,shoes,5
clothing/shoes/shoes555.jpg,1,clothing,shoes,2
clothing/shoes/shoes1093.jpg,1,clothing,shoes,5
clothing/shoes/shoes1362.jpg,1,clothing,shoes,2
clothing/shoes/shoes422.jpg,1,clothing,shoes,2
clothing/shoes/shoes1472.jpg,1,clothing,shoes,4
clothing/shoes/shoes1973.jpg,1,clothing,shoes,2
clothing/shoes/shoes1458.jpg,1,clothing,shoes,5
clothing/shoes/shoes1415.jpg,1,clothing,shoes,5
clothing/shoes/shoes102.jpg,1,clothing,shoes,3
clothing/shoes/shoes607.jpg,1,clothing,shoes,5
clothing/shoes/shoes873.jpg,1,clothing,shoes,4
clothing/shoes/shoes104.jpg,1,clothing,shoes,3
clothing/shoes/shoes1333.jpg,1,clothing,shoes,5
clothing/shoes/shoes215.jpg,1,clothing,shoes,2
clothing/shoes/shoes857.jpg,1,clothing,shoes,5
clothing/shoes/shoes723.jpg,1,clothing,shoes,5
clothing/shoes/shoes963.jpg,1,clothing,shoes,5
clothing/shoes/shoes1677.jpg,1,clothing,shoes,5
clothing/shoes/shoes887.jpg,1,clothing,shoes,5
clothing/shoes/shoes617.jpg,1,clothing,shoes,4
clothing/shoes/shoes863.jpg,1,clothing,shoes,2
clothing/shoes/shoes119.jpg,1,clothing,shoes,4
clothing/shoes/shoes973.jpg,1,clothing,shoes,5
clothing/shoes/shoes1913.jpg,1,clothing,shoes,4
clothing/shoes/shoes276.jpg,1,clothing,shoes,2
clothing/shoes/shoes328.jpg,1,clothing,shoes,4
clothing/shoes/shoes806.jpg,1,clothing,shoes,2
clothing/shoes/shoes62.jpg,1,clothing,shoes,3
clothing/shoes/shoes1422.jpg,1,clothing,shoes,4
clothing/shoes/shoes1571.jpg,1,clothing,shoes,3
clothing/shoes/shoes298.jpg,1,clothing,shoes,4
clothing/shoes/shoes1316.jpg,1,clothing,shoes,5
clothing/shoes/shoes1727.jpg,1,clothing,shoes,2
clothing/shoes/shoes1644.jpg,1,clothing,shoes,2
clothing/shoes/shoes1280.jpg,1,clothing,shoes,4
clothing/shoes/shoes1238.jpg,1,clothing,shoes,2
clothing/shoes/shoes308.jpg,1,clothing,shoes,4
clothing/shoes/shoes769.jpg,1,clothing,shoes,3
clothing/shoes/shoes1077.jpg,1,clothing,shoes,4
clothing/shoes/shoes517.jpg,1,clothing,shoes,2
clothing/shoes/shoes90.jpg,1,clothing,shoes,2
clothing/shoes/shoes1705.jpg,1,clothing,shoes,3
clothing/shoes/shoes848.jpg,1,clothing,shoes,5
clothing/shoes/shoes558.jpg,1,clothing,shoes,5
clothing/shoes/shoes712.jpg,1,clothing,shoes,2
clothing/shoes/shoes1073.jpg,1,clothing,shoes,2
clothing/shoes/shoes657.jpg,1,clothing,shoes,4
clothing/shoes/shoes469.jpg,1,clothing,shoes,4
clothing/shoes/shoes529.jpg,1,clothing,shoes,2
clothing/shoes/shoes1085.jpg,1,clothing,shoes,3
clothing/shoes/shoes496.jpg,1,clothing,shoes,5
clothing/shoes/shoes1874.jpg,1,clothing,shoes,4
clothing/shoes/shoes1647.jpg,1,clothing,shoes,2
clothing/shoes/shoes1675.jpg,1,clothing,shoes,5
clothing/shoes/shoes1770.jpg,1,clothing,shoes,3
clothing/shoes/shoes1322.jpg,1,clothing,shoes,2
clothing/shoes/shoes1160.jpg,1,clothing,shoes,3
clothing/shoes/shoes287.jpg,1,clothing,shoes,4
clothing/shoes/shoes416.jpg,1,clothing,shoes,2
clothing/shoes/shoes593.jpg,1,clothing,shoes,2
clothing/shoes/shoes3.jpg,1,clothing,shoes,2
clothing/shoes/shoes850.jpg,1,clothing,shoes,5
clothing/shoes/shoes664.jpg,1,clothing,shoes,5
clothing/shoes/shoes581.jpg,1,clothing,shoes,5
clothing/shoes/shoes1231.jpg,1,clothing,shoes,4
clothing/shoes/shoes179.jpg,1,clothing,shoes,4
clothing/shoes/shoes995.jpg,1,clothing,shoes,3
clothing/shoes/shoes1295.jpg,1,clothing,shoes,2
clothing/shoes/shoes1346.jpg,1,clothing,shoes,2
clothing/shoes/shoes193.jpg,1,clothing,shoes,2
clothing/shoes/shoes868.jpg,1,clothing,shoes,5
clothing/shoes/shoes1655.jpg,1,clothing,shoes,2
clothing/shoes/shoes771.jpg,1,clothing,shoes,2
clothing/shoes/shoes975.jpg,1,clothing,shoes,3
clothing/shoes/shoes376.jpg,1,clothing,shoes,3
clothing/shoes/shoes1938.jpg,1,clothing,shoes,3
clothing/shoes/shoes749.jpg,1,clothing,shoes,3
clothing/shoes/shoes1309.jpg,1,clothing,shoes,4
clothing/shoes/shoes1296.jpg,1,clothing,shoes,5
clothing/shoes/shoes1453.jpg,1,clothing,shoes,2
clothing/shoes/shoes19.jpg,1,clothing,shoes,5
clothing/shoes/shoes472.jpg,1,clothing,shoes,4
clothing/shoes/shoes1065.jpg,1,clothing,shoes,5
clothing/shoes/shoes777.jpg,1,clothing,shoes,3
clothing/shoes/shoes281.jpg,1,clothing,shoes,5
clothing/shoes/shoes304.jpg,1,clothing,shoes,4
clothing/shoes/shoes1352.jpg,1,clothing,shoes,2
clothing/shoes/shoes1619.jpg,1,clothing,shoes,3
clothing/shoes/shoes1640.jpg,1,clothing,shoes,5
clothing/shoes/shoes112.jpg,1,clothing,shoes,5
clothing/shoes/shoes48.jpg,1,clothing,shoes,4
clothing/shoes/shoes1544.jpg,1,clothing,shoes,2
clothing/shoes/shoes1721.jpg,1,clothing,shoes,4
clothing/shoes/shoes576.jpg,1,clothing,shoes,3
clothing/shoes/shoes1056.jpg,1,clothing,shoes,2
clothing/shoes/shoes209.jpg,1,clothing,shoes,4
clothing/shoes/shoes1962.jpg,1,clothing,shoes,4
clothing/shoes/shoes311.jpg,1,clothing,shoes,3
clothing/shoes/shoes625.jpg,1,clothing,shoes,3
clothing/shoes/shoes1071.jpg,1,clothing,shoes,4
clothing/shoes/shoes1632.jpg,1,clothing,shoes,2
clothing/shoes/shoes1032.jpg,1,clothing,shoes,2
clothing/shoes/shoes445.jpg,1,clothing,shoes,3
clothing/shoes/shoes763.jpg,1,clothing,shoes,5
clothing/shoes/shoes583.jpg,1,clothing,shoes,4
clothing/shoes/shoes348.jpg,1,clothing,shoes,2
clothing/shoes/shoes1963.jpg,1,clothing,shoes,2
clothing/shoes/shoes202.jpg,1,clothing,shoes,4
clothing/shoes/shoes398.jpg,1,clothing,shoes,2
clothing/shoes/shoes456.jpg,1,clothing,shoes,4
clothing/shoes/shoes172.jpg,1,clothing,shoes,3
clothing/shoes/shoes785.jpg,1,clothing,shoes,4
clothing/shoes/shoes811.jpg,1,clothing,shoes,5
clothing/shoes/shoes1527.jpg,1,clothing,shoes,3
clothing/shoes/shoes930.jpg,1,clothing,shoes,4
clothing/shoes/shoes1150.jpg,1,clothing,shoes,4
clothing/shoes/shoes1068.jpg,1,clothing,shoes,3
clothing/shoes/shoes11.jpg,1,clothing,shoes,3
clothing/shoes/shoes447.jpg,1,clothing,shoes,4
clothing/shoes/shoes1819.jpg,1,clothing,shoes,3
clothing/shoes/shoes1091.jpg,1,clothing,shoes,4
clothing/shoes/shoes1140.jpg,1,clothing,shoes,5
clothing/shoes/shoes515.jpg,1,clothing,shoes,2
clothing/shoes/shoes1616.jpg,1,clothing,shoes,2
clothing/shoes/shoes407.jpg,1,clothing,shoes,5
clothing/shoes/shoes1313.jpg,1,clothing,shoes,4
clothing/shoes/shoes1293.jpg,1,clothing,shoes,2
clothing/shoes/shoes204.jpg,1,clothing,shoes,3
clothing/shoes/shoes721.jpg,1,clothing,shoes,3
clothing/shoes/shoes1.jpg,1,clothing,shoes,2
clothing/shoes/shoes1435.jpg,1,clothing,shoes,2
clothing/shoes/shoes369.jpg,1,clothing,shoes,4
clothing/shoes/shoes885.jpg,1,clothing,shoes,4
clothing/shoes/shoes1360.jpg,1,clothing,shoes,5
clothing/shoes/shoes60.jpg,1,clothing,shoes,3
clothing/shoes/shoes1967.jpg,1,clothing,shoes,5
clothing/shoes/shoes1643.jpg,1,clothing,shoes,2
clothing/shoes/shoes1193.jpg,1,clothing,shoes,5
clothing/shoes/shoes522.jpg,1,clothing,shoes,5
clothing/shoes/shoes1338.jpg,1,clothing,shoes,5
clothing/shoes/shoes962.jpg,1,clothing,shoes,2
clothing/shoes/shoes1233.jpg,1,clothing,shoes,2
clothing/shoes/shoes1812.jpg,1,clothing,shoes,2
clothing/shoes/shoes1378.jpg,1,clothing,shoes,5
clothing/shoes/shoes1098.jpg,1,clothing,shoes,5
clothing/shoes/shoes791.jpg,1,clothing,shoes,4
clothing/shoes/shoes998.jpg,1,clothing,shoes,3
clothing/shoes/shoes24.jpg,1,clothing,shoes,4
clothing/shoes/shoes391.jpg,1,clothing,shoes,4
clothing/shoes/shoes1588.jpg,1,clothing,shoes,2
clothing/shoes/shoes1758.jpg,1,clothing,shoes,4
clothing/shoes/shoes262.jpg,1,clothing,shoes,5
clothing/shoes/shoes37.jpg,1,clothing,shoes,4
clothing/shoes/shoes621.jpg,1,clothing,shoes,3
clothing/shoes/shoes459.jpg,1,clothing,shoes,2
clothing/shoes/shoes766.jpg,1,clothing,shoes,2
clothing/shoes/shoes751.jpg,1,clothing,shoes,4
clothing/shoes/shoes448.jpg,1,clothing,shoes,3
clothing/shoes/shoes665.jpg,1,clothing,shoes,4
clothing/shoes/shoes1888.jpg,1,clothing,shoes,5
clothing/shoes/shoes1776.jpg,1,clothing,shoes,4
clothing/shoes/shoes168.jpg,1,clothing,shoes,2
clothing/shoes/shoes748.jpg,1,clothing,shoes,5
clothing/shoes/shoes1324.jpg,1,clothing,shoes,4
clothing/shoes/shoes1715.jpg,1,clothing,shoes,2
clothing/shoes/shoes899.jpg,1,clothing,shoes,5
clothing/shoes/shoes1350.jpg,1,clothing,shoes,4
clothing/shoes/shoes1234.jpg,1,clothing,shoes,3
clothing/shoes/shoes299.jpg,1,clothing,shoes,3
clothing/shoes/shoes1669.jpg,1,clothing,shoes,4
clothing/shoes/shoes1837.jpg,1,clothing,shoes,2
clothing/shoes/shoes1265.jpg,1,clothing,shoes,5
clothing/shoes/shoes1040.jpg,1,clothing,shoes,2
clothing/shoes/shoes554.jpg,1,clothing,shoes,4
clothing/shoes/shoes653.jpg,1,clothing,shoes,2
clothing/shoes/shoes1626.jpg,1,clothing,shoes,4
clothing/shoes/shoes756.jpg,1,clothing,shoes,3
clothing/shoes/shoes891.jpg,1,clothing,shoes,5
clothing/shoes/shoes240.jpg,1,clothing,shoes,4
clothing/shoes/shoes551.jpg,1,clothing,shoes,2
clothing/shoes/shoes367.jpg,1,clothing,shoes,3
clothing/shoes/shoes1393.jpg,1,clothing,shoes,5
clothing/shoes/shoes1949.jpg,1,clothing,shoes,3
clothing/shoes/shoes1500.jpg,1,clothing,shoes,4
clothing/shoes/shoes1852.jpg,1,clothing,shoes,4
clothing/shoes/shoes1723.jpg,1,clothing,shoes,4
clothing/shoes/shoes1001.jpg,1,clothing,shoes,4
clothing/shoes/shoes564.jpg,1,clothing,shoes,5
clothing/shoes/shoes198.jpg,1,clothing,shoes,3
clothing/shoes/shoes53.jpg,1,clothing,shoes,3
clothing/shoes/shoes36.jpg,1,clothing,shoes,5
clothing/shoes/shoes1667.jpg,1,clothing,shoes,3
clothing/shoes/shoes316.jpg,1,clothing,shoes,4
clothing/shoes/shoes397.jpg,1,clothing,shoes,4
clothing/shoes/shoes467.jpg,1,clothing,shoes,4
clothing/shoes/shoes1460.jpg,1,clothing,shoes,3
clothing/shoes/shoes1657.jpg,1,clothing,shoes,4
clothing/shoes/shoes494.jpg,1,clothing,shoes,2
clothing/shoes/shoes88.jpg,1,clothing,shoes,5
clothing/shoes/shoes1671.jpg,1,clothing,shoes,3
clothing/shoes/shoes1613.jpg,1,clothing,shoes,4
clothing/shoes/shoes1572.jpg,1,clothing,shoes,2
clothing/shoes/shoes1882.jpg,1,clothing,shoes,4
clothing/shoes/shoes978.jpg,1,clothing,shoes,3
clothing/shoes/shoes782.jpg,1,clothing,shoes,2
clothing/shoes/shoes157.jpg,1,clothing,shoes,3
clothing/shoes/shoes1403.jpg,1,clothing,shoes,2
clothing/shoes/shoes52.jpg,1,clothing,shoes,3
clothing/shoes/shoes1289.jpg,1,clothing,shoes,5
clothing/shoes/shoes1476.jpg,1,clothing,shoes,4
clothing/shoes/shoes1496.jpg,1,clothing,shoes,3
clothing/shoes/shoes1494.jpg,1,clothing,shoes,5
clothing/shoes/shoes1691.jpg,1,clothing,shoes,2
clothing/shoes/shoes543.jpg,1,clothing,shoes,2
clothing/shoes/shoes488.jpg,1,clothing,shoes,2
clothing/shoes/shoes111.jpg,1,clothing,shoes,2
clothing/shoes/shoes1914.jpg,1,clothing,shoes,5
clothing/shoes/shoes972.jpg,1,clothing,shoes,2
clothing/shoes/shoes744.jpg,1,clothing,shoes,5
clothing/shoes/shoes717.jpg,1,clothing,shoes,2
clothing/shoes/shoes246.jpg,1,clothing,shoes,2
clothing/shoes/shoes279.jpg,1,clothing,shoes,2
clothing/shoes/shoes1774.jpg,1,clothing,shoes,4
clothing/shoes/shoes870.jpg,1,clothing,shoes,3
clothing/shoes/shoes1709.jpg,1,clothing,shoes,3
clothing/shoes/shoes1531.jpg,1,clothing,shoes,3
clothing/shoes/shoes1929.jpg,1,clothing,shoes,3
clothing/shoes/shoes1834.jpg,1,clothing,shoes,4
clothing/shoes/shoes1170.jpg,1,clothing,shoes,4
clothing/shoes/shoes1960.jpg,1,clothing,shoes,2
clothing/shoes/shoes1250.jpg,1,clothing,shoes,4
clothing/shoes/shoes1547.jpg,1,clothing,shoes,5
clothing/shoes/shoes510.jpg,1,clothing,shoes,4
clothing/shoes/shoes1254.jpg,1,clothing,shoes,4
clothing/shoes/shoes1645.jpg,1,clothing,shoes,2
clothing/shoes/shoes347.jpg,1,clothing,shoes,2
clothing/shoes/shoes957.jpg,1,clothing,shoes,5
clothing/shoes/shoes1845.jpg,1,clothing,shoes,3
clothing/shoes/shoes997.jpg,1,clothing,shoes,3
clothing/shoes/shoes55.jpg,1,clothing,shoes,4
clothing/shoes/shoes1144.jpg,1,clothing,shoes,2
clothing/shoes/shoes378.jpg,1,clothing,shoes,5
clothing/shoes/shoes1840.jpg,1,clothing,shoes,3
clothing/shoes/shoes1217.jpg,1,clothing,shoes,2
clothing/shoes/shoes438.jpg,1,clothing,shoes,2
clothing/shoes/shoes990.jpg,1,clothing,shoes,3
clothing/shoes/shoes1081.jpg,1,clothing,shoes,4
clothing/shoes/shoes1273.jpg,1,clothing,shoes,3
clothing/shoes/shoes923.jpg,1,clothing,shoes,3
clothing/shoes/shoes1397.jpg,1,clothing,shoes,3
clothing/shoes/shoes669.jpg,1,clothing,shoes,3
clothing/shoes/shoes1033.jpg,1,clothing,shoes,5
clothing/shoes/shoes648.jpg,1,clothing,shoes,5
clothing/shoes/shoes511.jpg,1,clothing,shoes,5
clothing/shoes/shoes1078.jpg,1,clothing,shoes,5
clothing/shoes/shoes1414.jpg,1,clothing,shoes,4
clothing/shoes/shoes371.jpg,1,clothing,shoes,2
clothing/shoes/shoes979.jpg,1,clothing,shoes,2
clothing/shoes/shoes680.jpg,1,clothing,shoes,5
clothing/shoes/shoes40.jpg,1,clothing,shoes,2
clothing/shoes/shoes1734.jpg,1,clothing,shoes,3
clothing/shoes/shoes80.jpg,1,clothing,shoes,2
clothing/shoes/shoes841.jpg,1,clothing,shoes,3
clothing/shoes/shoes1575.jpg,1,clothing,shoes,4
clothing/shoes/shoes726.jpg,1,clothing,shoes,4
clothing/shoes/shoes1559.jpg,1,clothing,shoes,5
clothing/shoes/shoes1455.jpg,1,clothing,shoes,3
clothing/shoes/shoes1372.jpg,1,clothing,shoes,5
clothing/shoes/shoes1918.jpg,1,clothing,shoes,5
clothing/shoes/shoes147.jpg,1,clothing,shoes,2
clothing/shoes/shoes1639.jpg,1,clothing,shoes,2
clothing/shoes/shoes1321.jpg,1,clothing,shoes,3
clothing/shoes/shoes358.jpg,1,clothing,shoes,3
clothing/shoes/shoes1215.jpg,1,clothing,shoes,5
clothing/shoes/shoes949.jpg,1,clothing,shoes,3
clothing/shoes/shoes801.jpg,1,clothing,shoes,5
clothing/shoes/shoes563.jpg,1,clothing,shoes,5
clothing/shoes/shoes286.jpg,1,clothing,shoes,5
clothing/shoes/shoes893.jpg,1,clothing,shoes,2
clothing/shoes/shoes942.jpg,1,clothing,shoes,3
clothing/shoes/shoes1361.jpg,1,clothing,shoes,3
clothing/shoes/shoes1207.jpg,1,clothing,shoes,2
glass/transparent/transparent636.jpg,2,glass,transparent,2
glass/transparent/transparent438.jpg,2,glass,transparent,4
glass/transparent/transparent710.jpg,2,glass,transparent,2
glass/transparent/transparent655.jpg,2,glass,transparent,5
glass/transparent/transparent580.jpg,2,glass,transparent,5
glass/transparent/transparent194.jpg,2,glass,transparent,3
glass/transparent/transparent658.jpg,2,glass,transparent,2
glass/transparent/transparent464.jpg,2,glass,transparent,4
glass/transparent/transparent690.jpg,2,glass,transparent,3
glass/transparent/transparent268.jpg,2,glass,transparent,4
glass/transparent/transparent377.jpg,2,glass,transparent,4
glass/transparent/transparent590.jpg,2,glass,transparent,2
glass/transparent/transparent347.jpg,2,glass,transparent,4
glass/transparent/transparent16.jpg,2,glass,transparent,4
glass/transparent/transparent478.jpg,2,glass,transparent,4
glass/transparent/transparent648.jpg,2,glass,transparent,4
glass/transparent/transparent96.jpg,2,glass,transparent,2
glass/transparent/transparent766.jpg,2,glass,transparent,2
glass/transparent/transparent296.jpg,2,glass,transparent,3
glass/transparent/transparent471.jpg,2,glass,transparent,5
glass/transparent/transparent356.jpg,2,glass,transparent,5
glass/transparent/transparent534.jpg,2,glass,transparent,2
glass/transparent/transparent114.jpg,2,glass,transparent,3
glass/transparent/transparent717.jpg,2,glass,transparent,2
glass/transparent/transparent158.jpg,2,glass,transparent,2
glass/transparent/transparent149.jpg,2,glass,transparent,4
glass/transparent/transparent344.jpg,2,glass,transparent,2
glass/transparent/transparent48.jpg,2,glass,transparent,4
glass/transparent/transparent591.jpg,2,glass,transparent,2
glass/transparent/transparent764.jpg,2,glass,transparent,4
glass/transparent/transparent601.jpg,2,glass,transparent,5
glass/transparent/transparent711.jpg,2,glass,transparent,3
glass/transparent/transparent266.jpg,2,glass,transparent,5
glass/transparent/transparent400.jpg,2,glass,transparent,5
glass/transparent/transparent94.jpg,2,glass,transparent,4
glass/transparent/transparent683.jpg,2,glass,transparent,4
glass/transparent/transparent252.jpg,2,glass,transparent,5
glass/transparent/transparent410.jpg,2,glass,transparent,4
glass/transparent/transparent27.jpg,2,glass,transparent,2
glass/transparent/transparent80.jpg,2,glass,transparent,2
glass/transparent/transparent70.jpg,2,glass,transparent,2
glass/transparent/transparent164.jpg,2,glass,transparent,5
glass/transparent/transparent772.jpg,2,glass,transparent,4
glass/transparent/transparent715.jpg,2,glass,transparent,5
glass/transparent/transparent195.jpg,2,glass,transparent,4
glass/transparent/transparent55.jpg,2,glass,transparent,3
glass/transparent/transparent166.jpg,2,glass,transparent,3
glass/transparent/transparent65.jpg,2,glass,transparent,5
glass/transparent/transparent312.jpg,2,glass,transparent,5
glass/transparent/transparent163.jpg,2,glass,transparent,3
glass/transparent/transparent360.jpg,2,glass,transparent,3
glass/transparent/transparent69.jpg,2,glass,transparent,5
glass/transparent/transparent251.jpg,2,glass,transparent,2
glass/transparent/transparent639.jpg,2,glass,transparent,3
glass/transparent/transparent242.jpg,2,glass,transparent,5
glass/transparent/transparent349.jpg,2,glass,transparent,4
glass/transparent/transparent704.jpg,2,glass,transparent,5
glass/transparent/transparent10.jpg,2,glass,transparent,5
glass/transparent/transparent531.jpg,2,glass,transparent,4
glass/transparent/transparent525.jpg,2,glass,transparent,5
glass/transparent/transparent424.jpg,2,glass,transparent,4
glass/transparent/transparent420.jpg,2,glass,transparent,5
glass/transparent/transparent28.jpg,2,glass,transparent,4
glass/transparent/transparent450.jpg,2,glass,transparent,2
glass/transparent/transparent355.jpg,2,glass,transparent,2
glass/transparent/transparent151.jpg,2,glass,transparent,3
glass/transparent/transparent332.jpg,2,glass,transparent,3
glass/transparent/transparent168.jpg,2,glass,transparent,3
glass/transparent/transparent223.jpg,2,glass,transparent,2
glass/transparent/transparent283.jpg,2,glass,transparent,4
glass/transparent/transparent773.jpg,2,glass,transparent,5
glass/transparent/transparent545.jpg,2,glass,transparent,5
glass/transparent/transparent112.jpg,2,glass,transparent,2
glass/transparent/transparent7.jpg,2,glass,transparent,4
glass/transparent/transparent466.jpg,2,glass,transparent,5
glass/transparent/transparent14.jpg,2,glass,transparent,5
glass/transparent/transparent569.jpg,2,glass,transparent,2
glass/transparent/transparent662.jpg,2,glass,transparent,2
glass/transparent/transparent425.jpg,2,glass,transparent,3
glass/transparent/transparent233.jpg,2,glass,transparent,2
glass/transparent/transparent554.jpg,2,glass,transparent,2
glass/transparent/transparent697.jpg,2,glass,transparent,5
glass/transparent/transparent150.jpg,2,glass,transparent,5
glass/transparent/transparent507.jpg,2,glass,transparent,5
glass/transparent/transparent85.jpg,2,glass,transparent,3
glass/transparent/transparent605.jpg,2,glass,transparent,4
glass/transparent/transparent508.jpg,2,glass,transparent,5
glass/transparent/transparent152.jpg,2,glass,transparent,2
glass/transparent/transparent540.jpg,2,glass,transparent,3
glass/transparent/transparent741.jpg,2,glass,transparent,5
glass/transparent/transparent465.jpg,2,glass,transparent,4
glass/transparent/transparent732.jpg,2,glass,transparent,3
glass/transparent/transparent208.jpg,2,glass,transparent,4
glass/transparent/transparent637.jpg,2,glass,transparent,3
glass/transparent/transparent703.jpg,2,glass,transparent,3
glass/transparent/transparent631.jpg,2,glass,transparent,5
glass/transparent/transparent541.jpg,2,glass,transparent,4
glass/transparent/transparent640.jpg,2,glass,transparent,3
glass/transparent/transparent138.jpg,2,glass,transparent,4
glass/transparent/transparent604.jpg,2,glass,transparent,4
glass/transparent/transparent447.jpg,2,glass,transparent,3
glass/transparent/transparent421.jpg,2,glass,transparent,3
glass/transparent/transparent162.jpg,2,glass,transparent,2
glass/transparent/transparent200.jpg,2,glass,transparent,3
glass/transparent/transparent583.jpg,2,glass,transparent,2
glass/transparent/transparent196.jpg,2,glass,transparent,2
glass/transparent/transparent610.jpg,2,glass,transparent,3
glass/transparent/transparent73.jpg,2,glass,transparent,5
glass/transparent/transparent197.jpg,2,glass,transparent,3
glass/transparent/transparent521.jpg,2,glass,transparent,4
glass/transparent/transparent161.jpg,2,glass,transparent,2
glass/transparent/transparent113.jpg,2,glass,transparent,3
glass/transparent/transparent77.jpg,2,glass,transparent,2
glass/transparent/transparent389.jpg,2,glass,transparent,2
glass/transparent/transparent264.jpg,2,glass,transparent,2
glass/transparent/transparent63.jpg,2,glass,transparent,2
glass/transparent/transparent343.jpg,2,glass,transparent,3
glass/transparent/transparent432.jpg,2,glass,transparent,2
glass/transparent/transparent709.jpg,2,glass,transparent,4
glass/transparent/transparent371.jpg,2,glass,transparent,3
glass/transparent/transparent620.jpg,2,glass,transparent,4
glass/transparent/transparent346.jpg,2,glass,transparent,4
glass/transparent/transparent175.jpg,2,glass,transparent,5
glass/transparent/transparent460.jpg,2,glass,transparent,5
glass/transparent/transparent227.jpg,2,glass,transparent,5
glass/transparent/transparent404.jpg,2,glass,transparent,5
glass/transparent/transparent311.jpg,2,glass,transparent,5
glass/transparent/transparent383.jpg,2,glass,transparent,3
glass/transparent/transparent505.jpg,2,glass,transparent,5
glass/transparent/transparent3.jpg,2,glass,transparent,3
glass/transparent/transparent570.jpg,2,glass,transparent,3
glass/transparent/transparent109.jpg,2,glass,transparent,5
glass/transparent/transparent336.jpg,2,glass,transparent,4
glass/transparent/transparent154.jpg,2,glass,transparent,5
glass/transparent/transparent746.jpg,2,glass,transparent,2
glass/transparent/transparent736.jpg,2,glass,transparent,3
glass/transparent/transparent348.jpg,2,glass,transparent,4
glass/transparent/transparent652.jpg,2,glass,transparent,3
glass/transparent/transparent553.jpg,2,glass,transparent,4
glass/transparent/transparent759.jpg,2,glass,transparent,2
glass/transparent/transparent33.jpg,2,glass,transparent,3
glass/transparent/transparent20.jpg,2,glass,transparent,2
glass/transparent/transparent578.jpg,2,glass,transparent,2
glass/transparent/transparent247.jpg,2,glass,transparent,4
glass/transparent/transparent675.jpg,2,glass,transparent,4
glass/transparent/transparent328.jpg,2,glass,transparent,5
glass/transparent/transparent224.jpg,2,glass,transparent,2
glass/transparent/transparent153.jpg,2,glass,transparent,5
glass/transparent/transparent771.jpg,2,glass,transparent,3
glass/transparent/transparent721.jpg,2,glass,transparent,5
glass/transparent/transparent366.jpg,2,glass,transparent,2
glass/transparent/transparent221.jpg,2,glass,transparent,2
glass/transparent/transparent362.jpg,2,glass,transparent,2
glass/transparent/transparent701.jpg,2,glass,transparent,5
glass/transparent/transparent373.jpg,2,glass,transparent,5
glass/transparent/transparent178.jpg,2,glass,transparent,5
glass/transparent/transparent122.jpg,2,glass,transparent,2
glass/transparent/transparent276.jpg,2,glass,transparent,4
glass/transparent/transparent727.jpg,2,glass,transparent,4
glass/transparent/transparent212.jpg,2,glass,transparent,3
glass/transparent/transparent88.jpg,2,glass,transparent,4
glass/transparent/transparent599.jpg,2,glass,transparent,4
glass/transparent/transparent285.jpg,2,glass,transparent,5
glass/transparent/transparent132.jpg,2,glass,transparent,4
glass/transparent/transparent723.jpg,2,glass,transparent,4
glass/transparent/transparent537.jpg,2,glass,transparent,2
glass/transparent/transparent499.jpg,2,glass,transparent,3
glass/transparent/transparent241.jpg,2,glass,transparent,2
glass/transparent/transparent415.jpg,2,glass,transparent,2
glass/transparent/transparent95.jpg,2,glass,transparent,5
glass/transparent/transparent87.jpg,2,glass,transparent,4
glass/transparent/transparent310.jpg,2,glass,transparent,3
glass/transparent/transparent244.jpg,2,glass,transparent,4
glass/transparent/transparent572.jpg,2,glass,transparent,4
glass/transparent/transparent720.jpg,2,glass,transparent,2
glass/transparent/transparent368.jpg,2,glass,transparent,3
glass/transparent/transparent211.jpg,2,glass,transparent,2
glass/transparent/transparent1.jpg,2,glass,transparent,4
glass/transparent/transparent608.jpg,2,glass,transparent,2
glass/transparent/transparent635.jpg,2,glass,transparent,3
glass/transparent/transparent190.jpg,2,glass,transparent,5
glass/transparent/transparent367.jpg,2,glass,transparent,3
glass/transparent/transparent488.jpg,2,glass,transparent,2
glass/transparent/transparent573.jpg,2,glass,transparent,2
glass/transparent/transparent698.jpg,2,glass,transparent,5
glass/transparent/transparent523.jpg,2,glass,transparent,2
glass/transparent/transparent173.jpg,2,glass,transparent,2
glass/transparent/transparent411.jpg,2,glass,transparent,3
glass/transparent/transparent228.jpg,2,glass,transparent,4
glass/transparent/transparent229.jpg,2,glass,transparent,3
glass/transparent/transparent549.jpg,2,glass,transparent,3
glass/transparent/transparent428.jpg,2,glass,transparent,3
glass/transparent/transparent581.jpg,2,glass,transparent,5
glass/transparent/transparent767.jpg,2,glass,transparent,4
glass/transparent/transparent748.jpg,2,glass,transparent,4
glass/transparent/transparent110.jpg,2,glass,transparent,5
glass/transparent/transparent370.jpg,2,glass,transparent,3
glass/transparent/transparent119.jpg,2,glass,transparent,3
glass/transparent/transparent434.jpg,2,glass,transparent,3
glass/transparent/transparent498.jpg,2,glass,transparent,2
glass/transparent/transparent501.jpg,2,glass,transparent,5
glass/transparent/transparent516.jpg,2,glass,transparent,3
glass/transparent/transparent495.jpg,2,glass,transparent,5
glass/transparent/transparent334.jpg,2,glass,transparent,2
glass/transparent/transparent712.jpg,2,glass,transparent,5
glass/transparent/transparent474.jpg,2,glass,transparent,3
glass/transparent/transparent288.jpg,2,glass,transparent,4
glass/transparent/transparent203.jpg,2,glass,transparent,3
glass/transparent/transparent467.jpg,2,glass,transparent,5
glass/transparent/transparent56.jpg,2,glass,transparent,5
glass/transparent/transparent422.jpg,2,glass,transparent,2
glass/transparent/transparent301.jpg,2,glass,transparent,3
glass/transparent/transparent743.jpg,2,glass,transparent,3
glass/transparent/transparent107.jpg,2,glass,transparent,2
glass/transparent/transparent219.jpg,2,glass,transparent,4
glass/transparent/transparent702.jpg,2,glass,transparent,5
glass/transparent/transparent532.jpg,2,glass,transparent,2
glass/transparent/transparent256.jpg,2,glass,transparent,3
glass/transparent/transparent668.jpg,2,glass,transparent,2
glass/transparent/transparent489.jpg,2,glass,transparent,3
glass/transparent/transparent157.jpg,2,glass,transparent,3
glass/transparent/transparent518.jpg,2,glass,transparent,4
glass/transparent/transparent750.jpg,2,glass,transparent,4
glass/transparent/transparent380.jpg,2,glass,transparent,3
glass/transparent/transparent413.jpg,2,glass,transparent,3
glass/transparent/transparent204.jpg,2,glass,transparent,5
glass/transparent/transparent79.jpg,2,glass,transparent,4
glass/transparent/transparent127.jpg,2,glass,transparent,4
glass/transparent/transparent187.jpg,2,glass,transparent,2
glass/transparent/transparent427.jpg,2,glass,transparent,5
glass/transparent/transparent519.jpg,2,glass,transparent,5
glass/transparent/transparent606.jpg,2,glass,transparent,4
glass/transparent/transparent416.jpg,2,glass,transparent,2
glass/transparent/transparent102.jpg,2,glass,transparent,3
glass/transparent/transparent739.jpg,2,glass,transparent,2
glass/transparent/transparent40.jpg,2,glass,transparent,2
glass/transparent/transparent379.jpg,2,glass,transparent,2
glass/transparent/transparent448.jpg,2,glass,transparent,5
glass/transparent/transparent618.jpg,2,glass,transparent,5
glass/transparent/transparent716.jpg,2,glass,transparent,2
glass/transparent/transparent644.jpg,2,glass,transparent,2
glass/transparent/transparent607.jpg,2,glass,transparent,2
glass/transparent/transparent118.jpg,2,glass,transparent,3
glass/transparent/transparent744.jpg,2,glass,transparent,2
glass/transparent/transparent271.jpg,2,glass,transparent,2
glass/transparent/transparent201.jpg,2,glass,transparent,3
glass/transparent/transparent566.jpg,2,glass,transparent,2
glass/transparent/transparent287.jpg,2,glass,transparent,3
glass/transparent/transparent449.jpg,2,glass,transparent,5
glass/transparent/transparent550.jpg,2,glass,transparent,2
glass/transparent/transparent445.jpg,2,glass,transparent,5
glass/transparent/transparent510.jpg,2,glass,transparent,4
glass/transparent/transparent493.jpg,2,glass,transparent,2
glass/transparent/transparent514.jpg,2,glass,transparent,5
glass/transparent/transparent624.jpg,2,glass,transparent,4
glass/transparent/transparent4.jpg,2,glass,transparent,3
glass/transparent/transparent628.jpg,2,glass,transparent,2
glass/transparent/transparent358.jpg,2,glass,transparent,4
glass/transparent/transparent718.jpg,2,glass,transparent,5
glass/transparent/transparent142.jpg,2,glass,transparent,4
glass/transparent/transparent280.jpg,2,glass,transparent,2
glass/transparent/transparent417.jpg,2,glass,transparent,3
glass/transparent/transparent357.jpg,2,glass,transparent,3
glass/transparent/transparent320.jpg,2,glass,transparent,3
glass/transparent/transparent111.jpg,2,glass,transparent,2
glass/transparent/transparent647.jpg,2,glass,transparent,4
glass/transparent/transparent485.jpg,2,glass,transparent,5
glass/transparent/transparent160.jpg,2,glass,transparent,3
glass/transparent/transparent101.jpg,2,glass,transparent,5
glass/transparent/transparent563.jpg,2,glass,transparent,3
glass/transparent/transparent176.jpg,2,glass,transparent,5
glass/transparent/transparent691.jpg,2,glass,transparent,4
glass/transparent/transparent699.jpg,2,glass,transparent,3
glass/transparent/transparent384.jpg,2,glass,transparent,3
glass/transparent/transparent75.jpg,2,glass,transparent,2
glass/transparent/transparent586.jpg,2,glass,transparent,3
glass/transparent/transparent426.jpg,2,glass,transparent,2
glass/transparent/transparent128.jpg,2,glass,transparent,2
glass/transparent/transparent220.jpg,2,glass,transparent,5
glass/transparent/transparent663.jpg,2,glass,transparent,2
glass/transparent/transparent459.jpg,2,glass,transparent,2
glass/transparent/transparent23.jpg,2,glass,transparent,3
glass/transparent/transparent137.jpg,2,glass,transparent,5
glass/transparent/transparent292.jpg,2,glass,transparent,2
glass/transparent/transparent64.jpg,2,glass,transparent,2
glass/transparent/transparent254.jpg,2,glass,transparent,3
glass/transparent/transparent567.jpg,2,glass,transparent,2
glass/transparent/transparent617.jpg,2,glass,transparent,2
glass/transparent/transparent90.jpg,2,glass,transparent,5
glass/transparent/transparent589.jpg,2,glass,transparent,3
glass/transparent/transparent180.jpg,2,glass,transparent,4
glass/transparent/transparent575.jpg,2,glass,transparent,4
glass/transparent/transparent672.jpg,2,glass,transparent,4
glass/transparent/transparent592.jpg,2,glass,transparent,4
glass/transparent/transparent86.jpg,2,glass,transparent,5
glass/transparent/transparent305.jpg,2,glass,transparent,2
glass/transparent/transparent480.jpg,2,glass,transparent,5
glass/transparent/transparent457.jpg,2,glass,transparent,3
glass/transparent/transparent670.jpg,2,glass,transparent,3
glass/transparent/transparent455.jpg,2,glass,transparent,4
glass/transparent/transparent19.jpg,2,glass,transparent,4
glass/transparent/transparent130.jpg,2,glass,transparent,5
glass/transparent/transparent535.jpg,2,glass,transparent,5
glass/transparent/transparent622.jpg,2,glass,transparent,2
glass/transparent/transparent669.jpg,2,glass,transparent,3
glass/transparent/transparent216.jpg,2,glass,transparent,3
glass/transparent/transparent731.jpg,2,glass,transparent,5
glass/transparent/transparent546.jpg,2,glass,transparent,4
glass/transparent/transparent444.jpg,2,glass,transparent,3
glass/transparent/transparent214.jpg,2,glass,transparent,3
glass/transparent/transparent133.jpg,2,glass,transparent,3
glass/transparent/transparent472.jpg,2,glass,transparent,5
glass/transparent/transparent468.jpg,2,glass,transparent,5
glass/transparent/transparent689.jpg,2,glass,transparent,3
glass/transparent/transparent205.jpg,2,glass,transparent,4
glass/transparent/transparent339.jpg,2,glass,transparent,5
glass/transparent/transparent57.jpg,2,glass,transparent,2
glass/transparent/transparent397.jpg,2,glass,transparent,3
glass/transparent/transparent131.jpg,2,glass,transparent,4
glass/transparent/transparent512.jpg,2,glass,transparent,5
glass/transparent/transparent364.jpg,2,glass,transparent,2
glass/transparent/transparent246.jpg,2,glass,transparent,2
glass/transparent/transparent502.jpg,2,glass,transparent,5
glass/transparent/transparent337.jpg,2,glass,transparent,2
glass/transparent/transparent30.jpg,2,glass,transparent,3
glass/transparent/transparent103.jpg,2,glass,transparent,2
glass/transparent/transparent492.jpg,2,glass,transparent,5
glass/transparent/transparent387.jpg,2,glass,transparent,4
glass/transparent/transparent104.jpg,2,glass,transparent,4
glass/transparent/transparent277.jpg,2,glass,transparent,2
glass/transparent/transparent385.jpg,2,glass,transparent,5
glass/transparent/transparent477.jpg,2,glass,transparent,5
glass/transparent/transparent333.jpg,2,glass,transparent,4
glass/transparent/transparent528.jpg,2,glass,transparent,5
glass/transparent/transparent533.jpg,2,glass,transparent,5
glass/transparent/transparent707.jpg,2,glass,transparent,4
glass/transparent/transparent593.jpg,2,glass,transparent,2
glass/transparent/transparent641.jpg,2,glass,transparent,3
glass/transparent/transparent728.jpg,2,glass,transparent,5
glass/transparent/transparent761.jpg,2,glass,transparent,5
glass/transparent/transparent775.jpg,2,glass,transparent,3
glass/transparent/transparent382.jpg,2,glass,transparent,3
glass/transparent/transparent441.jpg,2,glass,transparent,4
glass/transparent/transparent261.jpg,2,glass,transparent,4
glass/transparent/transparent386.jpg,2,glass,transparent,5
glass/transparent/transparent206.jpg,2,glass,transparent,3
glass/transparent/transparent757.jpg,2,glass,transparent,4
glass/transparent/transparent762.jpg,2,glass,transparent,4
glass/transparent/transparent308.jpg,2,glass,transparent,3
glass/transparent/transparent243.jpg,2,glass,transparent,5
glass/transparent/transparent722.jpg,2,glass,transparent,5
glass/transparent/transparent463.jpg,2,glass,transparent,3
glass/transparent/transparent192.jpg,2,glass,transparent,3
glass/transparent/transparent237.jpg,2,glass,transparent,5
glass/transparent/transparent394.jpg,2,glass,transparent,5
glass/transparent/transparent50.jpg,2,glass,transparent,2
glass/transparent/transparent435.jpg,2,glass,transparent,2
glass/transparent/transparent121.jpg,2,glass,transparent,5
glass/transparent/transparent330.jpg,2,glass,transparent,3
glass/transparent/transparent376.jpg,2,glass,transparent,5
glass/transparent/transparent363.jpg,2,glass,transparent,5
glass/transparent/transparent462.jpg,2,glass,transparent,2
glass/transparent/transparent278.jpg,2,glass,transparent,2
glass/transparent/transparent627.jpg,2,glass,transparent,4
glass/transparent/transparent143.jpg,2,glass,transparent,5
glass/transparent/transparent67.jpg,2,glass,transparent,5
glass/transparent/transparent529.jpg,2,glass,transparent,2
glass/transparent/transparent274.jpg,2,glass,transparent,4
glass/transparent/transparent747.jpg,2,glass,transparent,3
glass/transparent/transparent680.jpg,2,glass,transparent,2
glass/transparent/transparent768.jpg,2,glass,transparent,4
glass/transparent/transparent678.jpg,2,glass,transparent,4
glass/transparent/transparent369.jpg,2,glass,transparent,3
glass/transparent/transparent249.jpg,2,glass,transparent,3
glass/transparent/transparent12.jpg,2,glass,transparent,3
glass/transparent/transparent491.jpg,2,glass,transparent,2
glass/transparent/transparent588.jpg,2,glass,transparent,4
glass/transparent/transparent695.jpg,2,glass,transparent,4
glass/transparent/transparent22.jpg,2,glass,transparent,4
glass/transparent/transparent354.jpg,2,glass,transparent,3
glass/transparent/transparent561.jpg,2,glass,transparent,3
glass/transparent/transparent517.jpg,2,glass,transparent,3
glass/transparent/transparent500.jpg,2,glass,transparent,4
glass/transparent/transparent390.jpg,2,glass,transparent,4
glass/transparent/transparent304.jpg,2,glass,transparent,2
glass/transparent/transparent571.jpg,2,glass,transparent,2
glass/transparent/transparent609.jpg,2,glass,transparent,5
glass/transparent/transparent235.jpg,2,glass,transparent,3
glass/transparent/transparent179.jpg,2,glass,transparent,4
glass/transparent/transparent436.jpg,2,glass,transparent,5
glass/transparent/transparent556.jpg,2,glass,transparent,3
glass/transparent/transparent634.jpg,2,glass,transparent,5
glass/transparent/transparent126.jpg,2,glass,transparent,4
glass/transparent/transparent47.jpg,2,glass,transparent,4
glass/transparent/transparent265.jpg,2,glass,transparent,2
glass/transparent/transparent515.jpg,2,glass,transparent,3
glass/transparent/transparent496.jpg,2,glass,transparent,4
glass/transparent/transparent431.jpg,2,glass,transparent,5
glass/transparent/transparent186.jpg,2,glass,transparent,5
glass/transparent/transparent756.jpg,2,glass,transparent,3
glass/transparent/transparent24.jpg,2,glass,transparent,5
glass/transparent/transparent388.jpg,2,glass,transparent,2
glass/transparent/transparent708.jpg,2,glass,transparent,5
glass/transparent/transparent665.jpg,2,glass,transparent,2
glass/transparent/transparent726.jpg,2,glass,transparent,3
glass/transparent/transparent351.jpg,2,glass,transparent,5
glass/transparent/transparent147.jpg,2,glass,transparent,3
glass/transparent/transparent144.jpg,2,glass,transparent,5
glass/transparent/transparent754.jpg,2,glass,transparent,5
glass/transparent/transparent687.jpg,2,glass,transparent,4
glass/transparent/transparent763.jpg,2,glass,transparent,2
glass/transparent/transparent45.jpg,2,glass,transparent,5
glass/transparent/transparent62.jpg,2,glass,transparent,3
glass/transparent/transparent21.jpg,2,glass,transparent,2
glass/transparent/transparent437.jpg,2,glass,transparent,3
glass/transparent/transparent303.jpg,2,glass,transparent,4
glass/transparent/transparent760.jpg,2,glass,transparent,5
glass/transparent/transparent272.jpg,2,glass,transparent,5
glass/transparent/transparent443.jpg,2,glass,transparent,3
glass/transparent/transparent222.jpg,2,glass,transparent,2
glass/transparent/transparent309.jpg,2,glass,transparent,2
glass/transparent/transparent340.jpg,2,glass,transparent,3
glass/transparent/transparent129.jpg,2,glass,transparent,2
glass/transparent/transparent105.jpg,2,glass,transparent,5
glass/transparent/transparent2.jpg,2,glass,transparent,3
glass/transparent/transparent576.jpg,2,glass,transparent,2
glass/transparent/transparent286.jpg,2,glass,transparent,3
glass/transparent/transparent574.jpg,2,glass,transparent,4
glass/transparent/transparent289.jpg,2,glass,transparent,2
glass/transparent/transparent749.jpg,2,glass,transparent,5
glass/transparent/transparent693.jpg,2,glass,transparent,3
glass/transparent/transparent481.jpg,2,glass,transparent,3
glass/transparent/transparent686.jpg,2,glass,transparent,2
glass/transparent/transparent124.jpg,2,glass,transparent,4
glass/transparent/transparent524.jpg,2,glass,transparent,4
glass/transparent/transparent486.jpg,2,glass,transparent,3
glass/transparent/transparent245.jpg,2,glass,transparent,5
glass/transparent/transparent673.jpg,2,glass,transparent,4
glass/transparent/transparent136.jpg,2,glass,transparent,4
glass/transparent/transparent282.jpg,2,glass,transparent,3
glass/transparent/transparent374.jpg,2,glass,transparent,2
glass/transparent/transparent100.jpg,2,glass,transparent,2
glass/transparent/transparent458.jpg,2,glass,transparent,3
glass/transparent/transparent536.jpg,2,glass,transparent,5
glass/transparent/transparent167.jpg,2,glass,transparent,2
glass/transparent/transparent181.jpg,2,glass,transparent,4
glass/transparent/transparent769.jpg,2,glass,transparent,2
glass/transparent/transparent598.jpg,2,glass,transparent,2
glass/transparent/transparent106.jpg,2,glass,transparent,4
glass/transparent/transparent740.jpg,2,glass,transparent,4
glass/transparent/transparent300.jpg,2,glass,transparent,3
glass/transparent/transparent315.jpg,2,glass,transparent,4
glass/transparent/transparent170.jpg,2,glass,transparent,2
glass/transparent/transparent451.jpg,2,glass,transparent,4
glass/transparent/transparent557.jpg,2,glass,transparent,5
glass/transparent/transparent719.jpg,2,glass,transparent,2
glass/transparent/transparent313.jpg,2,glass,transparent,3
glass/transparent/transparent189.jpg,2,glass,transparent,4
glass/transparent/transparent258.jpg,2,glass,transparent,3
glass/transparent/transparent527.jpg,2,glass,transparent,4
glass/transparent/transparent25.jpg,2,glass,transparent,4
glass/transparent/transparent184.jpg,2,glass,transparent,3
glass/transparent/transparent240.jpg,2,glass,transparent,5
glass/transparent/transparent259.jpg,2,glass,transparent,4
glass/transparent/transparent353.jpg,2,glass,transparent,4
glass/transparent/transparent321.jpg,2,glass,transparent,4
glass/transparent/transparent234.jpg,2,glass,transparent,5
glass/transparent/transparent269.jpg,2,glass,transparent,2
glass/transparent/transparent17.jpg,2,glass,transparent,4
glass/transparent/transparent172.jpg,2,glass,transparent,2
glass/transparent/transparent706.jpg,2,glass,transparent,2
glass/transparent/transparent562.jpg,2,glass,transparent,3
glass/transparent/transparent239.jpg,2,glass,transparent,4
glass/transparent/transparent705.jpg,2,glass,transparent,3
glass/transparent/transparent484.jpg,2,glass,transparent,2
glass/transparent/transparent548.jpg,2,glass,transparent,4
glass/transparent/transparent724.jpg,2,glass,transparent,4
glass/transparent/transparent145.jpg,2,glass,transparent,5
glass/transparent/transparent615.jpg,2,glass,transparent,3
glass/transparent/transparent43.jpg,2,glass,transparent,5
glass/transparent/transparent568.jpg,2,glass,transparent,3
glass/transparent/transparent470.jpg,2,glass,transparent,5
glass/transparent/transparent378.jpg,2,glass,transparent,3
glass/transparent/transparent232.jpg,2,glass,transparent,3
glass/transparent/transparent297.jpg,2,glass,transparent,3
glass/transparent/transparent530.jpg,2,glass,transparent,5
glass/transparent/transparent38.jpg,2,glass,transparent,5
glass/transparent/transparent511.jpg,2,glass,transparent,2
glass/transparent/transparent26.jpg,2,glass,transparent,4
glass/transparent/transparent559.jpg,2,glass,transparent,2
glass/transparent/transparent66.jpg,2,glass,transparent,2
glass/transparent/transparent509.jpg,2,glass,transparent,4
glass/transparent/transparent737.jpg,2,glass,transparent,3
glass/transparent/transparent538.jpg,2,glass,transparent,2
glass/transparent/transparent226.jpg,2,glass,transparent,5
glass/transparent/transparent148.jpg,2,glass,transparent,4
glass/transparent/transparent381.jpg,2,glass,transparent,5
glass/transparent/transparent18.jpg,2,glass,transparent,3
glass/transparent/transparent182.jpg,2,glass,transparent,3
glass/transparent/transparent225.jpg,2,glass,transparent,4
glass/transparent/transparent429.jpg,2,glass,transparent,4
glass/transparent/transparent72.jpg,2,glass,transparent,2
glass/transparent/transparent587.jpg,2,glass,transparent,2
glass/transparent/transparent688.jpg,2,glass,transparent,5
glass/transparent/transparent774.jpg,2,glass,transparent,5
glass/transparent/transparent751.jpg,2,glass,transparent,5
glass/transparent/transparent405.jpg,2,glass,transparent,3
glass/transparent/transparent52.jpg,2,glass,transparent,4
glass/transparent/transparent326.jpg,2,glass,transparent,5
glass/transparent/transparent293.jpg,2,glass,transparent,2
glass/transparent/transparent649.jpg,2,glass,transparent,2
glass/transparent/transparent82.jpg,2,glass,transparent,5
glass/transparent/transparent730.jpg,2,glass,transparent,5
glass/transparent/transparent139.jpg,2,glass,transparent,3
glass/transparent/transparent36.jpg,2,glass,transparent,3
glass/transparent/transparent482.jpg,2,glass,transparent,4
glass/transparent/transparent44.jpg,2,glass,transparent,4
glass/transparent/transparent544.jpg,2,glass,transparent,2
glass/transparent/transparent603.jpg,2,glass,transparent,3
glass/transparent/transparent684.jpg,2,glass,transparent,4
glass/transparent/transparent159.jpg,2,glass,transparent,4
glass/transparent/transparent403.jpg,2,glass,transparent,2
glass/transparent/transparent199.jpg,2,glass,transparent,4
glass/transparent/transparent210.jpg,2,glass,transparent,4
glass/transparent/transparent412.jpg,2,glass,transparent,5
glass/transparent/transparent213.jpg,2,glass,transparent,5
glass/transparent/transparent638.jpg,2,glass,transparent,5
glass/transparent/transparent156.jpg,2,glass,transparent,3
glass/transparent/transparent430.jpg,2,glass,transparent,4
glass/transparent/transparent564.jpg,2,glass,transparent,4
glass/transparent/transparent352.jpg,2,glass,transparent,4
glass/transparent/transparent42.jpg,2,glass,transparent,2
glass/transparent/transparent141.jpg,2,glass,transparent,4
glass/transparent/transparent614.jpg,2,glass,transparent,5
glass/transparent/transparent453.jpg,2,glass,transparent,2
glass/transparent/transparent526.jpg,2,glass,transparent,3
glass/transparent/transparent660.jpg,2,glass,transparent,3
glass/transparent/transparent51.jpg,2,glass,transparent,2
glass/transparent/transparent294.jpg,2,glass,transparent,3
glass/transparent/transparent327.jpg,2,glass,transparent,5
glass/transparent/transparent582.jpg,2,glass,transparent,5
glass/transparent/transparent215.jpg,2,glass,transparent,5
glass/transparent/transparent755.jpg,2,glass,transparent,4
glass/transparent/transparent696.jpg,2,glass,transparent,3
glass/transparent/transparent329.jpg,2,glass,transparent,5
glass/transparent/transparent317.jpg,2,glass,transparent,5
glass/transparent/transparent579.jpg,2,glass,transparent,4
glass/transparent/transparent279.jpg,2,glass,transparent,3
glass/transparent/transparent742.jpg,2,glass,transparent,4
glass/transparent/transparent236.jpg,2,glass,transparent,4
glass/transparent/transparent446.jpg,2,glass,transparent,3
glass/transparent/transparent392.jpg,2,glass,transparent,4
glass/transparent/transparent419.jpg,2,glass,transparent,5
glass/transparent/transparent345.jpg,2,glass,transparent,2
glass/transparent/transparent60.jpg,2,glass,transparent,4
glass/transparent/transparent406.jpg,2,glass,transparent,3
glass/transparent/transparent547.jpg,2,glass,transparent,3
glass/transparent/transparent76.jpg,2,glass,transparent,3
glass/transparent/transparent654.jpg,2,glass,transparent,4
glass/transparent/transparent402.jpg,2,glass,transparent,4
glass/transparent/transparent414.jpg,2,glass,transparent,2
glass/transparent/transparent407.jpg,2,glass,transparent,3
glass/transparent/transparent674.jpg,2,glass,transparent,2
glass/transparent/transparent365.jpg,2,glass,transparent,4
glass/transparent/transparent135.jpg,2,glass,transparent,3
glass/transparent/transparent542.jpg,2,glass,transparent,2
glass/transparent/transparent632.jpg,2,glass,transparent,5
glass/transparent/transparent218.jpg,2,glass,transparent,4
glass/transparent/transparent230.jpg,2,glass,transparent,4
glass/transparent/transparent108.jpg,2,glass,transparent,4
glass/transparent/transparent738.jpg,2,glass,transparent,5
glass/transparent/transparent682.jpg,2,glass,transparent,4
glass/transparent/transparent558.jpg,2,glass,transparent,2
glass/transparent/transparent319.jpg,2,glass,transparent,4
glass/transparent/transparent5.jpg,2,glass,transparent,4
glass/transparent/transparent513.jpg,2,glass,transparent,4
glass/transparent/transparent692.jpg,2,glass,transparent,2
glass/transparent/transparent613.jpg,2,glass,transparent,2
glass/transparent/transparent331.jpg,2,glass,transparent,5
glass/transparent/transparent408.jpg,2,glass,transparent,3
glass/transparent/transparent49.jpg,2,glass,transparent,4
glass/transparent/transparent476.jpg,2,glass,transparent,5
glass/transparent/transparent735.jpg,2,glass,transparent,4
glass/transparent/transparent560.jpg,2,glass,transparent,4
glass/transparent/transparent165.jpg,2,glass,transparent,4
glass/transparent/transparent306.jpg,2,glass,transparent,2
glass/transparent/transparent281.jpg,2,glass,transparent,4
glass/transparent/transparent207.jpg,2,glass,transparent,2
glass/transparent/transparent61.jpg,2,glass,transparent,5
glass/transparent/transparent409.jpg,2,glass,transparent,4
glass/transparent/transparent666.jpg,2,glass,transparent,5
glass/transparent/transparent630.jpg,2,glass,transparent,5
glass/transparent/transparent338.jpg,2,glass,transparent,5
glass/transparent/transparent59.jpg,2,glass,transparent,3
glass/transparent/transparent155.jpg,2,glass,transparent,4
glass/transparent/transparent616.jpg,2,glass,transparent,2
glass/transparent/transparent600.jpg,2,glass,transparent,2
glass/transparent/transparent626.jpg,2,glass,transparent,3
glass/transparent/transparent68.jpg,2,glass,transparent,2
glass/transparent/transparent275.jpg,2,glass,transparent,2
glass/transparent/transparent115.jpg,2,glass,transparent,5
glass/transparent/transparent31.jpg,2,glass,transparent,3
glass/transparent/transparent91.jpg,2,glass,transparent,4
glass/transparent/transparent595.jpg,2,glass,transparent,5
glass/transparent/transparent700.jpg,2,glass,transparent,5
glass/transparent/transparent645.jpg,2,glass,transparent,2
glass/transparent/transparent318.jpg,2,glass,transparent,3
glass/transparent/transparent602.jpg,2,glass,transparent,3
glass/transparent/transparent729.jpg,2,glass,transparent,5
glass/transparent/transparent37.jpg,2,glass,transparent,5
glass/transparent/transparent46.jpg,2,glass,transparent,3
glass/transparent/transparent185.jpg,2,glass,transparent,2
glass/transparent/transparent32.jpg,2,glass,transparent,2
glass/transparent/transparent676.jpg,2,glass,transparent,5
glass/transparent/transparent504.jpg,2,glass,transparent,2
glass/transparent/transparent295.jpg,2,glass,transparent,2
glass/transparent/transparent555.jpg,2,glass,transparent,5
glass/transparent/transparent8.jpg,2,glass,transparent,3
glass/transparent/transparent664.jpg,2,glass,transparent,3
glass/transparent/transparent629.jpg,2,glass,transparent,2
glass/brown/brown223.jpg,2,glass,brown,4
glass/brown/brown68.jpg,2,glass,brown,5
glass/brown/brown237.jpg,2,glass,brown,2
glass/brown/brown504.jpg,2,glass,brown,5
glass/brown/brown227.jpg,2,glass,brown,2
glass/brown/brown76.jpg,2,glass,brown,3
glass/brown/brown290.jpg,2,glass,brown,2
glass/brown/brown195.jpg,2,glass,brown,2
glass/brown/brown213.jpg,2,glass,brown,5
glass/brown/brown526.jpg,2,glass,brown,3
glass/brown/brown79.jpg,2,glass,brown,3
glass/brown/brown228.jpg,2,glass,brown,2
glass/brown/brown15.jpg,2,glass,brown,3
glass/brown/brown579.jpg,2,glass,brown,5
glass/brown/brown282.jpg,2,glass,brown,4
glass/brown/brown361.jpg,2,glass,brown,5
glass/brown/brown535.jpg,2,glass,brown,2
glass/brown/brown587.jpg,2,glass,brown,4
glass/brown/brown498.jpg,2,glass,brown,5
glass/brown/brown523.jpg,2,glass,brown,4
glass/brown/brown510.jpg,2,glass,brown,2
glass/brown/brown393.jpg,2,glass,brown,4
glass/brown/brown455.jpg,2,glass,brown,2
glass/brown/brown194.jpg,2,glass,brown,5
glass/brown/brown495.jpg,2,glass,brown,5
glass/brown/brown363.jpg,2,glass,brown,2
glass/brown/brown89.jpg,2,glass,brown,4
glass/brown/brown14.jpg,2,glass,brown,2
glass/brown/brown501.jpg,2,glass,brown,2
glass/brown/brown230.jpg,2,glass,brown,3
glass/brown/brown50.jpg,2,glass,brown,2
glass/brown/brown95.jpg,2,glass,brown,5
glass/brown/brown111.jpg,2,glass,brown,2
glass/brown/brown345.jpg,2,glass,brown,4
glass/brown/brown196.jpg,2,glass,brown,3
glass/brown/brown276.jpg,2,glass,brown,4
glass/brown/brown429.jpg,2,glass,brown,4
glass/brown/brown20.jpg,2,glass,brown,5
glass/brown/brown560.jpg,2,glass,brown,2
glass/brown/brown552.jpg,2,glass,brown,2
glass/brown/brown426.jpg,2,glass,brown,2
glass/brown/brown97.jpg,2,glass,brown,3
glass/brown/brown434.jpg,2,glass,brown,3
glass/brown/brown255.jpg,2,glass,brown,2
glass/brown/brown47.jpg,2,glass,brown,5
glass/brown/brown116.jpg,2,glass,brown,3
glass/brown/brown567.jpg,2,glass,brown,4
glass/brown/brown543.jpg,2,glass,brown,4
glass/brown/brown317.jpg,2,glass,brown,2
glass/brown/brown420.jpg,2,glass,brown,4
glass/brown/brown519.jpg,2,glass,brown,5
glass/brown/brown364.jpg,2,glass,brown,4
glass/brown/brown6.jpg,2,glass,brown,2
glass/brown/brown209.jpg,2,glass,brown,5
glass/brown/brown583.jpg,2,glass,brown,4
glass/brown/brown481.jpg,2,glass,brown,2
glass/brown/brown335.jpg,2,glass,brown,2
glass/brown/brown215.jpg,2,glass,brown,2
glass/brown/brown386.jpg,2,glass,brown,3
glass/brown/brown284.jpg,2,glass,brown,5
glass/brown/brown156.jpg,2,glass,brown,4
glass/brown/brown338.jpg,2,glass,brown,4
glass/brown/brown202.jpg,2,glass,brown,5
glass/brown/brown400.jpg,2,glass,brown,3
glass/brown/brown117.jpg,2,glass,brown,5
glass/brown/brown164.jpg,2,glass,brown,5
glass/brown/brown33.jpg,2,glass,brown,5
glass/brown/brown236.jpg,2,glass,brown,5
glass/brown/brown310.jpg,2,glass,brown,4
glass/brown/brown395.jpg,2,glass,brown,5
glass/brown/brown176.jpg,2,glass,brown,3
glass/brown/brown532.jpg,2,glass,brown,2
glass/brown/brown229.jpg,2,glass,brown,3
glass/brown/brown287.jpg,2,glass,brown,5
glass/brown/brown306.jpg,2,glass,brown,4
glass/brown/brown336.jpg,2,glass,brown,3
glass/brown/brown102.jpg,2,glass,brown,2
glass/brown/brown354.jpg,2,glass,brown,4
glass/brown/brown478.jpg,2,glass,brown,3
glass/brown/brown500.jpg,2,glass,brown,3
glass/brown/brown470.jpg,2,glass,brown,5
glass/brown/brown321.jpg,2,glass,brown,5
glass/brown/brown60.jpg,2,glass,brown,3
glass/brown/brown258.jpg,2,glass,brown,3
glass/brown/brown27.jpg,2,glass,brown,4
glass/brown/brown170.jpg,2,glass,brown,2
glass/brown/brown124.jpg,2,glass,brown,3
glass/brown/brown149.jpg,2,glass,brown,5
glass/brown/brown464.jpg,2,glass,brown,4
glass/brown/brown262.jpg,2,glass,brown,4
glass/brown/brown562.jpg,2,glass,brown,3
glass/brown/brown57.jpg,2,glass,brown,2
glass/brown/brown121.jpg,2,glass,brown,3
glass/brown/brown362.jpg,2,glass,brown,4
glass/brown/brown375.jpg,2,glass,brown,3
glass/brown/brown453.jpg,2,glass,brown,3
glass/brown/brown292.jpg,2,glass,brown,3
glass/brown/brown602.jpg,2,glass,brown,5
glass/brown/brown275.jpg,2,glass,brown,3
glass/brown/brown590.jpg,2,glass,brown,5
glass/brown/brown474.jpg,2,glass,brown,3
glass/brown/brown98.jpg,2,glass,brown,4
glass/brown/brown421.jpg,2,glass,brown,3
glass/brown/brown253.jpg,2,glass,brown,3
glass/brown/brown604.jpg,2,glass,brown,5
glass/brown/brown573.jpg,2,glass,brown,5
glass/brown/brown25.jpg,2,glass,brown,4
glass/brown/brown369.jpg,2,glass,brown,3
glass/brown/brown163.jpg,2,glass,brown,3
glass/brown/brown314.jpg,2,glass,brown,5
glass/brown/brown304.jpg,2,glass,brown,4
glass/brown/brown31.jpg,2,glass,brown,3
glass/brown/brown301.jpg,2,glass,brown,4
glass/brown/brown36.jpg,2,glass,brown,4
glass/brown/brown130.jpg,2,glass,brown,2
glass/brown/brown93.jpg,2,glass,brown,4
glass/brown/brown157.jpg,2,glass,brown,2
glass/brown/brown439.jpg,2,glass,brown,2
glass/brown/brown217.jpg,2,glass,brown,3
glass/brown/brown322.jpg,2,glass,brown,3
glass/brown/brown316.jpg,2,glass,brown,5
glass/brown/brown355.jpg,2,glass,brown,4
glass/brown/brown484.jpg,2,glass,brown,5
glass/brown/brown58.jpg,2,glass,brown,5
glass/brown/brown62.jpg,2,glass,brown,3
glass/brown/brown436.jpg,2,glass,brown,2
glass/brown/brown125.jpg,2,glass,brown,3
glass/brown/brown412.jpg,2,glass,brown,3
glass/brown/brown137.jpg,2,glass,brown,2
glass/brown/brown422.jpg,2,glass,brown,5
glass/brown/brown56.jpg,2,glass,brown,4
glass/brown/brown595.jpg,2,glass,brown,3
glass/brown/brown179.jpg,2,glass,brown,3
glass/brown/brown81.jpg,2,glass,brown,4
glass/brown/brown77.jpg,2,glass,brown,2
glass/brown/brown469.jpg,2,glass,brown,4
glass/brown/brown506.jpg,2,glass,brown,3
glass/brown/brown67.jpg,2,glass,brown,3
glass/brown/brown180.jpg,2,glass,brown,4
glass/brown/brown494.jpg,2,glass,brown,3
glass/brown/brown281.jpg,2,glass,brown,4
glass/brown/brown581.jpg,2,glass,brown,2
glass/brown/brown286.jpg,2,glass,brown,5
glass/brown/brown417.jpg,2,glass,brown,2
glass/brown/brown473.jpg,2,glass,brown,5
glass/brown/brown165.jpg,2,glass,brown,4
glass/brown/brown347.jpg,2,glass,brown,5
glass/brown/brown326.jpg,2,glass,brown,2
glass/brown/brown193.jpg,2,glass,brown,5
glass/brown/brown568.jpg,2,glass,brown,3
glass/brown/brown277.jpg,2,glass,brown,2
glass/brown/brown152.jpg,2,glass,brown,3
glass/brown/brown307.jpg,2,glass,brown,5
glass/brown/brown37.jpg,2,glass,brown,4
glass/brown/brown503.jpg,2,glass,brown,3
glass/brown/brown4.jpg,2,glass,brown,2
glass/brown/brown235.jpg,2,glass,brown,3
glass/brown/brown449.jpg,2,glass,brown,2
glass/brown/brown565.jpg,2,glass,brown,2
glass/brown/brown333.jpg,2,glass,brown,3
glass/brown/brown232.jpg,2,glass,brown,2
glass/brown/brown122.jpg,2,glass,brown,3
glass/brown/brown476.jpg,2,glass,brown,5
glass/brown/brown160.jpg,2,glass,brown,5
glass/brown/brown555.jpg,2,glass,brown,2
glass/brown/brown468.jpg,2,glass,brown,2
glass/brown/brown86.jpg,2,glass,brown,4
glass/brown/brown46.jpg,2,glass,brown,3
glass/brown/brown154.jpg,2,glass,brown,2
glass/brown/brown546.jpg,2,glass,brown,5
glass/brown/brown23.jpg,2,glass,brown,2
glass/brown/brown435.jpg,2,glass,brown,5
glass/brown/brown51.jpg,2,glass,brown,3
glass/brown/brown192.jpg,2,glass,brown,5
glass/brown/brown291.jpg,2,glass,brown,5
glass/brown/brown278.jpg,2,glass,brown,3
glass/brown/brown40.jpg,2,glass,brown,4
glass/brown/brown404.jpg,2,glass,brown,2
glass/brown/brown527.jpg,2,glass,brown,4
glass/brown/brown554.jpg,2,glass,brown,3
glass/brown/brown216.jpg,2,glass,brown,4
glass/brown/brown344.jpg,2,glass,brown,3
glass/brown/brown561.jpg,2,glass,brown,4
glass/brown/brown563.jpg,2,glass,brown,3
glass/brown/brown448.jpg,2,glass,brown,5
glass/brown/brown366.jpg,2,glass,brown,2
glass/brown/brown273.jpg,2,glass,brown,2
glass/brown/brown591.jpg,2,glass,brown,5
glass/brown/brown298.jpg,2,glass,brown,4
glass/brown/brown22.jpg,2,glass,brown,4
glass/brown/brown233.jpg,2,glass,brown,5
glass/brown/brown103.jpg,2,glass,brown,2
glass/brown/brown70.jpg,2,glass,brown,5
glass/brown/brown13.jpg,2,glass,brown,2
glass/brown/brown406.jpg,2,glass,brown,4
glass/brown/brown104.jpg,2,glass,brown,3
glass/brown/brown84.jpg,2,glass,brown,3
glass/brown/brown390.jpg,2,glass,brown,3
glass/brown/brown509.jpg,2,glass,brown,3
glass/brown/brown327.jpg,2,glass,brown,2
glass/brown/brown201.jpg,2,glass,brown,3
glass/brown/brown186.jpg,2,glass,brown,5
glass/brown/brown12.jpg,2,glass,brown,4
glass/brown/brown505.jpg,2,glass,brown,5
glass/brown/brown566.jpg,2,glass,brown,5
glass/brown/brown524.jpg,2,glass,brown,4
glass/brown/brown427.jpg,2,glass,brown,4
glass/brown/brown141.jpg,2,glass,brown,2
glass/brown/brown548.jpg,2,glass,brown,4
glass/brown/brown279.jpg,2,glass,brown,5
glass/brown/brown206.jpg,2,glass,brown,2
glass/brown/brown3.jpg,2,glass,brown,2
glass/brown/brown30.jpg,2,glass,brown,4
glass/brown/brown397.jpg,2,glass,brown,4
glass/brown/brown131.jpg,2,glass,brown,2
glass/brown/brown246.jpg,2,glass,brown,2
glass/brown/brown402.jpg,2,glass,brown,2
glass/brown/brown241.jpg,2,glass,brown,2
glass/brown/brown188.jpg,2,glass,brown,4
glass/brown/brown28.jpg,2,glass,brown,4
glass/brown/brown214.jpg,2,glass,brown,2
glass/brown/brown534.jpg,2,glass,brown,2
glass/brown/brown490.jpg,2,glass,brown,5
glass/brown/brown19.jpg,2,glass,brown,2
glass/brown/brown256.jpg,2,glass,brown,3
glass/brown/brown109.jpg,2,glass,brown,2
glass/brown/brown210.jpg,2,glass,brown,2
glass/brown/brown181.jpg,2,glass,brown,3
glass/brown/brown593.jpg,2,glass,brown,2
glass/brown/brown63.jpg,2,glass,brown,4
glass/brown/brown382.jpg,2,glass,brown,5
glass/brown/brown183.jpg,2,glass,brown,5
glass/brown/brown39.jpg,2,glass,brown,3
glass/brown/brown99.jpg,2,glass,brown,3
glass/brown/brown148.jpg,2,glass,brown,4
glass/brown/brown220.jpg,2,glass,brown,4
glass/brown/brown295.jpg,2,glass,brown,3
glass/brown/brown458.jpg,2,glass,brown,4
glass/brown/brown53.jpg,2,glass,brown,3
glass/brown/brown242.jpg,2,glass,brown,5
glass/brown/brown539.jpg,2,glass,brown,4
glass/brown/brown381.jpg,2,glass,brown,3
glass/brown/brown342.jpg,2,glass,brown,3
glass/brown/brown29.jpg,2,glass,brown,3
glass/brown/brown487.jpg,2,glass,brown,2
glass/brown/brown586.jpg,2,glass,brown,4
glass/brown/brown168.jpg,2,glass,brown,4
glass/brown/brown87.jpg,2,glass,brown,5
glass/brown/brown607.jpg,2,glass,brown,5
glass/brown/brown142.jpg,2,glass,brown,2
glass/brown/brown305.jpg,2,glass,brown,2
glass/brown/brown120.jpg,2,glass,brown,2
glass/brown/brown550.jpg,2,glass,brown,4
glass/brown/brown166.jpg,2,glass,brown,2
glass/brown/brown34.jpg,2,glass,brown,3
glass/brown/brown348.jpg,2,glass,brown,5
glass/brown/brown576.jpg,2,glass,brown,3
glass/brown/brown444.jpg,2,glass,brown,3
glass/brown/brown132.jpg,2,glass,brown,5
glass/brown/brown288.jpg,2,glass,brown,4
glass/brown/brown263.jpg,2,glass,brown,4
glass/brown/brown17.jpg,2,glass,brown,5
glass/brown/brown511.jpg,2,glass,brown,5
glass/brown/brown105.jpg,2,glass,brown,3
glass/brown/brown266.jpg,2,glass,brown,4
glass/brown/brown387.jpg,2,glass,brown,3
glass/brown/brown450.jpg,2,glass,brown,2
glass/brown/brown423.jpg,2,glass,brown,2
glass/brown/brown187.jpg,2,glass,brown,4
glass/brown/brown496.jpg,2,glass,brown,2
glass/brown/brown370.jpg,2,glass,brown,4
glass/brown/brown155.jpg,2,glass,brown,5
glass/brown/brown299.jpg,2,glass,brown,2
glass/brown/brown536.jpg,2,glass,brown,3
glass/brown/brown491.jpg,2,glass,brown,5
glass/brown/brown394.jpg,2,glass,brown,5
glass/brown/brown544.jpg,2,glass,brown,4
glass/brown/brown267.jpg,2,glass,brown,4
glass/brown/brown349.jpg,2,glass,brown,2
glass/brown/brown376.jpg,2,glass,brown,4
glass/brown/brown600.jpg,2,glass,brown,2
glass/brown/brown399.jpg,2,glass,brown,2
glass/brown/brown460.jpg,2,glass,brown,5
glass/brown/brown475.jpg,2,glass,brown,3
glass/brown/brown466.jpg,2,glass,brown,2
glass/brown/brown499.jpg,2,glass,brown,2
glass/brown/brown541.jpg,2,glass,brown,4
glass/brown/brown441.jpg,2,glass,brown,3
glass/brown/brown114.jpg,2,glass,brown,4
glass/brown/brown577.jpg,2,glass,brown,4
glass/brown/brown318.jpg,2,glass,brown,2
glass/brown/brown55.jpg,2,glass,brown,3
glass/brown/brown172.jpg,2,glass,brown,4
glass/brown/brown407.jpg,2,glass,brown,3
glass/brown/brown293.jpg,2,glass,brown,2
glass/brown/brown24.jpg,2,glass,brown,5
glass/brown/brown143.jpg,2,glass,brown,4
glass/brown/brown138.jpg,2,glass,brown,5
glass/brown/brown545.jpg,2,glass,brown,3
glass/brown/brown44.jpg,2,glass,brown,4
glass/brown/brown73.jpg,2,glass,brown,5
glass/brown/brown383.jpg,2,glass,brown,2
glass/brown/brown320.jpg,2,glass,brown,3
glass/brown/brown43.jpg,2,glass,brown,3
glass/brown/brown85.jpg,2,glass,brown,4
glass/brown/brown234.jpg,2,glass,brown,4
glass/brown/brown289.jpg,2,glass,brown,3
glass/brown/brown571.jpg,2,glass,brown,4
glass/brown/brown416.jpg,2,glass,brown,5
glass/brown/brown346.jpg,2,glass,brown,3
glass/brown/brown512.jpg,2,glass,brown,3
glass/brown/brown65.jpg,2,glass,brown,4
glass/brown/brown359.jpg,2,glass,brown,4
glass/brown/brown493.jpg,2,glass,brown,2
glass/brown/brown392.jpg,2,glass,brown,5
glass/brown/brown285.jpg,2,glass,brown,5
glass/brown/brown325.jpg,2,glass,brown,4
glass/brown/brown531.jpg,2,glass,brown,4
glass/brown/brown482.jpg,2,glass,brown,5
glass/brown/brown283.jpg,2,glass,brown,5
glass/brown/brown424.jpg,2,glass,brown,4
glass/brown/brown110.jpg,2,glass,brown,4
glass/brown/brown203.jpg,2,glass,brown,2
glass/brown/brown264.jpg,2,glass,brown,2
glass/brown/brown134.jpg,2,glass,brown,3
glass/brown/brown367.jpg,2,glass,brown,5
glass/brown/brown472.jpg,2,glass,brown,3
glass/brown/brown18.jpg,2,glass,brown,2
glass/brown/brown601.jpg,2,glass,brown,2
glass/brown/brown360.jpg,2,glass,brown,4
glass/brown/brown146.jpg,2,glass,brown,2
glass/brown/brown218.jpg,2,glass,brown,3
glass/brown/brown599.jpg,2,glass,brown,5
glass/brown/brown385.jpg,2,glass,brown,3
glass/brown/brown507.jpg,2,glass,brown,3
glass/brown/brown414.jpg,2,glass,brown,5
glass/brown/brown140.jpg,2,glass,brown,4
glass/brown/brown457.jpg,2,glass,brown,4
glass/brown/brown94.jpg,2,glass,brown,3
glass/brown/brown11.jpg,2,glass,brown,3
glass/brown/brown16.jpg,2,glass,brown,2
glass/brown/brown479.jpg,2,glass,brown,2
glass/brown/brown247.jpg,2,glass,brown,2
glass/brown/brown249.jpg,2,glass,brown,5
glass/brown/brown553.jpg,2,glass,brown,2
glass/brown/brown438.jpg,2,glass,brown,2
glass/brown/brown413.jpg,2,glass,brown,2
glass/brown/brown135.jpg,2,glass,brown,5
glass/brown/brown106.jpg,2,glass,brown,3
glass/brown/brown425.jpg,2,glass,brown,5
glass/brown/brown558.jpg,2,glass,brown,5
glass/brown/brown559.jpg,2,glass,brown,5
glass/brown/brown211.jpg,2,glass,brown,5
glass/brown/brown300.jpg,2,glass,brown,4
glass/brown/brown419.jpg,2,glass,brown,5
glass/brown/brown133.jpg,2,glass,brown,2
glass/brown/brown340.jpg,2,glass,brown,3
glass/brown/brown352.jpg,2,glass,brown,2
glass/brown/brown296.jpg,2,glass,brown,3
glass/brown/brown101.jpg,2,glass,brown,3
glass/brown/brown405.jpg,2,glass,brown,2
glass/brown/brown61.jpg,2,glass,brown,3
glass/brown/brown452.jpg,2,glass,brown,5
glass/brown/brown294.jpg,2,glass,brown,3
glass/brown/brown72.jpg,2,glass,brown,4
glass/brown/brown605.jpg,2,glass,brown,3
glass/brown/brown32.jpg,2,glass,brown,2
glass/brown/brown351.jpg,2,glass,brown,4
glass/brown/brown199.jpg,2,glass,brown,2
glass/brown/brown119.jpg,2,glass,brown,3
glass/brown/brown332.jpg,2,glass,brown,3
glass/brown/brown2.jpg,2,glass,brown,2
glass/brown/brown245.jpg,2,glass,brown,5
glass/brown/brown447.jpg,2,glass,brown,5
glass/brown/brown260.jpg,2,glass,brown,5
glass/brown/brown113.jpg,2,glass,brown,3
glass/brown/brown10.jpg,2,glass,brown,5
glass/brown/brown547.jpg,2,glass,brown,5
glass/brown/brown90.jpg,2,glass,brown,3
glass/brown/brown274.jpg,2,glass,brown,5
glass/brown/brown428.jpg,2,glass,brown,4
glass/brown/brown175.jpg,2,glass,brown,5
glass/brown/brown8.jpg,2,glass,brown,5
glass/brown/brown389.jpg,2,glass,brown,4
glass/brown/brown415.jpg,2,glass,brown,5
glass/brown/brown492.jpg,2,glass,brown,5
glass/brown/brown153.jpg,2,glass,brown,5
glass/brown/brown594.jpg,2,glass,brown,4
glass/brown/brown303.jpg,2,glass,brown,2
glass/brown/brown358.jpg,2,glass,brown,2
glass/brown/brown377.jpg,2,glass,brown,3
glass/brown/brown92.jpg,2,glass,brown,4
glass/brown/brown88.jpg,2,glass,brown,2
glass/brown/brown75.jpg,2,glass,brown,2
glass/brown/brown542.jpg,2,glass,brown,5
glass/brown/brown456.jpg,2,glass,brown,3
glass/brown/brown467.jpg,2,glass,brown,4
glass/brown/brown368.jpg,2,glass,brown,2
glass/brown/brown243.jpg,2,glass,brown,5
glass/brown/brown171.jpg,2,glass,brown,4
glass/brown/brown486.jpg,2,glass,brown,5
glass/brown/brown54.jpg,2,glass,brown,2
glass/brown/brown403.jpg,2,glass,brown,3
glass/brown/brown212.jpg,2,glass,brown,5
glass/brown/brown204.jpg,2,glass,brown,3
glass/brown/brown222.jpg,2,glass,brown,5
glass/brown/brown59.jpg,2,glass,brown,2
glass/brown/brown551.jpg,2,glass,brown,4
glass/brown/brown259.jpg,2,glass,brown,2
glass/brown/brown272.jpg,2,glass,brown,4
glass/brown/brown238.jpg,2,glass,brown,3
glass/brown/brown197.jpg,2,glass,brown,5
glass/brown/brown517.jpg,2,glass,brown,4
glass/brown/brown184.jpg,2,glass,brown,5
glass/brown/brown380.jpg,2,glass,brown,4
glass/brown/brown71.jpg,2,glass,brown,4
glass/brown/brown271.jpg,2,glass,brown,4
glass/brown/brown45.jpg,2,glass,brown,5
glass/brown/brown592.jpg,2,glass,brown,5
glass/brown/brown588.jpg,2,glass,brown,2
glass/brown/brown574.jpg,2,glass,brown,2
glass/brown/brown207.jpg,2,glass,brown,4
glass/brown/brown432.jpg,2,glass,brown,4
glass/brown/brown556.jpg,2,glass,brown,3
glass/brown/brown239.jpg,2,glass,brown,4
glass/brown/brown270.jpg,2,glass,brown,5
glass/brown/brown408.jpg,2,glass,brown,5
glass/brown/brown353.jpg,2,glass,brown,2
glass/brown/brown147.jpg,2,glass,brown,5
glass/brown/brown178.jpg,2,glass,brown,3
glass/brown/brown251.jpg,2,glass,brown,3
glass/brown/brown572.jpg,2,glass,brown,4
glass/brown/brown244.jpg,2,glass,brown,4
glass/brown/brown308.jpg,2,glass,brown,3
glass/brown/brown302.jpg,2,glass,brown,2
glass/brown/brown127.jpg,2,glass,brown,5
glass/brown/brown557.jpg,2,glass,brown,5
glass/brown/brown49.jpg,2,glass,brown,2
glass/brown/brown177.jpg,2,glass,brown,5
glass/brown/brown52.jpg,2,glass,brown,4
glass/brown/brown225.jpg,2,glass,brown,3
glass/brown/brown454.jpg,2,glass,brown,5
glass/brown/brown7.jpg,2,glass,brown,2
glass/brown/brown465.jpg,2,glass,brown,3
glass/brown/brown64.jpg,2,glass,brown,2
glass/brown/brown38.jpg,2,glass,brown,3
glass/brown/brown516.jpg,2,glass,brown,4
glass/brown/brown431.jpg,2,glass,brown,4
glass/brown/brown144.jpg,2,glass,brown,3
glass/brown/brown112.jpg,2,glass,brown,4
glass/brown/brown265.jpg,2,glass,brown,4
glass/brown/brown365.jpg,2,glass,brown,2
glass/brown/brown459.jpg,2,glass,brown,5
glass/brown/brown569.jpg,2,glass,brown,4
glass/brown/brown518.jpg,2,glass,brown,4
glass/brown/brown446.jpg,2,glass,brown,3
glass/brown/brown430.jpg,2,glass,brown,5
glass/brown/brown80.jpg,2,glass,brown,3
glass/brown/brown107.jpg,2,glass,brown,4
glass/brown/brown388.jpg,2,glass,brown,2
glass/brown/brown145.jpg,2,glass,brown,4
glass/brown/brown83.jpg,2,glass,brown,5
glass/brown/brown173.jpg,2,glass,brown,2
glass/brown/brown398.jpg,2,glass,brown,4
glass/brown/brown525.jpg,2,glass,brown,5
glass/brown/brown128.jpg,2,glass,brown,3
glass/brown/brown578.jpg,2,glass,brown,5
glass/brown/brown35.jpg,2,glass,brown,4
glass/brown/brown240.jpg,2,glass,brown,3
glass/brown/brown597.jpg,2,glass,brown,5
glass/brown/brown343.jpg,2,glass,brown,5
glass/brown/brown497.jpg,2,glass,brown,2
glass/brown/brown330.jpg,2,glass,brown,3
glass/brown/brown409.jpg,2,glass,brown,2
glass/brown/brown372.jpg,2,glass,brown,4
glass/brown/brown379.jpg,2,glass,brown,2
glass/brown/brown191.jpg,2,glass,brown,2
glass/brown/brown226.jpg,2,glass,brown,3
glass/brown/brown373.jpg,2,glass,brown,3
glass/brown/brown261.jpg,2,glass,brown,4
glass/brown/brown189.jpg,2,glass,brown,2
glass/brown/brown224.jpg,2,glass,brown,3
glass/brown/brown66.jpg,2,glass,brown,4
glass/brown/brown540.jpg,2,glass,brown,5
glass/brown/brown74.jpg,2,glass,brown,5
glass/brown/brown502.jpg,2,glass,brown,2
glass/green/green179.jpg,2,glass,green,3
glass/green/green66.jpg,2,glass,green,5
glass/green/green448.jpg,2,glass,green,3
glass/green/green24.jpg,2,glass,green,2
glass/green/green431.jpg,2,glass,green,2
glass/green/green608.jpg,2,glass,green,4
glass/green/green620.jpg,2,glass,green,3
glass/green/green30.jpg,2,glass,green,5
glass/green/green56.jpg,2,glass,green,3
glass/green/green14.jpg,2,glass,green,4
glass/green/green133.jpg,2,glass,green,2
glass/green/green375.jpg,2,glass,green,2
glass/green/green345.jpg,2,glass,green,4
glass/green/green313.jpg,2,glass,green,2
glass/green/green397.jpg,2,glass,green,2
glass/green/green441.jpg,2,glass,green,4
glass/green/green55.jpg,2,glass,green,4
glass/green/green100.jpg,2,glass,green,4
glass/green/green416.jpg,2,glass,green,2
glass/green/green523.jpg,2,glass,green,2
glass/green/green147.jpg,2,glass,green,4
glass/green/green376.jpg,2,glass,green,2
glass/green/green173.jpg,2,glass,green,5
glass/green/green400.jpg,2,glass,green,5
glass/green/green220.jpg,2,glass,green,4
glass/green/green275.jpg,2,glass,green,2
glass/green/green573.jpg,2,glass,green,4
glass/green/green164.jpg,2,glass,green,5
glass/green/green489.jpg,2,glass,green,4
glass/green/green281.jpg,2,glass,green,2
glass/green/green567.jpg,2,glass,green,2
glass/green/green5.jpg,2,glass,green,2
glass/green/green228.jpg,2,glass,green,2
glass/green/green126.jpg,2,glass,green,5
glass/green/green428.jpg,2,glass,green,3
glass/green/green236.jpg,2,glass,green,3
glass/green/green292.jpg,2,glass,green,2
glass/green/green466.jpg,2,glass,green,5
glass/green/green195.jpg,2,glass,green,2
glass/green/green321.jpg,2,glass,green,4
glass/green/green235.jpg,2,glass,green,4
glass/green/green443.jpg,2,glass,green,5
glass/green/green550.jpg,2,glass,green,4
glass/green/green396.jpg,2,glass,green,4
glass/green/green245.jpg,2,glass,green,2
glass/green/green334.jpg,2,glass,green,3
glass/green/green330.jpg,2,glass,green,5
glass/green/green249.jpg,2,glass,green,5
glass/green/green294.jpg,2,glass,green,4
glass/green/green326.jpg,2,glass,green,4
glass/green/green556.jpg,2,glass,green,5
glass/green/green22.jpg,2,glass,green,4
glass/green/green78.jpg,2,glass,green,5
glass/green/green405.jpg,2,glass,green,4
glass/green/green352.jpg,2,glass,green,2
glass/green/green613.jpg,2,glass,green,2
glass/green/green267.jpg,2,glass,green,5
glass/green/green430.jpg,2,glass,green,5
glass/green/green2.jpg,2,glass,green,5
glass/green/green259.jpg,2,glass,green,5
glass/green/green368.jpg,2,glass,green,4
glass/green/green498.jpg,2,glass,green,2
glass/green/green64.jpg,2,glass,green,4
glass/green/green43.jpg,2,glass,green,3
glass/green/green83.jpg,2,glass,green,3
glass/green/green526.jpg,2,glass,green,4
glass/green/green617.jpg,2,glass,green,2
glass/green/green123.jpg,2,glass,green,4
glass/green/green360.jpg,2,glass,green,5
glass/green/green537.jpg,2,glass,green,2
glass/green/green557.jpg,2,glass,green,3
glass/green/green178.jpg,2,glass,green,3
glass/green/green328.jpg,2,glass,green,3
glass/green/green17.jpg,2,glass,green,5
glass/green/green11.jpg,2,glass,green,3
glass/green/green216.jpg,2,glass,green,2
glass/green/green621.jpg,2,glass,green,2
glass/green/green343.jpg,2,glass,green,2
glass/green/green468.jpg,2,glass,green,3
glass/green/green296.jpg,2,glass,green,5
glass/green/green381.jpg,2,glass,green,2
glass/green/green74.jpg,2,glass,green,5
glass/green/green558.jpg,2,glass,green,3
glass/green/green534.jpg,2,glass,green,3
glass/green/green300.jpg,2,glass,green,5
glass/green/green533.jpg,2,glass,green,2
glass/green/green319.jpg,2,glass,green,4
glass/green/green629.jpg,2,glass,green,5
glass/green/green595.jpg,2,glass,green,4
glass/green/green310.jpg,2,glass,green,3
glass/green/green219.jpg,2,glass,green,2
glass/green/green68.jpg,2,glass,green,5
glass/green/green60.jpg,2,glass,green,5
glass/green/green565.jpg,2,glass,green,3
glass/green/green490.jpg,2,glass,green,2
glass/green/green116.jpg,2,glass,green,4
glass/green/green215.jpg,2,glass,green,2
glass/green/green535.jpg,2,glass,green,5
glass/green/green197.jpg,2,glass,green,5
glass/green/green602.jpg,2,glass,green,5
glass/green/green500.jpg,2,glass,green,5
glass/green/green27.jpg,2,glass,green,3
glass/green/green528.jpg,2,glass,green,4
glass/green/green520.jpg,2,glass,green,3
glass/green/green119.jpg,2,glass,green,5
glass/green/green374.jpg,2,glass,green,2
glass/green/green543.jpg,2,glass,green,3
glass/green/green599.jpg,2,glass,green,2
glass/green/green106.jpg,2,glass,green,3
glass/green/green532.jpg,2,glass,green,5
glass/green/green453.jpg,2,glass,green,5
glass/green/green476.jpg,2,glass,green,5
glass/green/green380.jpg,2,glass,green,5
glass/green/green496.jpg,2,glass,green,2
glass/green/green568.jpg,2,glass,green,5
glass/green/green425.jpg,2,glass,green,3
glass/green/green406.jpg,2,glass,green,2
glass/green/green487.jpg,2,glass,green,2
glass/green/green284.jpg,2,glass,green,4
glass/green/green36.jpg,2,glass,green,2
glass/green/green191.jpg,2,glass,green,2
glass/green/green217.jpg,2,glass,green,3
glass/green/green134.jpg,2,glass,green,5
glass/green/green187.jpg,2,glass,green,3
glass/green/green269.jpg,2,glass,green,4
glass/green/green529.jpg,2,glass,green,2
glass/green/green409.jpg,2,glass,green,3
glass/green/green480.jpg,2,glass,green,2
glass/green/green492.jpg,2,glass,green,3
glass/green/green8.jpg,2,glass,green,2
glass/green/green606.jpg,2,glass,green,2
glass/green/green199.jpg,2,glass,green,4
glass/green/green349.jpg,2,glass,green,5
glass/green/green214.jpg,2,glass,green,3
glass/green/green188.jpg,2,glass,green,4
glass/green/green462.jpg,2,glass,green,2
glass/green/green81.jpg,2,glass,green,3
glass/green/green547.jpg,2,glass,green,5
glass/green/green152.jpg,2,glass,green,4
glass/green/green161.jpg,2,glass,green,4
glass/green/green54.jpg,2,glass,green,3
glass/green/green21.jpg,2,glass,green,4
glass/green/green454.jpg,2,glass,green,3
glass/green/green38.jpg,2,glass,green,4
glass/green/green579.jpg,2,glass,green,3
glass/green/green177.jpg,2,glass,green,2
glass/green/green307.jpg,2,glass,green,2
glass/green/green204.jpg,2,glass,green,4
glass/green/green176.jpg,2,glass,green,5
glass/green/green170.jpg,2,glass,green,2
glass/green/green158.jpg,2,glass,green,3
glass/green/green93.jpg,2,glass,green,5
glass/green/green626.jpg,2,glass,green,4
glass/green/green323.jpg,2,glass,green,4
glass/green/green591.jpg,2,glass,green,2
glass/green/green549.jpg,2,glass,green,2
glass/green/green503.jpg,2,glass,green,4
glass/green/green79.jpg,2,glass,green,3
glass/green/green586.jpg,2,glass,green,3
glass/green/green359.jpg,2,glass,green,3
glass/green/green264.jpg,2,glass,green,2
glass/green/green232.jpg,2,glass,green,4
glass/green/green542.jpg,2,glass,green,3
glass/green/green20.jpg,2,glass,green,5
glass/green/green587.jpg,2,glass,green,2
glass/green/green455.jpg,2,glass,green,4
glass/green/green581.jpg,2,glass,green,3
glass/green/green149.jpg,2,glass,green,3
glass/green/green12.jpg,2,glass,green,4
glass/green/green377.jpg,2,glass,green,5
glass/green/green398.jpg,2,glass,green,3
glass/green/green364.jpg,2,glass,green,2
glass/green/green118.jpg,2,glass,green,3
glass/green/green18.jpg,2,glass,green,5
glass/green/green33.jpg,2,glass,green,2
glass/green/green112.jpg,2,glass,green,5
glass/green/green596.jpg,2,glass,green,3
glass/green/green439.jpg,2,glass,green,3
glass/green/green246.jpg,2,glass,green,5
glass/green/green527.jpg,2,glass,green,3
glass/green/green363.jpg,2,glass,green,5
glass/green/green6.jpg,2,glass,green,5
glass/green/green98.jpg,2,glass,green,4
glass/green/green628.jpg,2,glass,green,5
glass/green/green306.jpg,2,glass,green,3
glass/green/green238.jpg,2,glass,green,2
glass/green/green317.jpg,2,glass,green,5
glass/green/green9.jpg,2,glass,green,4
glass/green/green49.jpg,2,glass,green,3
glass/green/green132.jpg,2,glass,green,3
glass/green/green544.jpg,2,glass,green,2
glass/green/green37.jpg,2,glass,green,3
glass/green/green545.jpg,2,glass,green,3
glass/green/green15.jpg,2,glass,green,3
glass/green/green162.jpg,2,glass,green,4
glass/green/green96.jpg,2,glass,green,5
glass/green/green84.jpg,2,glass,green,5
glass/green/green241.jpg,2,glass,green,3
glass/green/green531.jpg,2,glass,green,4
glass/green/green580.jpg,2,glass,green,4
glass/green/green314.jpg,2,glass,green,3
glass/green/green607.jpg,2,glass,green,2
glass/green/green603.jpg,2,glass,green,5
glass/green/green262.jpg,2,glass,green,3
glass/green/green240.jpg,2,glass,green,3
glass/green/green474.jpg,2,glass,green,5
glass/green/green183.jpg,2,glass,green,2
glass/green/green148.jpg,2,glass,green,5
glass/green/green486.jpg,2,glass,green,4
glass/green/green361.jpg,2,glass,green,4
glass/green/green346.jpg,2,glass,green,5
glass/green/green35.jpg,2,glass,green,3
glass/green/green110.jpg,2,glass,green,5
glass/green/green408.jpg,2,glass,green,5
glass/green/green337.jpg,2,glass,green,4
glass/green/green530.jpg,2,glass,green,5
glass/green/green128.jpg,2,glass,green,4
glass/green/green226.jpg,2,glass,green,3
glass/green/green548.jpg,2,glass,green,2
glass/green/green475.jpg,2,glass,green,5
glass/green/green299.jpg,2,glass,green,2
glass/green/green327.jpg,2,glass,green,5
glass/green/green423.jpg,2,glass,green,2
glass/green/green92.jpg,2,glass,green,3
glass/green/green115.jpg,2,glass,green,2
glass/green/green584.jpg,2,glass,green,4
glass/green/green99.jpg,2,glass,green,4
glass/green/green561.jpg,2,glass,green,4
glass/green/green47.jpg,2,glass,green,5
glass/green/green445.jpg,2,glass,green,4
glass/green/green273.jpg,2,glass,green,4
glass/green/green124.jpg,2,glass,green,4
glass/green/green525.jpg,2,glass,green,5
glass/green/green237.jpg,2,glass,green,3
glass/green/green446.jpg,2,glass,green,3
glass/green/green484.jpg,2,glass,green,4
glass/green/green393.jpg,2,glass,green,5
glass/green/green593.jpg,2,glass,green,5
glass/green/green4.jpg,2,glass,green,5
glass/green/green576.jpg,2,glass,green,3
glass/green/green624.jpg,2,glass,green,3
glass/green/green180.jpg,2,glass,green,3
glass/green/green40.jpg,2,glass,green,3
glass/green/green117.jpg,2,glass,green,4
glass/green/green285.jpg,2,glass,green,4
glass/green/green449.jpg,2,glass,green,2
glass/green/green594.jpg,2,glass,green,5
glass/green/green65.jpg,2,glass,green,3
glass/green/green422.jpg,2,glass,green,5
glass/green/green139.jpg,2,glass,green,5
glass/green/green315.jpg,2,glass,green,4
glass/green/green222.jpg,2,glass,green,2
glass/green/green459.jpg,2,glass,green,3
glass/green/green518.jpg,2,glass,green,4
glass/green/green122.jpg,2,glass,green,3
glass/green/green94.jpg,2,glass,green,2
glass/green/green105.jpg,2,glass,green,3
glass/green/green506.jpg,2,glass,green,2
glass/green/green577.jpg,2,glass,green,2
glass/green/green282.jpg,2,glass,green,5
glass/green/green121.jpg,2,glass,green,4
glass/green/green536.jpg,2,glass,green,5
glass/green/green574.jpg,2,glass,green,4
glass/green/green395.jpg,2,glass,green,4
glass/green/green471.jpg,2,glass,green,2
glass/green/green127.jpg,2,glass,green,3
glass/green/green370.jpg,2,glass,green,5
glass/green/green266.jpg,2,glass,green,4
glass/green/green383.jpg,2,glass,green,4
glass/green/green167.jpg,2,glass,green,2
glass/green/green563.jpg,2,glass,green,3
glass/green/green125.jpg,2,glass,green,4
glass/green/green3.jpg,2,glass,green,4
glass/green/green145.jpg,2,glass,green,3
glass/green/green16.jpg,2,glass,green,2
glass/green/green138.jpg,2,glass,green,5
glass/green/green97.jpg,2,glass,green,4
glass/green/green452.jpg,2,glass,green,3
glass/green/green324.jpg,2,glass,green,3
glass/green/green622.jpg,2,glass,green,4
glass/green/green181.jpg,2,glass,green,5
glass/green/green244.jpg,2,glass,green,3
glass/green/green447.jpg,2,glass,green,5
glass/green/green224.jpg,2,glass,green,5
glass/green/green231.jpg,2,glass,green,2
glass/green/green141.jpg,2,glass,green,2
glass/green/green540.jpg,2,glass,green,3
glass/green/green350.jpg,2,glass,green,2
glass/green/green493.jpg,2,glass,green,3
glass/green/green403.jpg,2,glass,green,4
glass/green/green589.jpg,2,glass,green,3
glass/green/green572.jpg,2,glass,green,4
glass/green/green251.jpg,2,glass,green,5
glass/green/green562.jpg,2,glass,green,3
glass/green/green354.jpg,2,glass,green,2
glass/green/green472.jpg,2,glass,green,3
glass/green/green26.jpg,2,glass,green,3
glass/green/green62.jpg,2,glass,green,2
glass/green/green560.jpg,2,glass,green,2
glass/green/green70.jpg,2,glass,green,3
glass/green/green46.jpg,2,glass,green,3
glass/green/green615.jpg,2,glass,green,3
glass/green/green386.jpg,2,glass,green,4
glass/green/green372.jpg,2,glass,green,2
glass/green/green501.jpg,2,glass,green,3
glass/green/green77.jpg,2,glass,green,3
glass/green/green301.jpg,2,glass,green,5
glass/green/green67.jpg,2,glass,green,5
glass/green/green171.jpg,2,glass,green,4
glass/green/green415.jpg,2,glass,green,3
glass/green/green436.jpg,2,glass,green,5
glass/green/green366.jpg,2,glass,green,2
glass/green/green387.jpg,2,glass,green,3
glass/green/green399.jpg,2,glass,green,5
glass/green/green34.jpg,2,glass,green,4
glass/green/green159.jpg,2,glass,green,2
glass/green/green260.jpg,2,glass,green,2
glass/green/green511.jpg,2,glass,green,3
glass/green/green190.jpg,2,glass,green,3
glass/green/green213.jpg,2,glass,green,2
glass/green/green211.jpg,2,glass,green,5
glass/green/green163.jpg,2,glass,green,4
glass/green/green230.jpg,2,glass,green,4
glass/green/green367.jpg,2,glass,green,3
glass/green/green289.jpg,2,glass,green,3
glass/green/green569.jpg,2,glass,green,5
glass/green/green263.jpg,2,glass,green,5
glass/green/green304.jpg,2,glass,green,4
glass/green/green61.jpg,2,glass,green,2
glass/green/green371.jpg,2,glass,green,3
glass/green/green473.jpg,2,glass,green,4
glass/green/green73.jpg,2,glass,green,2
glass/green/green88.jpg,2,glass,green,3
glass/green/green154.jpg,2,glass,green,2
glass/green/green29.jpg,2,glass,green,5
glass/green/green175.jpg,2,glass,green,4
glass/green/green193.jpg,2,glass,green,2
glass/green/green298.jpg,2,glass,green,4
glass/green/green69.jpg,2,glass,green,2
glass/green/green494.jpg,2,glass,green,3
glass/green/green411.jpg,2,glass,green,5
glass/green/green32.jpg,2,glass,green,5
glass/green/green391.jpg,2,glass,green,5
glass/green/green585.jpg,2,glass,green,3
glass/green/green583.jpg,2,glass,green,4
glass/green/green481.jpg,2,glass,green,2
glass/green/green554.jpg,2,glass,green,4
glass/green/green201.jpg,2,glass,green,2
glass/green/green48.jpg,2,glass,green,5
glass/green/green19.jpg,2,glass,green,3
glass/green/green610.jpg,2,glass,green,3
glass/green/green510.jpg,2,glass,green,2
glass/green/green421.jpg,2,glass,green,4
glass/green/green424.jpg,2,glass,green,3
glass/green/green546.jpg,2,glass,green,4
glass/green/green333.jpg,2,glass,green,4
glass/green/green203.jpg,2,glass,green,3
glass/green/green268.jpg,2,glass,green,5
glass/green/green604.jpg,2,glass,green,5
glass/green/green522.jpg,2,glass,green,4
glass/green/green174.jpg,2,glass,green,4
glass/green/green404.jpg,2,glass,green,5
glass/green/green252.jpg,2,glass,green,3
glass/green/green302.jpg,2,glass,green,3
glass/green/green555.jpg,2,glass,green,4
glass/green/green362.jpg,2,glass,green,5
glass/green/green394.jpg,2,glass,green,3
glass/green/green290.jpg,2,glass,green,5
glass/green/green129.jpg,2,glass,green,3
glass/green/green625.jpg,2,glass,green,4
glass/green/green146.jpg,2,glass,green,2
glass/green/green227.jpg,2,glass,green,4
glass/green/green552.jpg,2,glass,green,4
glass/green/green189.jpg,2,glass,green,3
glass/green/green488.jpg,2,glass,green,2
glass/green/green519.jpg,2,glass,green,5
glass/green/green429.jpg,2,glass,green,5
glass/green/green444.jpg,2,glass,green,3
glass/green/green413.jpg,2,glass,green,5
glass/green/green221.jpg,2,glass,green,2
glass/green/green457.jpg,2,glass,green,4
glass/green/green379.jpg,2,glass,green,3
glass/green/green497.jpg,2,glass,green,5
glass/green/green42.jpg,2,glass,green,4
glass/green/green456.jpg,2,glass,green,2
glass/green/green198.jpg,2,glass,green,5
glass/green/green156.jpg,2,glass,green,2
glass/green/green113.jpg,2,glass,green,2
glass/green/green433.jpg,2,glass,green,3
glass/green/green605.jpg,2,glass,green,3
glass/green/green107.jpg,2,glass,green,2
glass/green/green402.jpg,2,glass,green,4
glass/green/green85.jpg,2,glass,green,2
glass/green/green205.jpg,2,glass,green,3
glass/green/green358.jpg,2,glass,green,2
glass/green/green437.jpg,2,glass,green,2
glass/green/green143.jpg,2,glass,green,2
glass/green/green407.jpg,2,glass,green,3
glass/green/green347.jpg,2,glass,green,5
glass/green/green483.jpg,2,glass,green,2
glass/green/green450.jpg,2,glass,green,2
glass/green/green75.jpg,2,glass,green,4
glass/green/green278.jpg,2,glass,green,2
glass/green/green460.jpg,2,glass,green,3
glass/green/green508.jpg,2,glass,green,5
glass/green/green271.jpg,2,glass,green,5
glass/green/green600.jpg,2,glass,green,5
glass/green/green192.jpg,2,glass,green,4
glass/green/green464.jpg,2,glass,green,4
glass/green/green541.jpg,2,glass,green,3
glass/green/green103.jpg,2,glass,green,4
glass/green/green248.jpg,2,glass,green,4
glass/green/green329.jpg,2,glass,green,4
glass/green/green418.jpg,2,glass,green,5
glass/green/green291.jpg,2,glass,green,2
glass/green/green288.jpg,2,glass,green,3
glass/green/green274.jpg,2,glass,green,3
glass/green/green212.jpg,2,glass,green,5
glass/green/green378.jpg,2,glass,green,3
glass/green/green169.jpg,2,glass,green,3
glass/green/green353.jpg,2,glass,green,4
glass/green/green619.jpg,2,glass,green,2
glass/green/green91.jpg,2,glass,green,3
glass/green/green256.jpg,2,glass,green,3
glass/green/green272.jpg,2,glass,green,4
glass/green/green482.jpg,2,glass,green,4
glass/green/green485.jpg,2,glass,green,5
glass/green/green524.jpg,2,glass,green,4
glass/green/green601.jpg,2,glass,green,5
glass/green/green276.jpg,2,glass,green,2
glass/green/green477.jpg,2,glass,green,2
glass/green/green255.jpg,2,glass,green,4
glass/green/green208.jpg,2,glass,green,4
glass/green/green420.jpg,2,glass,green,2
glass/green/green209.jpg,2,glass,green,2
glass/green/green427.jpg,2,glass,green,4
glass/green/green614.jpg,2,glass,green,2
glass/green/green265.jpg,2,glass,green,2
glass/green/green80.jpg,2,glass,green,2
glass/green/green194.jpg,2,glass,green,2
glass/green/green369.jpg,2,glass,green,5
glass/green/green185.jpg,2,glass,green,2
glass/green/green186.jpg,2,glass,green,5
glass/green/green303.jpg,2,glass,green,4
glass/green/green101.jpg,2,glass,green,2
glass/green/green440.jpg,2,glass,green,4
glass/green/green598.jpg,2,glass,green,2
glass/green/green426.jpg,2,glass,green,5
glass/green/green45.jpg,2,glass,green,2
glass/green/green458.jpg,2,glass,green,2
glass/green/green155.jpg,2,glass,green,5
glass/green/green250.jpg,2,glass,green,2
glass/green/green151.jpg,2,glass,green,4
glass/green/green277.jpg,2,glass,green,4
glass/green/green76.jpg,2,glass,green,4
glass/green/green31.jpg,2,glass,green,3
glass/green/green504.jpg,2,glass,green,3
glass/green/green478.jpg,2,glass,green,4
glass/green/green305.jpg,2,glass,green,5
glass/green/green618.jpg,2,glass,green,2
glass/green/green311.jpg,2,glass,green,5
glass/green/green570.jpg,2,glass,green,2
glass/green/green611.jpg,2,glass,green,4
glass/green/green521.jpg,2,glass,green,2
glass/green/green261.jpg,2,glass,green,5
glass/green/green51.jpg,2,glass,green,4
glass/green/green412.jpg,2,glass,green,3
glass/green/green342.jpg,2,glass,green,5
glass/green/green23.jpg,2,glass,green,5
glass/green/green182.jpg,2,glass,green,4
glass/green/green71.jpg,2,glass,green,5
glass/green/green575.jpg,2,glass,green,4
glass/green/green270.jpg,2,glass,green,5
glass/green/green308.jpg,2,glass,green,2
glass/green/green206.jpg,2,glass,green,4
glass/green/green491.jpg,2,glass,green,5
glass/green/green623.jpg,2,glass,green,5
glass/green/green512.jpg,2,glass,green,5
glass/green/green150.jpg,2,glass,green,3
glass/green/green390.jpg,2,glass,green,4
glass/green/green564.jpg,2,glass,green,2
glass/green/green384.jpg,2,glass,green,2
glass/green/green578.jpg,2,glass,green,4
glass/green/green165.jpg,2,glass,green,5
glass/green/green597.jpg,2,glass,green,3
glass/green/green385.jpg,2,glass,green,5
glass/green/green253.jpg,2,glass,green,5
glass/green/green325.jpg,2,glass,green,5
glass/green/green505.jpg,2,glass,green,2
glass/green/green131.jpg,2,glass,green,4
glass/green/green516.jpg,2,glass,green,5
glass/green/green336.jpg,2,glass,green,2
glass/green/green332.jpg,2,glass,green,4
glass/green/green223.jpg,2,glass,green,4
glass/green/green590.jpg,2,glass,green,5
glass/green/green28.jpg,2,glass,green,2
glass/green/green357.jpg,2,glass,green,3
glass/green/green82.jpg,2,glass,green,2
glass/green/green153.jpg,2,glass,green,3
glass/green/green10.jpg,2,glass,green,3
glass/green/green539.jpg,2,glass,green,4
glass/green/green627.jpg,2,glass,green,4
glass/green/green320.jpg,2,glass,green,3
metal/metal496.jpg,3,metal,metal,5
metal/metal436.jpg,3,metal,metal,4
metal/metal350.jpg,3,metal,metal,4
metal/metal615.jpg,3,metal,metal,4
metal/metal503.jpg,3,metal,metal,5
metal/metal287.jpg,3,metal,metal,4
metal/metal569.jpg,3,metal,metal,3
metal/metal406.jpg,3,metal,metal,2
metal/metal174.jpg,3,metal,metal,3
metal/metal340.jpg,3,metal,metal,4
metal/metal216.jpg,3,metal,metal,5
metal/metal372.jpg,3,metal,metal,3
metal/metal564.jpg,3,metal,metal,4
metal/metal233.jpg,3,metal,metal,5
metal/metal331.jpg,3,metal,metal,3
metal/metal78.jpg,3,metal,metal,3
metal/metal525.jpg,3,metal,metal,2
metal/metal532.jpg,3,metal,metal,4
metal/metal237.jpg,3,metal,metal,3
metal/metal303.jpg,3,metal,metal,2
metal/metal498.jpg,3,metal,metal,2
metal/metal576.jpg,3,metal,metal,5
metal/metal510.jpg,3,metal,metal,5
metal/metal171.jpg,3,metal,metal,2
metal/metal81.jpg,3,metal,metal,2
metal/metal41.jpg,3,metal,metal,4
metal/metal473.jpg,3,metal,metal,2
metal/metal596.jpg,3,metal,metal,4
metal/metal715.jpg,3,metal,metal,3
metal/metal299.jpg,3,metal,metal,3
metal/metal593.jpg,3,metal,metal,5
metal/metal153.jpg,3,metal,metal,4
metal/metal643.jpg,3,metal,metal,2
metal/metal330.jpg,3,metal,metal,5
metal/metal27.jpg,3,metal,metal,3
metal/metal625.jpg,3,metal,metal,5
metal/metal111.jpg,3,metal,metal,4
metal/metal200.jpg,3,metal,metal,4
metal/metal29.jpg,3,metal,metal,5
metal/metal523.jpg,3,metal,metal,5
metal/metal1.jpg,3,metal,metal,4
metal/metal444.jpg,3,metal,metal,2
metal/metal491.jpg,3,metal,metal,5
metal/metal164.jpg,3,metal,metal,5
metal/metal271.jpg,3,metal,metal,4
metal/metal158.jpg,3,metal,metal,5
metal/metal541.jpg,3,metal,metal,4
metal/metal676.jpg,3,metal,metal,5
metal/metal660.jpg,3,metal,metal,4
metal/metal52.jpg,3,metal,metal,3
metal/metal301.jpg,3,metal,metal,5
metal/metal389.jpg,3,metal,metal,2
metal/metal316.jpg,3,metal,metal,5
metal/metal167.jpg,3,metal,metal,5
metal/metal698.jpg,3,metal,metal,3
metal/metal684.jpg,3,metal,metal,3
metal/metal520.jpg,3,metal,metal,5
metal/metal108.jpg,3,metal,metal,2
metal/metal492.jpg,3,metal,metal,3
metal/metal232.jpg,3,metal,metal,2
metal/metal155.jpg,3,metal,metal,5
metal/metal248.jpg,3,metal,metal,2
metal/metal554.jpg,3,metal,metal,2
metal/metal620.jpg,3,metal,metal,5
metal/metal583.jpg,3,metal,metal,2
metal/metal212.jpg,3,metal,metal,3
metal/metal32.jpg,3,metal,metal,5
metal/metal674.jpg,3,metal,metal,4
metal/metal335.jpg,3,metal,metal,3
metal/metal325.jpg,3,metal,metal,3
metal/metal295.jpg,3,metal,metal,5
metal/metal179.jpg,3,metal,metal,4
metal/metal21.jpg,3,metal,metal,2
metal/metal377.jpg,3,metal,metal,3
metal/metal309.jpg,3,metal,metal,2
metal/metal656.jpg,3,metal,metal,2
metal/metal345.jpg,3,metal,metal,5
metal/metal462.jpg,3,metal,metal,2
metal/metal421.jpg,3,metal,metal,4
metal/metal270.jpg,3,metal,metal,3
metal/metal700.jpg,3,metal,metal,3
metal/metal48.jpg,3,metal,metal,4
metal/metal419.jpg,3,metal,metal,4
metal/metal97.jpg,3,metal,metal,2
metal/metal355.jpg,3,metal,metal,5
metal/metal751.jpg,3,metal,metal,2
metal/metal553.jpg,3,metal,metal,4
metal/metal549.jpg,3,metal,metal,2
metal/metal469.jpg,3,metal,metal,4
metal/metal176.jpg,3,metal,metal,5
metal/metal482.jpg,3,metal,metal,2
metal/metal327.jpg,3,metal,metal,4
metal/metal15.jpg,3,metal,metal,4
metal/metal194.jpg,3,metal,metal,5
metal/metal648.jpg,3,metal,metal,2
metal/metal133.jpg,3,metal,metal,3
metal/metal6.jpg,3,metal,metal,4
metal/metal17.jpg,3,metal,metal,2
metal/metal130.jpg,3,metal,metal,4
metal/metal247.jpg,3,metal,metal,4
metal/metal493.jpg,3,metal,metal,4
metal/metal103.jpg,3,metal,metal,5
metal/metal768.jpg,3,metal,metal,4
metal/metal731.jpg,3,metal,metal,2
metal/metal252.jpg,3,metal,metal,5
metal/metal257.jpg,3,metal,metal,3
metal/metal635.jpg,3,metal,metal,2
metal/metal754.jpg,3,metal,metal,2
metal/metal577.jpg,3,metal,metal,5
metal/metal255.jpg,3,metal,metal,2
metal/metal446.jpg,3,metal,metal,2
metal/metal524.jpg,3,metal,metal,3
metal/metal546.jpg,3,metal,metal,4
metal/metal562.jpg,3,metal,metal,5
metal/metal125.jpg,3,metal,metal,4
metal/metal383.jpg,3,metal,metal,4
metal/metal433.jpg,3,metal,metal,5
metal/metal544.jpg,3,metal,metal,3
metal/metal190.jpg,3,metal,metal,2
metal/metal83.jpg,3,metal,metal,2
metal/metal260.jpg,3,metal,metal,4
metal/metal54.jpg,3,metal,metal,4
metal/metal641.jpg,3,metal,metal,4
metal/metal568.jpg,3,metal,metal,3
metal/metal163.jpg,3,metal,metal,5
metal/metal75.jpg,3,metal,metal,4
metal/metal374.jpg,3,metal,metal,5
metal/metal126.jpg,3,metal,metal,4
metal/metal314.jpg,3,metal,metal,3
metal/metal14.jpg,3,metal,metal,3
metal/metal663.jpg,3,metal,metal,5
metal/metal79.jpg,3,metal,metal,3
metal/metal244.jpg,3,metal,metal,4
metal/metal204.jpg,3,metal,metal,3
metal/metal228.jpg,3,metal,metal,2
metal/metal68.jpg,3,metal,metal,2
metal/metal686.jpg,3,metal,metal,2
metal/metal661.jpg,3,metal,metal,3
metal/metal611.jpg,3,metal,metal,5
metal/metal746.jpg,3,metal,metal,5
metal/metal426.jpg,3,metal,metal,2
metal/metal701.jpg,3,metal,metal,5
metal/metal617.jpg,3,metal,metal,5
metal/metal688.jpg,3,metal,metal,3
metal/metal16.jpg,3,metal,metal,3
metal/metal306.jpg,3,metal,metal,2
metal/metal748.jpg,3,metal,metal,4
metal/metal156.jpg,3,metal,metal,3
metal/metal692.jpg,3,metal,metal,5
metal/metal443.jpg,3,metal,metal,4
metal/metal702.jpg,3,metal,metal,3
metal/metal445.jpg,3,metal,metal,3
metal/metal365.jpg,3,metal,metal,2
metal/metal80.jpg,3,metal,metal,5
metal/metal398.jpg,3,metal,metal,5
metal/metal290.jpg,3,metal,metal,5
metal/metal556.jpg,3,metal,metal,4
metal/metal110.jpg,3,metal,metal,5
metal/metal45.jpg,3,metal,metal,4
metal/metal679.jpg,3,metal,metal,2
metal/metal220.jpg,3,metal,metal,5
metal/metal627.jpg,3,metal,metal,3
metal/metal401.jpg,3,metal,metal,3
metal/metal522.jpg,3,metal,metal,5
metal/metal441.jpg,3,metal,metal,2
metal/metal647.jpg,3,metal,metal,4
metal/metal670.jpg,3,metal,metal,3
metal/metal284.jpg,3,metal,metal,4
metal/metal681.jpg,3,metal,metal,2
metal/metal152.jpg,3,metal,metal,4
metal/metal535.jpg,3,metal,metal,3
metal/metal59.jpg,3,metal,metal,2
metal/metal756.jpg,3,metal,metal,2
metal/metal707.jpg,3,metal,metal,3
metal/metal313.jpg,3,metal,metal,3
metal/metal471.jpg,3,metal,metal,2
metal/metal364.jpg,3,metal,metal,5
metal/metal709.jpg,3,metal,metal,2
metal/metal281.jpg,3,metal,metal,3
metal/metal673.jpg,3,metal,metal,2
metal/metal189.jpg,3,metal,metal,4
metal/metal96.jpg,3,metal,metal,5
metal/metal20.jpg,3,metal,metal,2
metal/metal273.jpg,3,metal,metal,2
metal/metal107.jpg,3,metal,metal,4
metal/metal460.jpg,3,metal,metal,5
metal/metal23.jpg,3,metal,metal,3
metal/metal338.jpg,3,metal,metal,3
metal/metal575.jpg,3,metal,metal,3
metal/metal357.jpg,3,metal,metal,2
metal/metal683.jpg,3,metal,metal,4
metal/metal356.jpg,3,metal,metal,2
metal/metal598.jpg,3,metal,metal,3
metal/metal753.jpg,3,metal,metal,3
metal/metal181.jpg,3,metal,metal,3
metal/metal129.jpg,3,metal,metal,2
metal/metal95.jpg,3,metal,metal,4
metal/metal231.jpg,3,metal,metal,5
metal/metal595.jpg,3,metal,metal,3
metal/metal283.jpg,3,metal,metal,2
metal/metal732.jpg,3,metal,metal,5
metal/metal352.jpg,3,metal,metal,2
metal/metal474.jpg,3,metal,metal,2
metal/metal30.jpg,3,metal,metal,3
metal/metal410.jpg,3,metal,metal,3
metal/metal195.jpg,3,metal,metal,3
metal/metal307.jpg,3,metal,metal,3
metal/metal416.jpg,3,metal,metal,2
metal/metal322.jpg,3,metal,metal,3
metal/metal601.jpg,3,metal,metal,4
metal/metal506.jpg,3,metal,metal,2
metal/metal192.jpg,3,metal,metal,4
metal/metal43.jpg,3,metal,metal,2
metal/metal765.jpg,3,metal,metal,5
metal/metal497.jpg,3,metal,metal,5
metal/metal332.jpg,3,metal,metal,5
metal/metal680.jpg,3,metal,metal,3
metal/metal589.jpg,3,metal,metal,3
metal/metal117.jpg,3,metal,metal,3
metal/metal418.jpg,3,metal,metal,3
metal/metal695.jpg,3,metal,metal,2
metal/metal371.jpg,3,metal,metal,2
metal/metal203.jpg,3,metal,metal,2
metal/metal205.jpg,3,metal,metal,5
metal/metal114.jpg,3,metal,metal,3
metal/metal63.jpg,3,metal,metal,4
metal/metal28.jpg,3,metal,metal,4
metal/metal528.jpg,3,metal,metal,4
metal/metal514.jpg,3,metal,metal,3
metal/metal654.jpg,3,metal,metal,2
metal/metal693.jpg,3,metal,metal,3
metal/metal250.jpg,3,metal,metal,5
metal/metal669.jpg,3,metal,metal,4
metal/metal721.jpg,3,metal,metal,3
metal/metal269.jpg,3,metal,metal,2
metal/metal308.jpg,3,metal,metal,5
metal/metal196.jpg,3,metal,metal,5
metal/metal312.jpg,3,metal,metal,4
metal/metal667.jpg,3,metal,metal,5
metal/metal451.jpg,3,metal,metal,3
metal/metal121.jpg,3,metal,metal,5
metal/metal448.jpg,3,metal,metal,2
metal/metal488.jpg,3,metal,metal,2
metal/metal720.jpg,3,metal,metal,3
metal/metal286.jpg,3,metal,metal,4
metal/metal752.jpg,3,metal,metal,4
metal/metal738.jpg,3,metal,metal,3
metal/metal173.jpg,3,metal,metal,3
metal/metal262.jpg,3,metal,metal,5
metal/metal442.jpg,3,metal,metal,3
metal/metal388.jpg,3,metal,metal,3
metal/metal19.jpg,3,metal,metal,4
metal/metal268.jpg,3,metal,metal,2
metal/metal563.jpg,3,metal,metal,5
metal/metal44.jpg,3,metal,metal,5
metal/metal326.jpg,3,metal,metal,3
metal/metal240.jpg,3,metal,metal,3
metal/metal637.jpg,3,metal,metal,2
metal/metal122.jpg,3,metal,metal,2
metal/metal379.jpg,3,metal,metal,4
metal/metal642.jpg,3,metal,metal,3
metal/metal543.jpg,3,metal,metal,4
metal/metal518.jpg,3,metal,metal,3
metal/metal246.jpg,3,metal,metal,4
metal/metal429.jpg,3,metal,metal,2
metal/metal527.jpg,3,metal,metal,4
metal/metal633.jpg,3,metal,metal,5
metal/metal687.jpg,3,metal,metal,2
metal/metal387.jpg,3,metal,metal,3
metal/metal193.jpg,3,metal,metal,2
metal/metal10.jpg,3,metal,metal,5
metal/metal515.jpg,3,metal,metal,3
metal/metal224.jpg,3,metal,metal,5
metal/metal452.jpg,3,metal,metal,2
metal/metal450.jpg,3,metal,metal,3
metal/metal599.jpg,3,metal,metal,5
metal/metal655.jpg,3,metal,metal,3
metal/metal507.jpg,3,metal,metal,2
metal/metal671.jpg,3,metal,metal,5
metal/metal160.jpg,3,metal,metal,5
metal/metal162.jpg,3,metal,metal,2
metal/metal56.jpg,3,metal,metal,5
metal/metal622.jpg,3,metal,metal,5
metal/metal363.jpg,3,metal,metal,4
metal/metal113.jpg,3,metal,metal,2
metal/metal594.jpg,3,metal,metal,2
metal/metal86.jpg,3,metal,metal,5
metal/metal166.jpg,3,metal,metal,4
metal/metal565.jpg,3,metal,metal,3
metal/metal236.jpg,3,metal,metal,2
metal/metal263.jpg,3,metal,metal,3
metal/metal384.jpg,3,metal,metal,5
metal/metal351.jpg,3,metal,metal,4
metal/metal147.jpg,3,metal,metal,2
metal/metal678.jpg,3,metal,metal,4
metal/metal296.jpg,3,metal,metal,5
metal/metal758.jpg,3,metal,metal,4
metal/metal343.jpg,3,metal,metal,4
metal/metal735.jpg,3,metal,metal,4
metal/metal3.jpg,3,metal,metal,4
metal/metal58.jpg,3,metal,metal,5
metal/metal725.jpg,3,metal,metal,4
metal/metal742.jpg,3,metal,metal,2
metal/metal266.jpg,3,metal,metal,5
metal/metal380.jpg,3,metal,metal,3
metal/metal605.jpg,3,metal,metal,3
metal/metal552.jpg,3,metal,metal,5
metal/metal411.jpg,3,metal,metal,4
metal/metal381.jpg,3,metal,metal,2
metal/metal100.jpg,3,metal,metal,5
metal/metal118.jpg,3,metal,metal,3
metal/metal211.jpg,3,metal,metal,5
metal/metal582.jpg,3,metal,metal,2
metal/metal533.jpg,3,metal,metal,3
metal/metal136.jpg,3,metal,metal,5
metal/metal653.jpg,3,metal,metal,5
metal/metal102.jpg,3,metal,metal,2
metal/metal723.jpg,3,metal,metal,3
metal/metal536.jpg,3,metal,metal,5
metal/metal551.jpg,3,metal,metal,5
metal/metal38.jpg,3,metal,metal,2
metal/metal623.jpg,3,metal,metal,3
metal/metal304.jpg,3,metal,metal,4
metal/metal183.jpg,3,metal,metal,2
metal/metal339.jpg,3,metal,metal,4
metal/metal478.jpg,3,metal,metal,3
metal/metal84.jpg,3,metal,metal,5
metal/metal217.jpg,3,metal,metal,3
metal/metal245.jpg,3,metal,metal,5
metal/metal249.jpg,3,metal,metal,4
metal/metal50.jpg,3,metal,metal,5
metal/metal251.jpg,3,metal,metal,4
metal/metal511.jpg,3,metal,metal,3
metal/metal272.jpg,3,metal,metal,2
metal/metal424.jpg,3,metal,metal,3
metal/metal472.jpg,3,metal,metal,4
metal/metal464.jpg,3,metal,metal,2
metal/metal454.jpg,3,metal,metal,2
metal/metal256.jpg,3,metal,metal,5
metal/metal590.jpg,3,metal,metal,3
metal/metal319.jpg,3,metal,metal,3
metal/metal219.jpg,3,metal,metal,5
metal/metal274.jpg,3,metal,metal,5
metal/metal761.jpg,3,metal,metal,2
metal/metal4.jpg,3,metal,metal,3
metal/metal689.jpg,3,metal,metal,4
metal/metal500.jpg,3,metal,metal,5
metal/metal223.jpg,3,metal,metal,4
metal/metal649.jpg,3,metal,metal,3
metal/metal127.jpg,3,metal,metal,5
metal/metal362.jpg,3,metal,metal,4
metal/metal413.jpg,3,metal,metal,4
metal/metal393.jpg,3,metal,metal,3
metal/metal513.jpg,3,metal,metal,5
metal/metal504.jpg,3,metal,metal,5
metal/metal461.jpg,3,metal,metal,4
metal/metal293.jpg,3,metal,metal,2
metal/metal566.jpg,3,metal,metal,3
metal/metal414.jpg,3,metal,metal,3
metal/metal737.jpg,3,metal,metal,2
metal/metal521.jpg,3,metal,metal,5
metal/metal69.jpg,3,metal,metal,2
metal/metal645.jpg,3,metal,metal,2
metal/metal89.jpg,3,metal,metal,4
metal/metal186.jpg,3,metal,metal,4
metal/metal459.jpg,3,metal,metal,4
metal/metal646.jpg,3,metal,metal,5
metal/metal716.jpg,3,metal,metal,4
metal/metal550.jpg,3,metal,metal,3
metal/metal13.jpg,3,metal,metal,2
metal/metal300.jpg,3,metal,metal,2
metal/metal711.jpg,3,metal,metal,5
metal/metal366.jpg,3,metal,metal,5
metal/metal403.jpg,3,metal,metal,2
metal/metal714.jpg,3,metal,metal,3
metal/metal168.jpg,3,metal,metal,4
metal/metal26.jpg,3,metal,metal,2
metal/metal386.jpg,3,metal,metal,3
metal/metal178.jpg,3,metal,metal,4
metal/metal639.jpg,3,metal,metal,3
metal/metal750.jpg,3,metal,metal,2
metal/metal585.jpg,3,metal,metal,5
metal/metal734.jpg,3,metal,metal,4
metal/metal600.jpg,3,metal,metal,4
metal/metal116.jpg,3,metal,metal,4
metal/metal229.jpg,3,metal,metal,4
metal/metal289.jpg,3,metal,metal,2
metal/metal222.jpg,3,metal,metal,3
metal/metal149.jpg,3,metal,metal,5
metal/metal745.jpg,3,metal,metal,4
metal/metal400.jpg,3,metal,metal,2
metal/metal727.jpg,3,metal,metal,4
metal/metal349.jpg,3,metal,metal,2
metal/metal74.jpg,3,metal,metal,2
metal/metal484.jpg,3,metal,metal,5
metal/metal138.jpg,3,metal,metal,3
metal/metal315.jpg,3,metal,metal,4
metal/metal619.jpg,3,metal,metal,3
metal/metal526.jpg,3,metal,metal,4
metal/metal347.jpg,3,metal,metal,2
metal/metal112.jpg,3,metal,metal,3
metal/metal597.jpg,3,metal,metal,3
metal/metal407.jpg,3,metal,metal,5
metal/metal305.jpg,3,metal,metal,5
metal/metal198.jpg,3,metal,metal,4
metal/metal704.jpg,3,metal,metal,4
metal/metal743.jpg,3,metal,metal,2
metal/metal42.jpg,3,metal,metal,5
metal/metal516.jpg,3,metal,metal,2
metal/metal538.jpg,3,metal,metal,5
metal/metal101.jpg,3,metal,metal,3
metal/metal210.jpg,3,metal,metal,5
metal/metal696.jpg,3,metal,metal,5
metal/metal323.jpg,3,metal,metal,3
metal/metal267.jpg,3,metal,metal,3
metal/metal369.jpg,3,metal,metal,3
metal/metal422.jpg,3,metal,metal,4
metal/metal109.jpg,3,metal,metal,2
metal/metal487.jpg,3,metal,metal,3
metal/metal227.jpg,3,metal,metal,5
metal/metal630.jpg,3,metal,metal,4
metal/metal206.jpg,3,metal,metal,5
metal/metal494.jpg,3,metal,metal,4
metal/metal636.jpg,3,metal,metal,2
metal/metal11.jpg,3,metal,metal,4
metal/metal545.jpg,3,metal,metal,3
metal/metal432.jpg,3,metal,metal,4
metal/metal666.jpg,3,metal,metal,3
metal/metal169.jpg,3,metal,metal,4
metal/metal2.jpg,3,metal,metal,3
metal/metal123.jpg,3,metal,metal,3
metal/metal140.jpg,3,metal,metal,2
metal/metal581.jpg,3,metal,metal,5
metal/metal238.jpg,3,metal,metal,3
metal/metal353.jpg,3,metal,metal,4
metal/metal333.jpg,3,metal,metal,4
metal/metal188.jpg,3,metal,metal,2
metal/metal481.jpg,3,metal,metal,4
metal/metal466.jpg,3,metal,metal,3
metal/metal626.jpg,3,metal,metal,3
metal/metal749.jpg,3,metal,metal,5
metal/metal31.jpg,3,metal,metal,2
metal/metal530.jpg,3,metal,metal,3
metal/metal682.jpg,3,metal,metal,4
metal/metal559.jpg,3,metal,metal,5
metal/metal438.jpg,3,metal,metal,2
metal/metal202.jpg,3,metal,metal,2
metal/metal736.jpg,3,metal,metal,5
metal/metal547.jpg,3,metal,metal,3
metal/metal360.jpg,3,metal,metal,4
metal/metal337.jpg,3,metal,metal,5
metal/metal757.jpg,3,metal,metal,2
metal/metal572.jpg,3,metal,metal,2
metal/metal578.jpg,3,metal,metal,4
metal/metal396.jpg,3,metal,metal,2
metal/metal483.jpg,3,metal,metal,3
metal/metal120.jpg,3,metal,metal,5
metal/metal119.jpg,3,metal,metal,2
metal/metal278.jpg,3,metal,metal,2
metal/metal39.jpg,3,metal,metal,4
metal/metal37.jpg,3,metal,metal,4
metal/metal769.jpg,3,metal,metal,4
metal/metal258.jpg,3,metal,metal,3
metal/metal46.jpg,3,metal,metal,4
metal/metal8.jpg,3,metal,metal,2
metal/metal280.jpg,3,metal,metal,2
metal/metal425.jpg,3,metal,metal,4
metal/metal729.jpg,3,metal,metal,5
metal/metal34.jpg,3,metal,metal,2
metal/metal540.jpg,3,metal,metal,4
metal/metal24.jpg,3,metal,metal,5
metal/metal311.jpg,3,metal,metal,5
metal/metal70.jpg,3,metal,metal,3
metal/metal209.jpg,3,metal,metal,4
metal/metal555.jpg,3,metal,metal,3
metal/metal187.jpg,3,metal,metal,3
metal/metal508.jpg,3,metal,metal,3
metal/metal234.jpg,3,metal,metal,5
metal/metal61.jpg,3,metal,metal,3
metal/metal728.jpg,3,metal,metal,3
metal/metal57.jpg,3,metal,metal,3
metal/metal225.jpg,3,metal,metal,2
metal/metal94.jpg,3,metal,metal,4
metal/metal77.jpg,3,metal,metal,2
metal/metal208.jpg,3,metal,metal,5
metal/metal672.jpg,3,metal,metal,5
metal/metal739.jpg,3,metal,metal,4
metal/metal529.jpg,3,metal,metal,2
metal/metal603.jpg,3,metal,metal,2
metal/metal150.jpg,3,metal,metal,2
metal/metal650.jpg,3,metal,metal,3
metal/metal664.jpg,3,metal,metal,5
metal/metal348.jpg,3,metal,metal,2
metal/metal93.jpg,3,metal,metal,4
metal/metal571.jpg,3,metal,metal,5
metal/metal453.jpg,3,metal,metal,3
metal/metal480.jpg,3,metal,metal,4
metal/metal128.jpg,3,metal,metal,2
metal/metal197.jpg,3,metal,metal,5
metal/metal370.jpg,3,metal,metal,5
metal/metal40.jpg,3,metal,metal,2
metal/metal699.jpg,3,metal,metal,3
metal/metal329.jpg,3,metal,metal,3
metal/metal25.jpg,3,metal,metal,3
metal/metal434.jpg,3,metal,metal,5
metal/metal72.jpg,3,metal,metal,4
metal/metal124.jpg,3,metal,metal,3
metal/metal404.jpg,3,metal,metal,3
metal/metal367.jpg,3,metal,metal,2
metal/metal588.jpg,3,metal,metal,4
metal/metal170.jpg,3,metal,metal,4
metal/metal537.jpg,3,metal,metal,2
metal/metal310.jpg,3,metal,metal,5
metal/metal740.jpg,3,metal,metal,5
metal/metal610.jpg,3,metal,metal,2
metal/metal218.jpg,3,metal,metal,2
metal/metal435.jpg,3,metal,metal,5
metal/metal458.jpg,3,metal,metal,4
metal/metal417.jpg,3,metal,metal,5
metal/metal143.jpg,3,metal,metal,4
metal/metal91.jpg,3,metal,metal,4
metal/metal592.jpg,3,metal,metal,4
metal/metal501.jpg,3,metal,metal,4
metal/metal320.jpg,3,metal,metal,3
metal/metal465.jpg,3,metal,metal,2
metal/metal385.jpg,3,metal,metal,2
metal/metal317.jpg,3,metal,metal,4
metal/metal134.jpg,3,metal,metal,5
metal/metal657.jpg,3,metal,metal,5
metal/metal449.jpg,3,metal,metal,4
metal/metal399.jpg,3,metal,metal,3
metal/metal652.jpg,3,metal,metal,5
metal/metal254.jpg,3,metal,metal,3
metal/metal519.jpg,3,metal,metal,3
metal/metal277.jpg,3,metal,metal,4
metal/metal766.jpg,3,metal,metal,2
metal/metal607.jpg,3,metal,metal,5
metal/metal105.jpg,3,metal,metal,2
metal/metal402.jpg,3,metal,metal,5
metal/metal763.jpg,3,metal,metal,3
metal/metal685.jpg,3,metal,metal,4
metal/metal87.jpg,3,metal,metal,5
metal/metal502.jpg,3,metal,metal,5
metal/metal341.jpg,3,metal,metal,4
metal/metal602.jpg,3,metal,metal,4
metal/metal358.jpg,3,metal,metal,2
metal/metal36.jpg,3,metal,metal,4
metal/metal567.jpg,3,metal,metal,2
metal/metal512.jpg,3,metal,metal,5
metal/metal242.jpg,3,metal,metal,4
metal/metal764.jpg,3,metal,metal,4
metal/metal82.jpg,3,metal,metal,5
metal/metal180.jpg,3,metal,metal,4
metal/metal18.jpg,3,metal,metal,5
metal/metal288.jpg,3,metal,metal,3
metal/metal33.jpg,3,metal,metal,5
metal/metal253.jpg,3,metal,metal,3
metal/metal427.jpg,3,metal,metal,5
metal/metal154.jpg,3,metal,metal,2
metal/metal499.jpg,3,metal,metal,3
metal/metal430.jpg,3,metal,metal,2
metal/metal137.jpg,3,metal,metal,4
metal/metal651.jpg,3,metal,metal,4
metal/metal733.jpg,3,metal,metal,2
metal/metal9.jpg,3,metal,metal,3
metal/metal558.jpg,3,metal,metal,4
metal/metal609.jpg,3,metal,metal,2
metal/metal144.jpg,3,metal,metal,5
metal/metal586.jpg,3,metal,metal,5
metal/metal361.jpg,3,metal,metal,3
metal/metal710.jpg,3,metal,metal,2
metal/metal621.jpg,3,metal,metal,2
metal/metal584.jpg,3,metal,metal,4
metal/metal165.jpg,3,metal,metal,5
metal/metal713.jpg,3,metal,metal,2
metal/metal447.jpg,3,metal,metal,4
metal/metal391.jpg,3,metal,metal,3
metal/metal226.jpg,3,metal,metal,4
metal/metal612.jpg,3,metal,metal,2
metal/metal106.jpg,3,metal,metal,5
metal/metal580.jpg,3,metal,metal,5
metal/metal215.jpg,3,metal,metal,2
metal/metal104.jpg,3,metal,metal,3
metal/metal408.jpg,3,metal,metal,2
metal/metal618.jpg,3,metal,metal,3
metal/metal456.jpg,3,metal,metal,3
metal/metal139.jpg,3,metal,metal,3
metal/metal415.jpg,3,metal,metal,2
metal/metal509.jpg,3,metal,metal,4
metal/metal608.jpg,3,metal,metal,5
metal/metal705.jpg,3,metal,metal,4
metal/metal490.jpg,3,metal,metal,5
metal/metal485.jpg,3,metal,metal,4
metal/metal159.jpg,3,metal,metal,4
metal/metal241.jpg,3,metal,metal,5
metal/metal359.jpg,3,metal,metal,2
metal/metal294.jpg,3,metal,metal,5
metal/metal199.jpg,3,metal,metal,2
metal/metal534.jpg,3,metal,metal,3
metal/metal47.jpg,3,metal,metal,5
metal/metal505.jpg,3,metal,metal,3
metal/metal719.jpg,3,metal,metal,3
metal/metal755.jpg,3,metal,metal,2
metal/metal718.jpg,3,metal,metal,3
metal/metal161.jpg,3,metal,metal,2
metal/metal191.jpg,3,metal,metal,4
metal/metal665.jpg,3,metal,metal,3
metal/metal675.jpg,3,metal,metal,5
metal/metal264.jpg,3,metal,metal,4
metal/metal412.jpg,3,metal,metal,4
metal/metal172.jpg,3,metal,metal,5
metal/metal606.jpg,3,metal,metal,3
metal/metal382.jpg,3,metal,metal,2
metal/metal741.jpg,3,metal,metal,2
metal/metal282.jpg,3,metal,metal,2
organic/organic258.jpg,4,organic,organic,2
organic/organic290.jpg,4,organic,organic,5
organic/organic230.jpg,4,organic,organic,3
organic/organic531.jpg,4,organic,organic,4
organic/organic590.jpg,4,organic,organic,4
organic/organic776.jpg,4,organic,organic,4
organic/organic260.jpg,4,organic,organic,5
organic/organic343.jpg,4,organic,organic,2
organic/organic310.jpg,4,organic,organic,2
organic/organic612.jpg,4,organic,organic,5
organic/organic38.jpg,4,organic,organic,2
organic/organic659.jpg,4,organic,organic,5
organic/organic762.jpg,4,organic,organic,2
organic/organic887.jpg,4,organic,organic,2
organic/organic359.jpg,4,organic,organic,5
organic/organic508.jpg,4,organic,organic,3
organic/organic570.jpg,4,organic,organic,5
organic/organic667.jpg,4,organic,organic,4
organic/organic974.jpg,4,organic,organic,4
organic/organic231.jpg,4,organic,organic,3
organic/organic291.jpg,4,organic,organic,3
organic/organic500.jpg,4,organic,organic,4
organic/organic140.jpg,4,organic,organic,4
organic/organic413.jpg,4,organic,organic,4
organic/organic357.jpg,4,organic,organic,5
organic/organic201.jpg,4,organic,organic,2
organic/organic465.jpg,4,organic,organic,5
organic/organic789.jpg,4,organic,organic,2
organic/organic229.jpg,4,organic,organic,4
organic/organic171.jpg,4,organic,organic,3
organic/organic246.jpg,4,organic,organic,2
organic/organic107.jpg,4,organic,organic,3
organic/organic686.jpg,4,organic,organic,2
organic/organic481.jpg,4,organic,organic,3
organic/organic972.jpg,4,organic,organic,2
organic/organic770.jpg,4,organic,organic,3
organic/organic571.jpg,4,organic,organic,5
organic/organic407.jpg,4,organic,organic,4
organic/organic630.jpg,4,organic,organic,4
organic/organic677.jpg,4,organic,organic,3
organic/organic170.jpg,4,organic,organic,4
organic/organic248.jpg,4,organic,organic,5
organic/organic103.jpg,4,organic,organic,2
organic/organic697.jpg,4,organic,organic,2
organic/organic921.jpg,4,organic,organic,3
organic/organic259.jpg,4,organic,organic,5
organic/organic491.jpg,4,organic,organic,4
organic/organic400.jpg,4,organic,organic,5
organic/organic452.jpg,4,organic,organic,5
organic/organic462.jpg,4,organic,organic,5
organic/organic623.jpg,4,organic,organic,4
organic/organic744.jpg,4,organic,organic,4
organic/organic672.jpg,4,organic,organic,2
organic/organic795.jpg,4,organic,organic,4
organic/organic845.jpg,4,organic,organic,5
organic/organic162.jpg,4,organic,organic,2
organic/organic478.jpg,4,organic,organic,3
organic/organic957.jpg,4,organic,organic,4
organic/organic304.jpg,4,organic,organic,2
organic/organic378.jpg,4,organic,organic,4
organic/organic772.jpg,4,organic,organic,3
organic/organic824.jpg,4,organic,organic,3
organic/organic386.jpg,4,organic,organic,4
organic/organic796.jpg,4,organic,organic,3
organic/organic63.jpg,4,organic,organic,2
organic/organic572.jpg,4,organic,organic,3
organic/organic351.jpg,4,organic,organic,4
organic/organic83.jpg,4,organic,organic,4
organic/organic541.jpg,4,organic,organic,5
organic/organic266.jpg,4,organic,organic,5
organic/organic389.jpg,4,organic,organic,3
organic/organic695.jpg,4,organic,organic,4
organic/organic221.jpg,4,organic,organic,2
organic/organic477.jpg,4,organic,organic,2
organic/organic850.jpg,4,organic,organic,2
organic/organic414.jpg,4,organic,organic,4
organic/organic191.jpg,4,organic,organic,4
organic/organic441.jpg,4,organic,organic,2
organic/organic172.jpg,4,organic,organic,2
organic/organic127.jpg,4,organic,organic,2
organic/organic653.jpg,4,organic,organic,2
organic/organic59.jpg,4,organic,organic,3
organic/organic261.jpg,4,organic,organic,4
organic/organic920.jpg,4,organic,organic,5
organic/organic907.jpg,4,organic,organic,3
organic/organic949.jpg,4,organic,organic,2
organic/organic509.jpg,4,organic,organic,2
organic/organic514.jpg,4,organic,organic,5
organic/organic575.jpg,4,organic,organic,2
organic/organic204.jpg,4,organic,organic,3
organic/organic889.jpg,4,organic,organic,5
organic/organic870.jpg,4,organic,organic,2
organic/organic553.jpg,4,organic,organic,3
organic/organic272.jpg,4,organic,organic,3
organic/organic908.jpg,4,organic,organic,3
organic/organic637.jpg,4,organic,organic,5
organic/organic328.jpg,4,organic,organic,3
organic/organic128.jpg,4,organic,organic,5
organic/organic605.jpg,4,organic,organic,4
organic/organic294.jpg,4,organic,organic,5
organic/organic52.jpg,4,organic,organic,5
organic/organic766.jpg,4,organic,organic,3
organic/organic922.jpg,4,organic,organic,3
organic/organic849.jpg,4,organic,organic,3
organic/organic661.jpg,4,organic,organic,2
organic/organic391.jpg,4,organic,organic,2
organic/organic325.jpg,4,organic,organic,4
organic/organic456.jpg,4,organic,organic,4
organic/organic810.jpg,4,organic,organic,5
organic/organic822.jpg,4,organic,organic,3
organic/organic387.jpg,4,organic,organic,4
organic/organic873.jpg,4,organic,organic,5
organic/organic846.jpg,4,organic,organic,3
organic/organic879.jpg,4,organic,organic,2
organic/organic862.jpg,4,organic,organic,3
organic/organic213.jpg,4,organic,organic,4
organic/organic648.jpg,4,organic,organic,3
organic/organic912.jpg,4,organic,organic,2
organic/organic515.jpg,4,organic,organic,2
organic/organic306.jpg,4,organic,organic,4
organic/organic962.jpg,4,organic,organic,2
organic/organic338.jpg,4,organic,organic,4
organic/organic960.jpg,4,organic,organic,5
organic/organic815.jpg,4,organic,organic,4
organic/organic18.jpg,4,organic,organic,3
organic/organic757.jpg,4,organic,organic,4
organic/organic273.jpg,4,organic,organic,2
organic/organic99.jpg,4,organic,organic,3
organic/organic897.jpg,4,organic,organic,5
organic/organic58.jpg,4,organic,organic,2
organic/organic749.jpg,4,organic,organic,5
organic/organic755.jpg,4,organic,organic,2
organic/organic193.jpg,4,organic,organic,5
organic/organic411.jpg,4,organic,organic,3
organic/organic415.jpg,4,organic,organic,2
organic/organic546.jpg,4,organic,organic,5
organic/organic485.jpg,4,organic,organic,5
organic/organic528.jpg,4,organic,organic,5
organic/organic505.jpg,4,organic,organic,3
organic/organic890.jpg,4,organic,organic,4
organic/organic793.jpg,4,organic,organic,5
organic/organic174.jpg,4,organic,organic,5
organic/organic49.jpg,4,organic,organic,2
organic/organic305.jpg,4,organic,organic,5
organic/organic857.jpg,4,organic,organic,4
organic/organic489.jpg,4,organic,organic,3
organic/organic871.jpg,4,organic,organic,5
organic/organic699.jpg,4,organic,organic,4
organic/organic198.jpg,4,organic,organic,5
organic/organic658.jpg,4,organic,organic,3
organic/organic642.jpg,4,organic,organic,2
organic/organic730.jpg,4,organic,organic,2
organic/organic554.jpg,4,organic,organic,2
organic/organic558.jpg,4,organic,organic,2
organic/organic35.jpg,4,organic,organic,4
organic/organic683.jpg,4,organic,organic,5
organic/organic732.jpg,4,organic,organic,5
organic/organic934.jpg,4,organic,organic,3
organic/organic97.jpg,4,organic,organic,2
organic/organic866.jpg,4,organic,organic,2
organic/organic753.jpg,4,organic,organic,3
organic/organic214.jpg,4,organic,organic,5
organic/organic781.jpg,4,organic,organic,5
organic/organic564.jpg,4,organic,organic,2
organic/organic187.jpg,4,organic,organic,5
organic/organic297.jpg,4,organic,organic,5
organic/organic647.jpg,4,organic,organic,4
organic/organic184.jpg,4,organic,organic,2
organic/organic420.jpg,4,organic,organic,3
organic/organic982.jpg,4,organic,organic,3
organic/organic355.jpg,4,organic,organic,2
organic/organic701.jpg,4,organic,organic,4
organic/organic778.jpg,4,organic,organic,3
organic/organic185.jpg,4,organic,organic,4
organic/organic674.jpg,4,organic,organic,3
organic/organic250.jpg,4,organic,organic,5
organic/organic627.jpg,4,organic,organic,5
organic/organic767.jpg,4,organic,organic,5
organic/organic812.jpg,4,organic,organic,2
organic/organic717.jpg,4,organic,organic,2
organic/organic586.jpg,4,organic,organic,3
organic/organic690.jpg,4,organic,organic,5
organic/organic74.jpg,4,organic,organic,2
organic/organic984.jpg,4,organic,organic,5
organic/organic164.jpg,4,organic,organic,4
organic/organic173.jpg,4,organic,organic,5
organic/organic368.jpg,4,organic,organic,2
organic/organic542.jpg,4,organic,organic,3
organic/organic492.jpg,4,organic,organic,3
organic/organic362.jpg,4,organic,organic,2
organic/organic151.jpg,4,organic,organic,3
organic/organic517.jpg,4,organic,organic,4
organic/organic117.jpg,4,organic,organic,4
organic/organic615.jpg,4,organic,organic,4
organic/organic973.jpg,4,organic,organic,4
organic/organic331.jpg,4,organic,organic,5
organic/organic194.jpg,4,organic,organic,5
organic/organic195.jpg,4,organic,organic,5
organic/organic511.jpg,4,organic,organic,2
organic/organic786.jpg,4,organic,organic,4
organic/organic869.jpg,4,organic,organic,5
organic/organic600.jpg,4,organic,organic,2
organic/organic65.jpg,4,organic,organic,5
organic/organic727.jpg,4,organic,organic,3
organic/organic393.jpg,4,organic,organic,5
organic/organic270.jpg,4,organic,organic,5
organic/organic455.jpg,4,organic,organic,5
organic/organic64.jpg,4,organic,organic,3
organic/organic539.jpg,4,organic,organic,5
organic/organic859.jpg,4,organic,organic,4
organic/organic551.jpg,4,organic,organic,4
organic/organic9.jpg,4,organic,organic,2
organic/organic426.jpg,4,organic,organic,5
organic/organic16.jpg,4,organic,organic,4
organic/organic704.jpg,4,organic,organic,4
organic/organic43.jpg,4,organic,organic,3
organic/organic435.jpg,4,organic,organic,5
organic/organic490.jpg,4,organic,organic,5
organic/organic150.jpg,4,organic,organic,5
organic/organic322.jpg,4,organic,organic,4
organic/organic78.jpg,4,organic,organic,3
organic/organic523.jpg,4,organic,organic,3
organic/organic707.jpg,4,organic,organic,3
organic/organic12.jpg,4,organic,organic,5
organic/organic597.jpg,4,organic,organic,4
organic/organic595.jpg,4,organic,organic,3
organic/organic365.jpg,4,organic,organic,3
organic/organic737.jpg,4,organic,organic,2
organic/organic29.jpg,4,organic,organic,4
organic/organic450.jpg,4,organic,organic,4
organic/organic931.jpg,4,organic,organic,4
organic/organic714.jpg,4,organic,organic,5
organic/organic844.jpg,4,organic,organic,5
organic/organic340.jpg,4,organic,organic,3
organic/organic410.jpg,4,organic,organic,2
organic/organic906.jpg,4,organic,organic,4
organic/organic125.jpg,4,organic,organic,4
organic/organic361.jpg,4,organic,organic,2
organic/organic219.jpg,4,organic,organic,5
organic/organic324.jpg,4,organic,organic,4
organic/organic885.jpg,4,organic,organic,2
organic/organic157.jpg,4,organic,organic,2
organic/organic507.jpg,4,organic,organic,5
organic/organic116.jpg,4,organic,organic,5
organic/organic950.jpg,4,organic,organic,4
organic/organic854.jpg,4,organic,organic,5
organic/organic631.jpg,4,organic,organic,5
organic/organic983.jpg,4,organic,organic,2
organic/organic369.jpg,4,organic,organic,4
organic/organic314.jpg,4,organic,organic,4
organic/organic979.jpg,4,organic,organic,4
organic/organic169.jpg,4,organic,organic,3
organic/organic42.jpg,4,organic,organic,3
organic/organic349.jpg,4,organic,organic,3
organic/organic329.jpg,4,organic,organic,5
organic/organic203.jpg,4,organic,organic,4
organic/organic285.jpg,4,organic,organic,5
organic/organic469.jpg,4,organic,organic,2
organic/organic110.jpg,4,organic,organic,5
organic/organic118.jpg,4,organic,organic,4
organic/organic315.jpg,4,organic,organic,5
organic/organic729.jpg,4,organic,organic,4
organic/organic190.jpg,4,organic,organic,4
organic/organic675.jpg,4,organic,organic,4
organic/organic234.jpg,4,organic,organic,2
organic/organic317.jpg,4,organic,organic,5
organic/organic775.jpg,4,organic,organic,5
organic/organic178.jpg,4,organic,organic,4
organic/organic932.jpg,4,organic,organic,2
organic/organic828.jpg,4,organic,organic,4
organic/organic769.jpg,4,organic,organic,4
organic/organic513.jpg,4,organic,organic,2
organic/organic722.jpg,4,organic,organic,2
organic/organic299.jpg,4,organic,organic,5
organic/organic584.jpg,4,organic,organic,2
organic/organic449.jpg,4,organic,organic,2
organic/organic784.jpg,4,organic,organic,3
organic/organic927.jpg,4,organic,organic,2
organic/organic379.jpg,4,organic,organic,3
organic/organic39.jpg,4,organic,organic,2
organic/organic348.jpg,4,organic,organic,5
organic/organic276.jpg,4,organic,organic,4
organic/organic832.jpg,4,organic,organic,2
organic/organic599.jpg,4,organic,organic,3
organic/organic816.jpg,4,organic,organic,5
organic/organic685.jpg,4,organic,organic,3
organic/organic132.jpg,4,organic,organic,5
organic/organic723.jpg,4,organic,organic,5
organic/organic643.jpg,4,organic,organic,2
organic/organic940.jpg,4,organic,organic,2
organic/organic71.jpg,4,organic,organic,4
organic/organic476.jpg,4,organic,organic,3
organic/organic608.jpg,4,organic,organic,4
organic/organic731.jpg,4,organic,organic,2
organic/organic585.jpg,4,organic,organic,3
organic/organic639.jpg,4,organic,organic,2
organic/organic671.jpg,4,organic,organic,3
organic/organic821.jpg,4,organic,organic,3
organic/organic470.jpg,4,organic,organic,5
organic/organic510.jpg,4,organic,organic,3
organic/organic459.jpg,4,organic,organic,5
organic/organic902.jpg,4,organic,organic,5
organic/organic483.jpg,4,organic,organic,3
organic/organic1.jpg,4,organic,organic,4
organic/organic882.jpg,4,organic,organic,4
organic/organic451.jpg,4,organic,organic,3
organic/organic175.jpg,4,organic,organic,4
organic/organic274.jpg,4,organic,organic,2
organic/organic84.jpg,4,organic,organic,3
organic/organic830.jpg,4,organic,organic,4
organic/organic472.jpg,4,organic,organic,4
organic/organic911.jpg,4,organic,organic,4
organic/organic817.jpg,4,organic,organic,3
organic/organic966.jpg,4,organic,organic,5
organic/organic691.jpg,4,organic,organic,2
organic/organic360.jpg,4,organic,organic,5
organic/organic716.jpg,4,organic,organic,5
organic/organic715.jpg,4,organic,organic,2
organic/organic720.jpg,4,organic,organic,3
organic/organic549.jpg,4,organic,organic,4
organic/organic179.jpg,4,organic,organic,2
organic/organic36.jpg,4,organic,organic,5
organic/organic152.jpg,4,organic,organic,5
organic/organic458.jpg,4,organic,organic,2
organic/organic787.jpg,4,organic,organic,3
organic/organic334.jpg,4,organic,organic,4
organic/organic693.jpg,4,organic,organic,4
organic/organic596.jpg,4,organic,organic,5
organic/organic135.jpg,4,organic,organic,3
organic/organic484.jpg,4,organic,organic,4
organic/organic73.jpg,4,organic,organic,3
organic/organic163.jpg,4,organic,organic,2
organic/organic738.jpg,4,organic,organic,4
organic/organic807.jpg,4,organic,organic,5
organic/organic177.jpg,4,organic,organic,3
organic/organic538.jpg,4,organic,organic,2
organic/organic682.jpg,4,organic,organic,3
organic/organic886.jpg,4,organic,organic,2
organic/organic282.jpg,4,organic,organic,4
organic/organic601.jpg,4,organic,organic,3
organic/organic466.jpg,4,organic,organic,4
organic/organic155.jpg,4,organic,organic,2
organic/organic308.jpg,4,organic,organic,4
organic/organic243.jpg,4,organic,organic,3
organic/organic392.jpg,4,organic,organic,3
organic/organic40.jpg,4,organic,organic,5
organic/organic917.jpg,4,organic,organic,4
organic/organic13.jpg,4,organic,organic,3
organic/organic101.jpg,4,organic,organic,2
organic/organic245.jpg,4,organic,organic,3
organic/organic50.jpg,4,organic,organic,4
organic/organic453.jpg,4,organic,organic,5
organic/organic113.jpg,4,organic,organic,2
organic/organic23.jpg,4,organic,organic,4
organic/organic754.jpg,4,organic,organic,4
organic/organic506.jpg,4,organic,organic,3
organic/organic332.jpg,4,organic,organic,4
organic/organic681.jpg,4,organic,organic,3
organic/organic335.jpg,4,organic,organic,4
organic/organic582.jpg,4,organic,organic,5
organic/organic852.jpg,4,organic,organic,5
organic/organic60.jpg,4,organic,organic,2
organic/organic841.jpg,4,organic,organic,2
organic/organic352.jpg,4,organic,organic,5
organic/organic835.jpg,4,organic,organic,2
organic/organic224.jpg,4,organic,organic,3
organic/organic935.jpg,4,organic,organic,2
organic/organic347.jpg,4,organic,organic,5
organic/organic696.jpg,4,organic,organic,3
organic/organic398.jpg,4,organic,organic,4
organic/organic805.jpg,4,organic,organic,4
organic/organic131.jpg,4,organic,organic,4
organic/organic216.jpg,4,organic,organic,3
organic/organic336.jpg,4,organic,organic,4
organic/organic82.jpg,4,organic,organic,3
organic/organic589.jpg,4,organic,organic,2
organic/organic838.jpg,4,organic,organic,2
organic/organic474.jpg,4,organic,organic,4
organic/organic2.jpg,4,organic,organic,3
organic/organic532.jpg,4,organic,organic,5
organic/organic700.jpg,4,organic,organic,4
organic/organic161.jpg,4,organic,organic,4
organic/organic825.jpg,4,organic,organic,3
organic/organic28.jpg,4,organic,organic,5
organic/organic497.jpg,4,organic,organic,2
organic/organic106.jpg,4,organic,organic,5
organic/organic139.jpg,4,organic,organic,2
organic/organic205.jpg,4,organic,organic,4
organic/organic22.jpg,4,organic,organic,5
organic/organic138.jpg,4,organic,organic,3
organic/organic669.jpg,4,organic,organic,4
organic/organic257.jpg,4,organic,organic,5
organic/organic467.jpg,4,organic,organic,5
organic/organic616.jpg,4,organic,organic,2
organic/organic617.jpg,4,organic,organic,3
organic/organic842.jpg,4,organic,organic,2
organic/organic801.jpg,4,organic,organic,5
organic/organic826.jpg,4,organic,organic,3
organic/organic833.jpg,4,organic,organic,2
organic/organic645.jpg,4,organic,organic,4
organic/organic350.jpg,4,organic,organic,2
organic/organic311.jpg,4,organic,organic,3
organic/organic111.jpg,4,organic,organic,5
organic/organic133.jpg,4,organic,organic,4
organic/organic501.jpg,4,organic,organic,3
organic/organic899.jpg,4,organic,organic,3
organic/organic736.jpg,4,organic,organic,2
organic/organic724.jpg,4,organic,organic,3
organic/organic277.jpg,4,organic,organic,3
organic/organic875.jpg,4,organic,organic,5
organic/organic192.jpg,4,organic,organic,3
organic/organic518.jpg,4,organic,organic,2
organic/organic342.jpg,4,organic,organic,3
organic/organic603.jpg,4,organic,organic,2
organic/organic930.jpg,4,organic,organic,3
organic/organic188.jpg,4,organic,organic,5
organic/organic144.jpg,4,organic,organic,5
organic/organic662.jpg,4,organic,organic,3
organic/organic428.jpg,4,organic,organic,2
organic/organic534.jpg,4,organic,organic,2
organic/organic333.jpg,4,organic,organic,5
organic/organic130.jpg,4,organic,organic,3
organic/organic818.jpg,4,organic,organic,4
organic/organic396.jpg,4,organic,organic,3
organic/organic316.jpg,4,organic,organic,4
organic/organic799.jpg,4,organic,organic,5
organic/organic620.jpg,4,organic,organic,5
organic/organic978.jpg,4,organic,organic,2
organic/organic32.jpg,4,organic,organic,4
organic/organic408.jpg,4,organic,organic,3
organic/organic419.jpg,4,organic,organic,4
organic/organic68.jpg,4,organic,organic,2
organic/organic208.jpg,4,organic,organic,5
organic/organic444.jpg,4,organic,organic,2
organic/organic650.jpg,4,organic,organic,3
organic/organic953.jpg,4,organic,organic,3
organic/organic964.jpg,4,organic,organic,4
organic/organic228.jpg,4,organic,organic,5
organic/organic861.jpg,4,organic,organic,3
organic/organic748.jpg,4,organic,organic,3
organic/organic145.jpg,4,organic,organic,2
organic/organic289.jpg,4,organic,organic,4
organic/organic464.jpg,4,organic,organic,3
organic/organic698.jpg,4,organic,organic,5
organic/organic41.jpg,4,organic,organic,2
organic/organic233.jpg,4,organic,organic,2
organic/organic750.jpg,4,organic,organic,2
organic/organic694.jpg,4,organic,organic,2
organic/organic121.jpg,4,organic,organic,5
organic/organic33.jpg,4,organic,organic,5
organic/organic598.jpg,4,organic,organic,3
organic/organic239.jpg,4,organic,organic,2
organic/organic416.jpg,4,organic,organic,5
organic/organic529.jpg,4,organic,organic,4
organic/organic712.jpg,4,organic,organic,2
organic/organic535.jpg,4,organic,organic,4
organic/organic783.jpg,4,organic,organic,2
organic/organic100.jpg,4,organic,organic,5
organic/organic877.jpg,4,organic,organic,3
organic/organic768.jpg,4,organic,organic,3
organic/organic320.jpg,4,organic,organic,4
organic/organic302.jpg,4,organic,organic,2
organic/organic970.jpg,4,organic,organic,4
organic/organic181.jpg,4,organic,organic,5
organic/organic262.jpg,4,organic,organic,3
organic/organic579.jpg,4,organic,organic,4
organic/organic591.jpg,4,organic,organic,5
organic/organic706.jpg,4,organic,organic,2
organic/organic891.jpg,4,organic,organic,2
organic/organic656.jpg,4,organic,organic,4
organic/organic629.jpg,4,organic,organic,5
organic/organic876.jpg,4,organic,organic,3
organic/organic269.jpg,4,organic,organic,4
organic/organic356.jpg,4,organic,organic,3
organic/organic971.jpg,4,organic,organic,4
organic/organic424.jpg,4,organic,organic,5
organic/organic963.jpg,4,organic,organic,5
organic/organic938.jpg,4,organic,organic,2
organic/organic779.jpg,4,organic,organic,3
organic/organic819.jpg,4,organic,organic,2
organic/organic281.jpg,4,organic,organic,2
organic/organic556.jpg,4,organic,organic,3
organic/organic186.jpg,4,organic,organic,2
organic/organic292.jpg,4,organic,organic,3
organic/organic745.jpg,4,organic,organic,5
organic/organic354.jpg,4,organic,organic,4
organic/organic337.jpg,4,organic,organic,2
organic/organic705.jpg,4,organic,organic,2
organic/organic919.jpg,4,organic,organic,4
organic/organic763.jpg,4,organic,organic,3
organic/organic965.jpg,4,organic,organic,2
organic/organic499.jpg,4,organic,organic,2
organic/organic494.jpg,4,organic,organic,3
organic/organic406.jpg,4,organic,organic,5
organic/organic945.jpg,4,organic,organic,2
organic/organic323.jpg,4,organic,organic,2
organic/organic454.jpg,4,organic,organic,5
organic/organic153.jpg,4,organic,organic,4
organic/organic321.jpg,4,organic,organic,2
organic/organic422.jpg,4,organic,organic,4
organic/organic512.jpg,4,organic,organic,4
organic/organic741.jpg,4,organic,organic,4
organic/organic471.jpg,4,organic,organic,3
organic/organic143.jpg,4,organic,organic,3
organic/organic536.jpg,4,organic,organic,5
organic/organic633.jpg,4,organic,organic,5
organic/organic652.jpg,4,organic,organic,2
organic/organic309.jpg,4,organic,organic,4
organic/organic486.jpg,4,organic,organic,2
organic/organic743.jpg,4,organic,organic,5
organic/organic562.jpg,4,organic,organic,5
organic/organic625.jpg,4,organic,organic,2
organic/organic10.jpg,4,organic,organic,5
organic/organic493.jpg,4,organic,organic,3
organic/organic609.jpg,4,organic,organic,5
organic/organic893.jpg,4,organic,organic,4
organic/organic34.jpg,4,organic,organic,3
organic/organic848.jpg,4,organic,organic,5
organic/organic468.jpg,4,organic,organic,3
organic/organic91.jpg,4,organic,organic,5
organic/organic747.jpg,4,organic,organic,2
organic/organic751.jpg,4,organic,organic,2
organic/organic421.jpg,4,organic,organic,5
organic/organic820.jpg,4,organic,organic,3
organic/organic791.jpg,4,organic,organic,3
organic/organic709.jpg,4,organic,organic,4
organic/organic168.jpg,4,organic,organic,3
organic/organic780.jpg,4,organic,organic,3
organic/organic446.jpg,4,organic,organic,5
organic/organic985.jpg,4,organic,organic,4
organic/organic916.jpg,4,organic,organic,5
organic/organic25.jpg,4,organic,organic,2
organic/organic98.jpg,4,organic,organic,2
organic/organic242.jpg,4,organic,organic,3
organic/organic759.jpg,4,organic,organic,2
organic/organic371.jpg,4,organic,organic,4
organic/organic264.jpg,4,organic,organic,3
organic/organic487.jpg,4,organic,organic,5
organic/organic725.jpg,4,organic,organic,4
organic/organic94.jpg,4,organic,organic,2
organic/organic341.jpg,4,organic,organic,3
organic/organic373.jpg,4,organic,organic,2
organic/organic158.jpg,4,organic,organic,2
organic/organic244.jpg,4,organic,organic,3
organic/organic790.jpg,4,organic,organic,3
organic/organic929.jpg,4,organic,organic,4
organic/organic295.jpg,4,organic,organic,2
organic/organic782.jpg,4,organic,organic,2
organic/organic11.jpg,4,organic,organic,5
organic/organic863.jpg,4,organic,organic,5
organic/organic644.jpg,4,organic,organic,4
organic/organic721.jpg,4,organic,organic,2
organic/organic968.jpg,4,organic,organic,3
organic/organic202.jpg,4,organic,organic,2
organic/organic954.jpg,4,organic,organic,5
organic/organic199.jpg,4,organic,organic,5
organic/organic313.jpg,4,organic,organic,2
organic/organic947.jpg,4,organic,organic,4
organic/organic894.jpg,4,organic,organic,2
organic/organic364.jpg,4,organic,organic,5
organic/organic740.jpg,4,organic,organic,5
organic/organic847.jpg,4,organic,organic,3
organic/organic330.jpg,4,organic,organic,5
organic/organic576.jpg,4,organic,organic,4
organic/organic614.jpg,4,organic,organic,3
organic/organic463.jpg,4,organic,organic,3
organic/organic134.jpg,4,organic,organic,4
organic/organic427.jpg,4,organic,organic,3
organic/organic235.jpg,4,organic,organic,2
organic/organic222.jpg,4,organic,organic,3
organic/organic636.jpg,4,organic,organic,4
organic/organic733.jpg,4,organic,organic,3
organic/organic319.jpg,4,organic,organic,5
organic/organic718.jpg,4,organic,organic,3
organic/organic76.jpg,4,organic,organic,4
organic/organic241.jpg,4,organic,organic,4
organic/organic628.jpg,4,organic,organic,5
organic/organic47.jpg,4,organic,organic,2
organic/organic924.jpg,4,organic,organic,3
organic/organic447.jpg,4,organic,organic,5
organic/organic136.jpg,4,organic,organic,4
organic/organic574.jpg,4,organic,organic,4
organic/organic670.jpg,4,organic,organic,4
organic/organic312.jpg,4,organic,organic,3
organic/organic24.jpg,4,organic,organic,5
organic/organic951.jpg,4,organic,organic,3
organic/organic85.jpg,4,organic,organic,2
organic/organic217.jpg,4,organic,organic,3
organic/organic937.jpg,4,organic,organic,4
organic/organic167.jpg,4,organic,organic,2
organic/organic176.jpg,4,organic,organic,3
organic/organic624.jpg,4,organic,organic,3
organic/organic858.jpg,4,organic,organic,2
organic/organic72.jpg,4,organic,organic,3
organic/organic545.jpg,4,organic,organic,2
organic/organic460.jpg,4,organic,organic,2
organic/organic944.jpg,4,organic,organic,5
organic/organic236.jpg,4,organic,organic,5
organic/organic853.jpg,4,organic,organic,5
organic/organic374.jpg,4,organic,organic,5
organic/organic959.jpg,4,organic,organic,5
organic/organic95.jpg,4,organic,organic,4
organic/organic668.jpg,4,organic,organic,5
organic/organic80.jpg,4,organic,organic,5
organic/organic865.jpg,4,organic,organic,2
organic/organic70.jpg,4,organic,organic,2
organic/organic913.jpg,4,organic,organic,3
organic/organic296.jpg,4,organic,organic,2
organic/organic159.jpg,4,organic,organic,4
organic/organic606.jpg,4,organic,organic,5
organic/organic300.jpg,4,organic,organic,2
organic/organic401.jpg,4,organic,organic,5
organic/organic560.jpg,4,organic,organic,3
organic/organic4.jpg,4,organic,organic,3
organic/organic86.jpg,4,organic,organic,3
organic/organic7.jpg,4,organic,organic,3
organic/organic626.jpg,4,organic,organic,4
organic/organic557.jpg,4,organic,organic,2
organic/organic375.jpg,4,organic,organic,5
organic/organic124.jpg,4,organic,organic,3
organic/organic632.jpg,4,organic,organic,5
organic/organic30.jpg,4,organic,organic,3
organic/organic108.jpg,4,organic,organic,5
organic/organic44.jpg,4,organic,organic,4
organic/organic436.jpg,4,organic,organic,4
organic/organic403.jpg,4,organic,organic,4
organic/organic752.jpg,4,organic,organic,4
organic/organic293.jpg,4,organic,organic,3
organic/organic764.jpg,4,organic,organic,2
organic/organic587.jpg,4,organic,organic,5
organic/organic303.jpg,4,organic,organic,4
organic/organic526.jpg,4,organic,organic,2
organic/organic794.jpg,4,organic,organic,4
organic/organic880.jpg,4,organic,organic,3
organic/organic409.jpg,4,organic,organic,5
organic/organic638.jpg,4,organic,organic,4
organic/organic813.jpg,4,organic,organic,4
organic/organic719.jpg,4,organic,organic,3
organic/organic684.jpg,4,organic,organic,5
organic/organic710.jpg,4,organic,organic,4
organic/organic569.jpg,4,organic,organic,2
organic/organic126.jpg,4,organic,organic,4
organic/organic925.jpg,4,organic,organic,2
organic/organic200.jpg,4,organic,organic,3
organic/organic149.jpg,4,organic,organic,4
organic/organic777.jpg,4,organic,organic,3
organic/organic756.jpg,4,organic,organic,5
organic/organic664.jpg,4,organic,organic,3
organic/organic613.jpg,4,organic,organic,5
organic/organic223.jpg,4,organic,organic,2
organic/organic226.jpg,4,organic,organic,3
organic/organic254.jpg,4,organic,organic,4
organic/organic544.jpg,4,organic,organic,4
organic/organic565.jpg,4,organic,organic,5
organic/organic183.jpg,4,organic,organic,2
organic/organic307.jpg,4,organic,organic,2
organic/organic573.jpg,4,organic,organic,4
organic/organic275.jpg,4,organic,organic,3
organic/organic372.jpg,4,organic,organic,5
organic/organic568.jpg,4,organic,organic,4
organic/organic431.jpg,4,organic,organic,5
organic/organic676.jpg,4,organic,organic,2
organic/organic249.jpg,4,organic,organic,4
organic/organic559.jpg,4,organic,organic,5
organic/organic946.jpg,4,organic,organic,4
organic/organic580.jpg,4,organic,organic,2
organic/organic552.jpg,4,organic,organic,2
organic/organic592.jpg,4,organic,organic,5
organic/organic583.jpg,4,organic,organic,4
organic/organic918.jpg,4,organic,organic,5
organic/organic909.jpg,4,organic,organic,4
organic/organic345.jpg,4,organic,organic,5
organic/organic457.jpg,4,organic,organic,3
organic/organic903.jpg,4,organic,organic,2
organic/organic976.jpg,4,organic,organic,2
organic/organic561.jpg,4,organic,organic,5
organic/organic442.jpg,4,organic,organic,4
organic/organic57.jpg,4,organic,organic,5
organic/organic339.jpg,4,organic,organic,3
organic/organic977.jpg,4,organic,organic,4
organic/organic480.jpg,4,organic,organic,3
organic/organic417.jpg,4,organic,organic,2
organic/organic31.jpg,4,organic,organic,4
organic/organic137.jpg,4,organic,organic,4
organic/organic346.jpg,4,organic,organic,2
organic/organic279.jpg,4,organic,organic,5
organic/organic961.jpg,4,organic,organic,2
organic/organic160.jpg,4,organic,organic,2
organic/organic67.jpg,4,organic,organic,5
organic/organic651.jpg,4,organic,organic,4
organic/organic166.jpg,4,organic,organic,2
organic/organic15.jpg,4,organic,organic,5
organic/organic211.jpg,4,organic,organic,2
organic/organic498.jpg,4,organic,organic,2
organic/organic533.jpg,4,organic,organic,2
organic/organic382.jpg,4,organic,organic,3
organic/organic433.jpg,4,organic,organic,4
organic/organic496.jpg,4,organic,organic,2
organic/organic679.jpg,4,organic,organic,3
organic/organic156.jpg,4,organic,organic,2
organic/organic367.jpg,4,organic,organic,3
organic/organic102.jpg,4,organic,organic,5
organic/organic834.jpg,4,organic,organic,3
organic/organic129.jpg,4,organic,organic,3
organic/organic381.jpg,4,organic,organic,5
organic/organic105.jpg,4,organic,organic,3
organic/organic520.jpg,4,organic,organic,4
organic/organic141.jpg,4,organic,organic,2
organic/organic271.jpg,4,organic,organic,3
organic/organic692.jpg,4,organic,organic,2
organic/organic75.jpg,4,organic,organic,2
organic/organic399.jpg,4,organic,organic,3
organic/organic914.jpg,4,organic,organic,3
organic/organic445.jpg,4,organic,organic,4
organic/organic540.jpg,4,organic,organic,5
organic/organic253.jpg,4,organic,organic,4
organic/organic288.jpg,4,organic,organic,5
organic/organic479.jpg,4,organic,organic,3
organic/organic634.jpg,4,organic,organic,3
organic/organic811.jpg,4,organic,organic,5
organic/organic713.jpg,4,organic,organic,2
organic/organic390.jpg,4,organic,organic,2
organic/organic412.jpg,4,organic,organic,5
organic/organic20.jpg,4,organic,organic,4
organic/organic758.jpg,4,organic,organic,3
organic/organic547.jpg,4,organic,organic,4
organic/organic284.jpg,4,organic,organic,4
organic/organic502.jpg,4,organic,organic,4
organic/organic607.jpg,4,organic,organic,4
organic/organic649.jpg,4,organic,organic,4
organic/organic197.jpg,4,organic,organic,5
organic/organic802.jpg,4,organic,organic,5
organic/organic278.jpg,4,organic,organic,2
organic/organic238.jpg,4,organic,organic,3
organic/organic867.jpg,4,organic,organic,3
organic/organic220.jpg,4,organic,organic,3
organic/organic969.jpg,4,organic,organic,2
organic/organic384.jpg,4,organic,organic,4
organic/organic654.jpg,4,organic,organic,2
organic/organic429.jpg,4,organic,organic,3
organic/organic240.jpg,4,organic,organic,4
organic/organic488.jpg,4,organic,organic,4
organic/organic482.jpg,4,organic,organic,4
organic/organic318.jpg,4,organic,organic,4
organic/organic51.jpg,4,organic,organic,4
organic/organic578.jpg,4,organic,organic,3
organic/organic840.jpg,4,organic,organic,5
organic/organic823.jpg,4,organic,organic,5
organic/organic437.jpg,4,organic,organic,4
organic/organic702.jpg,4,organic,organic,2
organic/organic123.jpg,4,organic,organic,3
organic/organic120.jpg,4,organic,organic,3
organic/organic115.jpg,4,organic,organic,5
organic/organic237.jpg,4,organic,organic,5
organic/organic663.jpg,4,organic,organic,4
organic/organic904.jpg,4,organic,organic,2
organic/organic189.jpg,4,organic,organic,5
organic/organic760.jpg,4,organic,organic,3
organic/organic527.jpg,4,organic,organic,2
organic/organic265.jpg,4,organic,organic,3
organic/organic283.jpg,4,organic,organic,3
organic/organic423.jpg,4,organic,organic,4
organic/organic680.jpg,4,organic,organic,4
organic/organic344.jpg,4,organic,organic,3
organic/organic46.jpg,4,organic,organic,4
organic/organic855.jpg,4,organic,organic,4
organic/organic814.jpg,4,organic,organic,4
organic/organic377.jpg,4,organic,organic,5
organic/organic232.jpg,4,organic,organic,3
organic/organic739.jpg,4,organic,organic,5
organic/organic734.jpg,4,organic,organic,3
organic/organic773.jpg,4,organic,organic,2
organic/organic109.jpg,4,organic,organic,2
organic/organic17.jpg,4,organic,organic,4
organic/organic370.jpg,4,organic,organic,5
organic/organic385.jpg,4,organic,organic,5
organic/organic836.jpg,4,organic,organic,3
organic/organic881.jpg,4,organic,organic,5
organic/organic868.jpg,4,organic,organic,2
organic/organic353.jpg,4,organic,organic,3
organic/organic958.jpg,4,organic,organic,3
organic/organic611.jpg,4,organic,organic,4
organic/organic54.jpg,4,organic,organic,4
organic/organic537.jpg,4,organic,organic,2
organic/organic892.jpg,4,organic,organic,3
organic/organic896.jpg,4,organic,organic,2
organic/organic952.jpg,4,organic,organic,4
organic/organic525.jpg,4,organic,organic,2
papery/cardboard/cardboard817.jpg,5,papery,cardboard,3
papery/cardboard/cardboard286.jpg,5,papery,cardboard,5
papery/cardboard/cardboard500.jpg,5,papery,cardboard,4
papery/cardboard/cardboard426.jpg,5,papery,cardboard,3
papery/cardboard/cardboard491.jpg,5,papery,cardboard,4
papery/cardboard/cardboard619.jpg,5,papery,cardboard,5
papery/cardboard/cardboard43.jpg,5,papery,cardboard,5
papery/cardboard/cardboard297.jpg,5,papery,cardboard,5
papery/cardboard/cardboard655.jpg,5,papery,cardboard,4
papery/cardboard/cardboard512.jpg,5,papery,cardboard,2
papery/cardboard/cardboard42.jpg,5,papery,cardboard,2
papery/cardboard/cardboard430.jpg,5,papery,cardboard,3
papery/cardboard/cardboard77.jpg,5,papery,cardboard,3
papery/cardboard/cardboard603.jpg,5,papery,cardboard,4
papery/cardboard/cardboard825.jpg,5,papery,cardboard,4
papery/cardboard/cardboard173.jpg,5,papery,cardboard,4
papery/cardboard/cardboard46.jpg,5,papery,cardboard,4
papery/cardboard/cardboard779.jpg,5,papery,cardboard,5
papery/cardboard/cardboard597.jpg,5,papery,cardboard,3
papery/cardboard/cardboard290.jpg,5,papery,cardboard,3
papery/cardboard/cardboard54.jpg,5,papery,cardboard,2
papery/cardboard/cardboard150.jpg,5,papery,cardboard,4
papery/cardboard/cardboard801.jpg,5,papery,cardboard,4
papery/cardboard/cardboard859.jpg,5,papery,cardboard,3
papery/cardboard/cardboard99.jpg,5,papery,cardboard,5
papery/cardboard/cardboard493.jpg,5,papery,cardboard,2
papery/cardboard/cardboard496.jpg,5,papery,cardboard,4
papery/cardboard/cardboard559.jpg,5,papery,cardboard,4
papery/cardboard/cardboard638.jpg,5,papery,cardboard,2
papery/cardboard/cardboard360.jpg,5,papery,cardboard,3
papery/cardboard/cardboard665.jpg,5,papery,cardboard,5
papery/cardboard/cardboard45.jpg,5,papery,cardboard,3
papery/cardboard/cardboard787.jpg,5,papery,cardboard,4
papery/cardboard/cardboard217.jpg,5,papery,cardboard,2
papery/cardboard/cardboard689.jpg,5,papery,cardboard,5
papery/cardboard/cardboard199.jpg,5,papery,cardboard,2
papery/cardboard/cardboard873.jpg,5,papery,cardboard,2
papery/cardboard/cardboard618.jpg,5,papery,cardboard,3
papery/cardboard/cardboard220.jpg,5,papery,cardboard,3
papery/cardboard/cardboard200.jpg,5,papery,cardboard,4
papery/cardboard/cardboard763.jpg,5,papery,cardboard,2
papery/cardboard/cardboard706.jpg,5,papery,cardboard,5
papery/cardboard/cardboard21.jpg,5,papery,cardboard,2
papery/cardboard/cardboard271.jpg,5,papery,cardboard,5
papery/cardboard/cardboard119.jpg,5,papery,cardboard,2
papery/cardboard/cardboard380.jpg,5,papery,cardboard,2
papery/cardboard/cardboard131.jpg,5,papery,cardboard,5
papery/cardboard/cardboard884.jpg,5,papery,cardboard,2
papery/cardboard/cardboard449.jpg,5,papery,cardboard,4
papery/cardboard/cardboard409.jpg,5,papery,cardboard,4
papery/cardboard/cardboard570.jpg,5,papery,cardboard,3
papery/cardboard/cardboard146.jpg,5,papery,cardboard,3
papery/cardboard/cardboard377.jpg,5,papery,cardboard,2
papery/cardboard/cardboard401.jpg,5,papery,cardboard,5
papery/cardboard/cardboard843.jpg,5,papery,cardboard,3
papery/cardboard/cardboard412.jpg,5,papery,cardboard,3
papery/cardboard/cardboard852.jpg,5,papery,cardboard,3
papery/cardboard/cardboard254.jpg,5,papery,cardboard,3
papery/cardboard/cardboard694.jpg,5,papery,cardboard,4
papery/cardboard/cardboard212.jpg,5,papery,cardboard,5
papery/cardboard/cardboard615.jpg,5,papery,cardboard,5
papery/cardboard/cardboard660.jpg,5,papery,cardboard,3
papery/cardboard/cardboard134.jpg,5,papery,cardboard,5
papery/cardboard/cardboard481.jpg,5,papery,cardboard,4
papery/cardboard/cardboard28.jpg,5,papery,cardboard,5
papery/cardboard/cardboard742.jpg,5,papery,cardboard,3
papery/cardboard/cardboard768.jpg,5,papery,cardboard,4
papery/cardboard/cardboard405.jpg,5,papery,cardboard,3
papery/cardboard/cardboard140.jpg,5,papery,cardboard,4
papery/cardboard/cardboard598.jpg,5,papery,cardboard,4
papery/cardboard/cardboard871.jpg,5,papery,cardboard,5
papery/cardboard/cardboard679.jpg,5,papery,cardboard,4
papery/cardboard/cardboard219.jpg,5,papery,cardboard,5
papery/cardboard/cardboard849.jpg,5,papery,cardboard,4
papery/cardboard/cardboard617.jpg,5,papery,cardboard,4
papery/cardboard/cardboard431.jpg,5,papery,cardboard,4
papery/cardboard/cardboard358.jpg,5,papery,cardboard,5
papery/cardboard/cardboard581.jpg,5,papery,cardboard,3
papery/cardboard/cardboard41.jpg,5,papery,cardboard,4
papery/cardboard/cardboard123.jpg,5,papery,cardboard,5
papery/cardboard/cardboard463.jpg,5,papery,cardboard,2
papery/cardboard/cardboard561.jpg,5,papery,cardboard,5
papery/cardboard/cardboard269.jpg,5,papery,cardboard,2
papery/cardboard/cardboard139.jpg,5,papery,cardboard,5
papery/cardboard/cardboard437.jpg,5,papery,cardboard,5
papery/cardboard/cardboard794.jpg,5,papery,cardboard,4
papery/cardboard/cardboard177.jpg,5,papery,cardboard,3
papery/cardboard/cardboard513.jpg,5,papery,cardboard,2
papery/cardboard/cardboard393.jpg,5,papery,cardboard,4
papery/cardboard/cardboard767.jpg,5,papery,cardboard,2
papery/cardboard/cardboard868.jpg,5,papery,cardboard,2
papery/cardboard/cardboard35.jpg,5,papery,cardboard,3
papery/cardboard/cardboard709.jpg,5,papery,cardboard,2
papery/cardboard/cardboard26.jpg,5,papery,cardboard,5
papery/cardboard/cardboard536.jpg,5,papery,cardboard,5
papery/cardboard/cardboard739.jpg,5,papery,cardboard,5
papery/cardboard/cardboard237.jpg,5,papery,cardboard,5
papery/cardboard/cardboard504.jpg,5,papery,cardboard,3
papery/cardboard/cardboard858.jpg,5,papery,cardboard,4
papery/cardboard/cardboard287.jpg,5,papery,cardboard,2
papery/cardboard/cardboard710.jpg,5,papery,cardboard,5
papery/cardboard/cardboard785.jpg,5,papery,cardboard,2
papery/cardboard/cardboard251.jpg,5,papery,cardboard,4
papery/cardboard/cardboard153.jpg,5,papery,cardboard,3
papery/cardboard/cardboard233.jpg,5,papery,cardboard,4
papery/cardboard/cardboard413.jpg,5,papery,cardboard,3
papery/cardboard/cardboard697.jpg,5,papery,cardboard,4
papery/cardboard/cardboard457.jpg,5,papery,cardboard,4
papery/cardboard/cardboard308.jpg,5,papery,cardboard,3
papery/cardboard/cardboard795.jpg,5,papery,cardboard,2
papery/cardboard/cardboard494.jpg,5,papery,cardboard,2
papery/cardboard/cardboard517.jpg,5,papery,cardboard,3
papery/cardboard/cardboard736.jpg,5,papery,cardboard,3
papery/cardboard/cardboard216.jpg,5,papery,cardboard,4
papery/cardboard/cardboard298.jpg,5,papery,cardboard,5
papery/cardboard/cardboard800.jpg,5,papery,cardboard,2
papery/cardboard/cardboard604.jpg,5,papery,cardboard,4
papery/cardboard/cardboard181.jpg,5,papery,cardboard,3
papery/cardboard/cardboard14.jpg,5,papery,cardboard,2
papery/cardboard/cardboard247.jpg,5,papery,cardboard,4
papery/cardboard/cardboard627.jpg,5,papery,cardboard,2
papery/cardboard/cardboard816.jpg,5,papery,cardboard,5
papery/cardboard/cardboard684.jpg,5,papery,cardboard,2
papery/cardboard/cardboard854.jpg,5,papery,cardboard,5
papery/cardboard/cardboard72.jpg,5,papery,cardboard,5
papery/cardboard/cardboard669.jpg,5,papery,cardboard,5
papery/cardboard/cardboard535.jpg,5,papery,cardboard,2
papery/cardboard/cardboard803.jpg,5,papery,cardboard,4
papery/cardboard/cardboard634.jpg,5,papery,cardboard,5
papery/cardboard/cardboard688.jpg,5,papery,cardboard,2
papery/cardboard/cardboard761.jpg,5,papery,cardboard,5
papery/cardboard/cardboard130.jpg,5,papery,cardboard,2
papery/cardboard/cardboard789.jpg,5,papery,cardboard,5
papery/cardboard/cardboard392.jpg,5,papery,cardboard,4
papery/cardboard/cardboard84.jpg,5,papery,cardboard,2
papery/cardboard/cardboard607.jpg,5,papery,cardboard,5
papery/cardboard/cardboard194.jpg,5,papery,cardboard,3
papery/cardboard/cardboard778.jpg,5,papery,cardboard,3
papery/cardboard/cardboard718.jpg,5,papery,cardboard,2
papery/cardboard/cardboard329.jpg,5,papery,cardboard,4
papery/cardboard/cardboard721.jpg,5,papery,cardboard,4
papery/cardboard/cardboard361.jpg,5,papery,cardboard,2
papery/cardboard/cardboard848.jpg,5,papery,cardboard,4
papery/cardboard/cardboard96.jpg,5,papery,cardboard,5
papery/cardboard/cardboard312.jpg,5,papery,cardboard,2
papery/cardboard/cardboard16.jpg,5,papery,cardboard,3
papery/cardboard/cardboard274.jpg,5,papery,cardboard,4
papery/cardboard/cardboard533.jpg,5,papery,cardboard,5
papery/cardboard/cardboard214.jpg,5,papery,cardboard,3
papery/cardboard/cardboard865.jpg,5,papery,cardboard,3
papery/cardboard/cardboard263.jpg,5,papery,cardboard,5
papery/cardboard/cardboard285.jpg,5,papery,cardboard,2
papery/cardboard/cardboard147.jpg,5,papery,cardboard,2
papery/cardboard/cardboard776.jpg,5,papery,cardboard,3
papery/cardboard/cardboard190.jpg,5,papery,cardboard,3
papery/cardboard/cardboard743.jpg,5,papery,cardboard,4
papery/cardboard/cardboard818.jpg,5,papery,cardboard,5
papery/cardboard/cardboard283.jpg,5,papery,cardboard,5
papery/cardboard/cardboard336.jpg,5,papery,cardboard,4
papery/cardboard/cardboard554.jpg,5,papery,cardboard,5
papery/cardboard/cardboard792.jpg,5,papery,cardboard,2
papery/cardboard/cardboard176.jpg,5,papery,cardboard,4
papery/cardboard/cardboard179.jpg,5,papery,cardboard,3
papery/cardboard/cardboard440.jpg,5,papery,cardboard,4
papery/cardboard/cardboard781.jpg,5,papery,cardboard,4
papery/cardboard/cardboard328.jpg,5,papery,cardboard,4
papery/cardboard/cardboard238.jpg,5,papery,cardboard,3
papery/cardboard/cardboard277.jpg,5,papery,cardboard,4
papery/cardboard/cardboard342.jpg,5,papery,cardboard,3
papery/cardboard/cardboard538.jpg,5,papery,cardboard,3
papery/cardboard/cardboard209.jpg,5,papery,cardboard,3
papery/cardboard/cardboard311.jpg,5,papery,cardboard,3
papery/cardboard/cardboard565.jpg,5,papery,cardboard,5
papery/cardboard/cardboard4.jpg,5,papery,cardboard,2
papery/cardboard/cardboard667.jpg,5,papery,cardboard,2
papery/cardboard/cardboard13.jpg,5,papery,cardboard,3
papery/cardboard/cardboard869.jpg,5,papery,cardboard,5
papery/cardboard/cardboard784.jpg,5,papery,cardboard,4
papery/cardboard/cardboard810.jpg,5,papery,cardboard,2
papery/cardboard/cardboard862.jpg,5,papery,cardboard,5
papery/cardboard/cardboard103.jpg,5,papery,cardboard,2
papery/cardboard/cardboard11.jpg,5,papery,cardboard,3
papery/cardboard/cardboard839.jpg,5,papery,cardboard,4
papery/cardboard/cardboard37.jpg,5,papery,cardboard,2
papery/cardboard/cardboard383.jpg,5,papery,cardboard,5
papery/cardboard/cardboard793.jpg,5,papery,cardboard,5
papery/cardboard/cardboard623.jpg,5,papery,cardboard,4
papery/cardboard/cardboard22.jpg,5,papery,cardboard,2
papery/cardboard/cardboard503.jpg,5,papery,cardboard,3
papery/cardboard/cardboard439.jpg,5,papery,cardboard,3
papery/cardboard/cardboard185.jpg,5,papery,cardboard,2
papery/cardboard/cardboard105.jpg,5,papery,cardboard,4
papery/cardboard/cardboard205.jpg,5,papery,cardboard,2
papery/cardboard/cardboard196.jpg,5,papery,cardboard,3
papery/cardboard/cardboard73.jpg,5,papery,cardboard,4
papery/cardboard/cardboard642.jpg,5,papery,cardboard,3
papery/cardboard/cardboard158.jpg,5,papery,cardboard,4
papery/cardboard/cardboard270.jpg,5,papery,cardboard,4
papery/cardboard/cardboard572.jpg,5,papery,cardboard,5
papery/cardboard/cardboard417.jpg,5,papery,cardboard,5
papery/cardboard/cardboard717.jpg,5,papery,cardboard,4
papery/cardboard/cardboard716.jpg,5,papery,cardboard,3
papery/cardboard/cardboard880.jpg,5,papery,cardboard,5
papery/cardboard/cardboard152.jpg,5,papery,cardboard,3
papery/cardboard/cardboard546.jpg,5,papery,cardboard,3
papery/cardboard/cardboard389.jpg,5,papery,cardboard,3
papery/cardboard/cardboard628.jpg,5,papery,cardboard,4
papery/cardboard/cardboard404.jpg,5,papery,cardboard,2
papery/cardboard/cardboard551.jpg,5,papery,cardboard,5
papery/cardboard/cardboard178.jpg,5,papery,cardboard,4
papery/cardboard/cardboard367.jpg,5,papery,cardboard,5
papery/cardboard/cardboard647.jpg,5,papery,cardboard,5
papery/cardboard/cardboard396.jpg,5,papery,cardboard,2
papery/cardboard/cardboard44.jpg,5,papery,cardboard,3
papery/cardboard/cardboard467.jpg,5,papery,cardboard,2
papery/cardboard/cardboard608.jpg,5,papery,cardboard,2
papery/cardboard/cardboard110.jpg,5,papery,cardboard,5
papery/cardboard/cardboard708.jpg,5,papery,cardboard,2
papery/cardboard/cardboard359.jpg,5,papery,cardboard,2
papery/cardboard/cardboard446.jpg,5,papery,cardboard,4
papery/cardboard/cardboard840.jpg,5,papery,cardboard,3
papery/cardboard/cardboard520.jpg,5,papery,cardboard,4
papery/cardboard/cardboard303.jpg,5,papery,cardboard,3
papery/cardboard/cardboard738.jpg,5,papery,cardboard,5
papery/cardboard/cardboard347.jpg,5,papery,cardboard,4
papery/cardboard/cardboard640.jpg,5,papery,cardboard,4
papery/cardboard/cardboard502.jpg,5,papery,cardboard,2
papery/cardboard/cardboard32.jpg,5,papery,cardboard,4
papery/cardboard/cardboard632.jpg,5,papery,cardboard,5
papery/cardboard/cardboard529.jpg,5,papery,cardboard,3
papery/cardboard/cardboard693.jpg,5,papery,cardboard,4
papery/cardboard/cardboard259.jpg,5,papery,cardboard,2
papery/cardboard/cardboard302.jpg,5,papery,cardboard,2
papery/cardboard/cardboard888.jpg,5,papery,cardboard,5
papery/cardboard/cardboard866.jpg,5,papery,cardboard,3
papery/cardboard/cardboard833.jpg,5,papery,cardboard,2
papery/cardboard/cardboard518.jpg,5,papery,cardboard,2
papery/cardboard/cardboard191.jpg,5,papery,cardboard,4
papery/cardboard/cardboard579.jpg,5,papery,cardboard,3
papery/cardboard/cardboard55.jpg,5,papery,cardboard,5
papery/cardboard/cardboard232.jpg,5,papery,cardboard,3
papery/cardboard/cardboard441.jpg,5,papery,cardboard,2
papery/cardboard/cardboard462.jpg,5,papery,cardboard,5
papery/cardboard/cardboard658.jpg,5,papery,cardboard,3
papery/cardboard/cardboard507.jpg,5,papery,cardboard,4
papery/cardboard/cardboard468.jpg,5,papery,cardboard,2
papery/cardboard/cardboard92.jpg,5,papery,cardboard,2
papery/cardboard/cardboard88.jpg,5,papery,cardboard,4
papery/cardboard/cardboard451.jpg,5,papery,cardboard,5
papery/cardboard/cardboard423.jpg,5,papery,cardboard,3
papery/cardboard/cardboard802.jpg,5,papery,cardboard,5
papery/cardboard/cardboard246.jpg,5,papery,cardboard,4
papery/cardboard/cardboard498.jpg,5,papery,cardboard,4
papery/cardboard/cardboard851.jpg,5,papery,cardboard,3
papery/cardboard/cardboard480.jpg,5,papery,cardboard,5
papery/cardboard/cardboard12.jpg,5,papery,cardboard,3
papery/cardboard/cardboard610.jpg,5,papery,cardboard,4
papery/cardboard/cardboard386.jpg,5,papery,cardboard,3
papery/cardboard/cardboard766.jpg,5,papery,cardboard,3
papery/cardboard/cardboard578.jpg,5,papery,cardboard,4
papery/cardboard/cardboard729.jpg,5,papery,cardboard,3
papery/cardboard/cardboard379.jpg,5,papery,cardboard,5
papery/cardboard/cardboard692.jpg,5,papery,cardboard,4
papery/cardboard/cardboard163.jpg,5,papery,cardboard,2
papery/cardboard/cardboard106.jpg,5,papery,cardboard,5
papery/cardboard/cardboard407.jpg,5,papery,cardboard,5
papery/cardboard/cardboard183.jpg,5,papery,cardboard,5
papery/cardboard/cardboard827.jpg,5,papery,cardboard,5
papery/cardboard/cardboard371.jpg,5,papery,cardboard,4
papery/cardboard/cardboard495.jpg,5,papery,cardboard,5
papery/cardboard/cardboard166.jpg,5,papery,cardboard,2
papery/cardboard/cardboard211.jpg,5,papery,cardboard,2
papery/cardboard/cardboard390.jpg,5,papery,cardboard,5
papery/cardboard/cardboard583.jpg,5,papery,cardboard,4
papery/cardboard/cardboard856.jpg,5,papery,cardboard,3
papery/cardboard/cardboard304.jpg,5,papery,cardboard,2
papery/cardboard/cardboard864.jpg,5,papery,cardboard,5
papery/cardboard/cardboard609.jpg,5,papery,cardboard,2
papery/cardboard/cardboard66.jpg,5,papery,cardboard,5
papery/cardboard/cardboard186.jpg,5,papery,cardboard,4
papery/cardboard/cardboard797.jpg,5,papery,cardboard,3
papery/cardboard/cardboard804.jpg,5,papery,cardboard,3
papery/cardboard/cardboard750.jpg,5,papery,cardboard,2
papery/cardboard/cardboard700.jpg,5,papery,cardboard,2
papery/cardboard/cardboard221.jpg,5,papery,cardboard,4
papery/cardboard/cardboard10.jpg,5,papery,cardboard,4
papery/cardboard/cardboard805.jpg,5,papery,cardboard,3
papery/cardboard/cardboard857.jpg,5,papery,cardboard,2
papery/cardboard/cardboard281.jpg,5,papery,cardboard,5
papery/cardboard/cardboard59.jpg,5,papery,cardboard,5
papery/cardboard/cardboard668.jpg,5,papery,cardboard,3
papery/cardboard/cardboard288.jpg,5,papery,cardboard,2
papery/cardboard/cardboard867.jpg,5,papery,cardboard,4
papery/cardboard/cardboard746.jpg,5,papery,cardboard,5
papery/cardboard/cardboard255.jpg,5,papery,cardboard,4
papery/cardboard/cardboard748.jpg,5,papery,cardboard,5
papery/cardboard/cardboard293.jpg,5,papery,cardboard,5
papery/cardboard/cardboard652.jpg,5,papery,cardboard,2
papery/cardboard/cardboard418.jpg,5,papery,cardboard,5
papery/cardboard/cardboard630.jpg,5,papery,cardboard,2
papery/cardboard/cardboard148.jpg,5,papery,cardboard,2
papery/cardboard/cardboard532.jpg,5,papery,cardboard,3
papery/cardboard/cardboard289.jpg,5,papery,cardboard,3
papery/cardboard/cardboard777.jpg,5,papery,cardboard,5
papery/cardboard/cardboard454.jpg,5,papery,cardboard,2
papery/cardboard/cardboard124.jpg,5,papery,cardboard,2
papery/cardboard/cardboard234.jpg,5,papery,cardboard,3
papery/cardboard/cardboard715.jpg,5,papery,cardboard,3
papery/cardboard/cardboard87.jpg,5,papery,cardboard,4
papery/cardboard/cardboard280.jpg,5,papery,cardboard,3
papery/cardboard/cardboard78.jpg,5,papery,cardboard,4
papery/cardboard/cardboard830.jpg,5,papery,cardboard,3
papery/cardboard/cardboard204.jpg,5,papery,cardboard,3
papery/cardboard/cardboard126.jpg,5,papery,cardboard,3
papery/cardboard/cardboard192.jpg,5,papery,cardboard,5
papery/cardboard/cardboard863.jpg,5,papery,cardboard,4
papery/cardboard/cardboard354.jpg,5,papery,cardboard,3
papery/cardboard/cardboard552.jpg,5,papery,cardboard,4
papery/cardboard/cardboard24.jpg,5,papery,cardboard,4
papery/cardboard/cardboard882.jpg,5,papery,cardboard,3
papery/cardboard/cardboard258.jpg,5,papery,cardboard,3
papery/cardboard/cardboard471.jpg,5,papery,cardboard,2
papery/cardboard/cardboard341.jpg,5,papery,cardboard,5
papery/cardboard/cardboard600.jpg,5,papery,cardboard,3
papery/cardboard/cardboard31.jpg,5,papery,cardboard,5
papery/cardboard/cardboard637.jpg,5,papery,cardboard,2
papery/cardboard/cardboard337.jpg,5,papery,cardboard,5
papery/cardboard/cardboard27.jpg,5,papery,cardboard,3
papery/cardboard/cardboard15.jpg,5,papery,cardboard,5
papery/cardboard/cardboard455.jpg,5,papery,cardboard,3
papery/cardboard/cardboard30.jpg,5,papery,cardboard,3
papery/cardboard/cardboard333.jpg,5,papery,cardboard,3
papery/cardboard/cardboard20.jpg,5,papery,cardboard,4
papery/cardboard/cardboard306.jpg,5,papery,cardboard,2
papery/cardboard/cardboard384.jpg,5,papery,cardboard,4
papery/cardboard/cardboard339.jpg,5,papery,cardboard,5
papery/cardboard/cardboard765.jpg,5,papery,cardboard,3
papery/cardboard/cardboard877.jpg,5,papery,cardboard,4
papery/cardboard/cardboard138.jpg,5,papery,cardboard,3
papery/cardboard/cardboard711.jpg,5,papery,cardboard,4
papery/cardboard/cardboard143.jpg,5,papery,cardboard,4
papery/cardboard/cardboard350.jpg,5,papery,cardboard,3
papery/cardboard/cardboard391.jpg,5,papery,cardboard,3
papery/cardboard/cardboard744.jpg,5,papery,cardboard,3
papery/cardboard/cardboard144.jpg,5,papery,cardboard,3
papery/cardboard/cardboard635.jpg,5,papery,cardboard,2
papery/cardboard/cardboard759.jpg,5,papery,cardboard,2
papery/cardboard/cardboard749.jpg,5,papery,cardboard,3
papery/cardboard/cardboard757.jpg,5,papery,cardboard,4
papery/cardboard/cardboard443.jpg,5,papery,cardboard,2
papery/cardboard/cardboard236.jpg,5,papery,cardboard,2
papery/cardboard/cardboard1.jpg,5,papery,cardboard,5
papery/cardboard/cardboard528.jpg,5,papery,cardboard,5
papery/cardboard/cardboard448.jpg,5,papery,cardboard,3
papery/cardboard/cardboard809.jpg,5,papery,cardboard,3
papery/cardboard/cardboard530.jpg,5,papery,cardboard,4
papery/cardboard/cardboard168.jpg,5,papery,cardboard,2
papery/cardboard/cardboard145.jpg,5,papery,cardboard,2
papery/cardboard/cardboard815.jpg,5,papery,cardboard,4
papery/cardboard/cardboard594.jpg,5,papery,cardboard,3
papery/cardboard/cardboard266.jpg,5,papery,cardboard,5
papery/cardboard/cardboard821.jpg,5,papery,cardboard,5
papery/cardboard/cardboard120.jpg,5,papery,cardboard,3
papery/cardboard/cardboard732.jpg,5,papery,cardboard,3
papery/cardboard/cardboard5.jpg,5,papery,cardboard,4
papery/cardboard/cardboard589.jpg,5,papery,cardboard,4
papery/cardboard/cardboard484.jpg,5,papery,cardboard,4
papery/cardboard/cardboard381.jpg,5,papery,cardboard,2
papery/cardboard/cardboard365.jpg,5,papery,cardboard,2
papery/cardboard/cardboard398.jpg,5,papery,cardboard,2
papery/cardboard/cardboard646.jpg,5,papery,cardboard,4
papery/cardboard/cardboard172.jpg,5,papery,cardboard,4
papery/cardboard/cardboard2.jpg,5,papery,cardboard,4
papery/cardboard/cardboard731.jpg,5,papery,cardboard,2
papery/cardboard/cardboard193.jpg,5,papery,cardboard,4
papery/cardboard/cardboard180.jpg,5,papery,cardboard,5
papery/cardboard/cardboard707.jpg,5,papery,cardboard,5
papery/cardboard/cardboard751.jpg,5,papery,cardboard,5
papery/cardboard/cardboard305.jpg,5,papery,cardboard,3
papery/cardboard/cardboard373.jpg,5,papery,cardboard,4
papery/cardboard/cardboard521.jpg,5,papery,cardboard,4
papery/cardboard/cardboard85.jpg,5,papery,cardboard,4
papery/cardboard/cardboard400.jpg,5,papery,cardboard,3
papery/cardboard/cardboard348.jpg,5,papery,cardboard,3
papery/cardboard/cardboard351.jpg,5,papery,cardboard,2
papery/cardboard/cardboard438.jpg,5,papery,cardboard,4
papery/cardboard/cardboard613.jpg,5,papery,cardboard,4
papery/cardboard/cardboard137.jpg,5,papery,cardboard,3
papery/cardboard/cardboard67.jpg,5,papery,cardboard,5
papery/cardboard/cardboard587.jpg,5,papery,cardboard,5
papery/cardboard/cardboard883.jpg,5,papery,cardboard,2
papery/cardboard/cardboard806.jpg,5,papery,cardboard,3
papery/cardboard/cardboard550.jpg,5,papery,cardboard,2
papery/cardboard/cardboard728.jpg,5,papery,cardboard,2
papery/cardboard/cardboard227.jpg,5,papery,cardboard,4
papery/cardboard/cardboard128.jpg,5,papery,cardboard,4
papery/cardboard/cardboard135.jpg,5,papery,cardboard,4
papery/cardboard/cardboard340.jpg,5,papery,cardboard,3
papery/cardboard/cardboard357.jpg,5,papery,cardboard,4
papery/cardboard/cardboard115.jpg,5,papery,cardboard,2
papery/cardboard/cardboard240.jpg,5,papery,cardboard,4
papery/cardboard/cardboard702.jpg,5,papery,cardboard,4
papery/cardboard/cardboard282.jpg,5,papery,cardboard,4
papery/cardboard/cardboard427.jpg,5,papery,cardboard,3
papery/cardboard/cardboard268.jpg,5,papery,cardboard,5
papery/cardboard/cardboard639.jpg,5,papery,cardboard,3
papery/cardboard/cardboard86.jpg,5,papery,cardboard,5
papery/cardboard/cardboard165.jpg,5,papery,cardboard,5
papery/cardboard/cardboard730.jpg,5,papery,cardboard,4
papery/cardboard/cardboard631.jpg,5,papery,cardboard,2
papery/cardboard/cardboard3.jpg,5,papery,cardboard,2
papery/cardboard/cardboard378.jpg,5,papery,cardboard,4
papery/cardboard/cardboard737.jpg,5,papery,cardboard,5
papery/cardboard/cardboard782.jpg,5,papery,cardboard,4
papery/cardboard/cardboard680.jpg,5,papery,cardboard,2
papery/cardboard/cardboard201.jpg,5,papery,cardboard,5
papery/cardboard/cardboard545.jpg,5,papery,cardboard,5
papery/cardboard/cardboard611.jpg,5,papery,cardboard,5
papery/cardboard/cardboard169.jpg,5,papery,cardboard,3
papery/cardboard/cardboard49.jpg,5,papery,cardboard,5
papery/cardboard/cardboard366.jpg,5,papery,cardboard,5
papery/cardboard/cardboard95.jpg,5,papery,cardboard,2
papery/cardboard/cardboard509.jpg,5,papery,cardboard,4
papery/cardboard/cardboard664.jpg,5,papery,cardboard,2
papery/cardboard/cardboard301.jpg,5,papery,cardboard,3
papery/cardboard/cardboard436.jpg,5,papery,cardboard,2
papery/cardboard/cardboard492.jpg,5,papery,cardboard,5
papery/cardboard/cardboard662.jpg,5,papery,cardboard,2
papery/cardboard/cardboard591.jpg,5,papery,cardboard,2
papery/cardboard/cardboard701.jpg,5,papery,cardboard,2
papery/cardboard/cardboard241.jpg,5,papery,cardboard,4
papery/cardboard/cardboard368.jpg,5,papery,cardboard,2
papery/cardboard/cardboard531.jpg,5,papery,cardboard,2
papery/cardboard/cardboard853.jpg,5,papery,cardboard,2
papery/cardboard/cardboard113.jpg,5,papery,cardboard,2
papery/cardboard/cardboard252.jpg,5,papery,cardboard,3
papery/cardboard/cardboard385.jpg,5,papery,cardboard,5
papery/cardboard/cardboard432.jpg,5,papery,cardboard,4
papery/cardboard/cardboard458.jpg,5,papery,cardboard,4
papery/cardboard/cardboard515.jpg,5,papery,cardboard,3
papery/cardboard/cardboard847.jpg,5,papery,cardboard,5
papery/cardboard/cardboard7.jpg,5,papery,cardboard,3
papery/cardboard/cardboard714.jpg,5,papery,cardboard,5
papery/cardboard/cardboard184.jpg,5,papery,cardboard,4
papery/cardboard/cardboard773.jpg,5,papery,cardboard,2
papery/cardboard/cardboard879.jpg,5,papery,cardboard,3
papery/cardboard/cardboard645.jpg,5,papery,cardboard,2
papery/cardboard/cardboard727.jpg,5,papery,cardboard,2
papery/cardboard/cardboard612.jpg,5,papery,cardboard,2
papery/cardboard/cardboard826.jpg,5,papery,cardboard,3
papery/cardboard/cardboard524.jpg,5,papery,cardboard,2
papery/cardboard/cardboard540.jpg,5,papery,cardboard,4
papery/cardboard/cardboard584.jpg,5,papery,cardboard,5
papery/cardboard/cardboard555.jpg,5,papery,cardboard,4
papery/cardboard/cardboard206.jpg,5,papery,cardboard,5
papery/cardboard/cardboard94.jpg,5,papery,cardboard,3
papery/cardboard/cardboard745.jpg,5,papery,cardboard,3
papery/cardboard/cardboard686.jpg,5,papery,cardboard,3
papery/cardboard/cardboard466.jpg,5,papery,cardboard,5
papery/cardboard/cardboard452.jpg,5,papery,cardboard,3
papery/cardboard/cardboard860.jpg,5,papery,cardboard,5
papery/cardboard/cardboard764.jpg,5,papery,cardboard,5
papery/cardboard/cardboard527.jpg,5,papery,cardboard,4
papery/cardboard/cardboard713.jpg,5,papery,cardboard,4
papery/cardboard/cardboard295.jpg,5,papery,cardboard,4
papery/cardboard/cardboard182.jpg,5,papery,cardboard,2
papery/cardboard/cardboard780.jpg,5,papery,cardboard,5
papery/cardboard/cardboard273.jpg,5,papery,cardboard,3
papery/cardboard/cardboard262.jpg,5,papery,cardboard,5
papery/cardboard/cardboard666.jpg,5,papery,cardboard,4
papery/cardboard/cardboard585.jpg,5,papery,cardboard,4
papery/cardboard/cardboard476.jpg,5,papery,cardboard,2
papery/cardboard/cardboard6.jpg,5,papery,cardboard,5
papery/cardboard/cardboard133.jpg,5,papery,cardboard,2
papery/cardboard/cardboard442.jpg,5,papery,cardboard,3
papery/cardboard/cardboard394.jpg,5,papery,cardboard,5
papery/cardboard/cardboard477.jpg,5,papery,cardboard,2
papery/cardboard/cardboard65.jpg,5,papery,cardboard,4
papery/cardboard/cardboard501.jpg,5,papery,cardboard,2
papery/cardboard/cardboard672.jpg,5,papery,cardboard,2
papery/cardboard/cardboard122.jpg,5,papery,cardboard,4
papery/cardboard/cardboard260.jpg,5,papery,cardboard,3
papery/cardboard/cardboard752.jpg,5,papery,cardboard,4
papery/cardboard/cardboard850.jpg,5,papery,cardboard,5
papery/cardboard/cardboard83.jpg,5,papery,cardboard,2
papery/cardboard/cardboard558.jpg,5,papery,cardboard,3
papery/cardboard/cardboard636.jpg,5,papery,cardboard,2
papery/cardboard/cardboard309.jpg,5,papery,cardboard,2
papery/cardboard/cardboard523.jpg,5,papery,cardboard,3
papery/cardboard/cardboard690.jpg,5,papery,cardboard,2
papery/cardboard/cardboard846.jpg,5,papery,cardboard,4
papery/cardboard/cardboard885.jpg,5,papery,cardboard,2
papery/cardboard/cardboard218.jpg,5,papery,cardboard,3
papery/cardboard/cardboard9.jpg,5,papery,cardboard,3
papery/cardboard/cardboard699.jpg,5,papery,cardboard,2
papery/cardboard/cardboard790.jpg,5,papery,cardboard,5
papery/cardboard/cardboard807.jpg,5,papery,cardboard,5
papery/cardboard/cardboard624.jpg,5,papery,cardboard,3
papery/cardboard/cardboard33.jpg,5,papery,cardboard,2
papery/cardboard/cardboard109.jpg,5,papery,cardboard,2
papery/cardboard/cardboard242.jpg,5,papery,cardboard,4
papery/cardboard/cardboard514.jpg,5,papery,cardboard,4
papery/cardboard/cardboard769.jpg,5,papery,cardboard,3
papery/cardboard/cardboard203.jpg,5,papery,cardboard,4
papery/cardboard/cardboard425.jpg,5,papery,cardboard,5
papery/cardboard/cardboard592.jpg,5,papery,cardboard,5
papery/cardboard/cardboard872.jpg,5,papery,cardboard,2
papery/cardboard/cardboard845.jpg,5,papery,cardboard,2
papery/cardboard/cardboard19.jpg,5,papery,cardboard,3
papery/cardboard/cardboard450.jpg,5,papery,cardboard,2
papery/cardboard/cardboard753.jpg,5,papery,cardboard,3
papery/cardboard/cardboard222.jpg,5,papery,cardboard,5
papery/cardboard/cardboard874.jpg,5,papery,cardboard,2
papery/cardboard/cardboard886.jpg,5,papery,cardboard,2
papery/cardboard/cardboard275.jpg,5,papery,cardboard,2
papery/cardboard/cardboard580.jpg,5,papery,cardboard,5
papery/cardboard/cardboard248.jpg,5,papery,cardboard,5
papery/cardboard/cardboard429.jpg,5,papery,cardboard,4
papery/cardboard/cardboard223.jpg,5,papery,cardboard,4
papery/cardboard/cardboard416.jpg,5,papery,cardboard,5
papery/cardboard/cardboard48.jpg,5,papery,cardboard,3
papery/cardboard/cardboard459.jpg,5,papery,cardboard,4
papery/cardboard/cardboard320.jpg,5,papery,cardboard,2
papery/cardboard/cardboard582.jpg,5,papery,cardboard,4
papery/cardboard/cardboard626.jpg,5,papery,cardboard,3
papery/cardboard/cardboard100.jpg,5,papery,cardboard,5
papery/cardboard/cardboard225.jpg,5,papery,cardboard,2
papery/cardboard/cardboard387.jpg,5,papery,cardboard,2
papery/cardboard/cardboard461.jpg,5,papery,cardboard,3
papery/cardboard/cardboard198.jpg,5,papery,cardboard,5
papery/cardboard/cardboard625.jpg,5,papery,cardboard,2
papery/cardboard/cardboard740.jpg,5,papery,cardboard,4
papery/cardboard/cardboard332.jpg,5,papery,cardboard,4
papery/cardboard/cardboard331.jpg,5,papery,cardboard,2
papery/cardboard/cardboard890.jpg,5,papery,cardboard,2
papery/cardboard/cardboard224.jpg,5,papery,cardboard,5
papery/cardboard/cardboard116.jpg,5,papery,cardboard,2
papery/cardboard/cardboard796.jpg,5,papery,cardboard,4
papery/cardboard/cardboard239.jpg,5,papery,cardboard,4
papery/cardboard/cardboard556.jpg,5,papery,cardboard,5
papery/cardboard/cardboard478.jpg,5,papery,cardboard,2
papery/cardboard/cardboard775.jpg,5,papery,cardboard,2
papery/cardboard/cardboard435.jpg,5,papery,cardboard,3
papery/cardboard/cardboard369.jpg,5,papery,cardboard,5
papery/cardboard/cardboard284.jpg,5,papery,cardboard,5
papery/cardboard/cardboard160.jpg,5,papery,cardboard,3
papery/cardboard/cardboard157.jpg,5,papery,cardboard,5
papery/cardboard/cardboard544.jpg,5,papery,cardboard,3
papery/cardboard/cardboard758.jpg,5,papery,cardboard,3
papery/cardboard/cardboard98.jpg,5,papery,cardboard,4
papery/cardboard/cardboard164.jpg,5,papery,cardboard,5
papery/cardboard/cardboard861.jpg,5,papery,cardboard,4
papery/cardboard/cardboard685.jpg,5,papery,cardboard,2
papery/cardboard/cardboard57.jpg,5,papery,cardboard,4
papery/cardboard/cardboard187.jpg,5,papery,cardboard,2
papery/cardboard/cardboard162.jpg,5,papery,cardboard,2
papery/cardboard/cardboard317.jpg,5,papery,cardboard,4
papery/cardboard/cardboard485.jpg,5,papery,cardboard,5
papery/cardboard/cardboard653.jpg,5,papery,cardboard,5
papery/cardboard/cardboard606.jpg,5,papery,cardboard,4
papery/cardboard/cardboard40.jpg,5,papery,cardboard,3
papery/cardboard/cardboard125.jpg,5,papery,cardboard,4
papery/cardboard/cardboard889.jpg,5,papery,cardboard,5
papery/cardboard/cardboard349.jpg,5,papery,cardboard,3
papery/cardboard/cardboard488.jpg,5,papery,cardboard,3
papery/cardboard/cardboard63.jpg,5,papery,cardboard,5
papery/cardboard/cardboard682.jpg,5,papery,cardboard,4
papery/cardboard/cardboard397.jpg,5,papery,cardboard,3
papery/cardboard/cardboard799.jpg,5,papery,cardboard,3
papery/cardboard/cardboard229.jpg,5,papery,cardboard,5
papery/cardboard/cardboard189.jpg,5,papery,cardboard,5
papery/cardboard/cardboard486.jpg,5,papery,cardboard,2
papery/cardboard/cardboard155.jpg,5,papery,cardboard,5
papery/cardboard/cardboard101.jpg,5,papery,cardboard,5
papery/cardboard/cardboard722.jpg,5,papery,cardboard,4
papery/cardboard/cardboard344.jpg,5,papery,cardboard,4
papery/cardboard/cardboard703.jpg,5,papery,cardboard,4
papery/cardboard/cardboard382.jpg,5,papery,cardboard,2
papery/cardboard/cardboard64.jpg,5,papery,cardboard,2
papery/cardboard/cardboard250.jpg,5,papery,cardboard,3
papery/cardboard/cardboard834.jpg,5,papery,cardboard,4
papery/cardboard/cardboard319.jpg,5,papery,cardboard,3
papery/cardboard/cardboard470.jpg,5,papery,cardboard,2
papery/cardboard/cardboard375.jpg,5,papery,cardboard,3
papery/cardboard/cardboard104.jpg,5,papery,cardboard,2
papery/cardboard/cardboard444.jpg,5,papery,cardboard,5
papery/cardboard/cardboard547.jpg,5,papery,cardboard,5
papery/cardboard/cardboard836.jpg,5,papery,cardboard,5
papery/cardboard/cardboard174.jpg,5,papery,cardboard,5
papery/cardboard/cardboard47.jpg,5,papery,cardboard,2
papery/cardboard/cardboard170.jpg,5,papery,cardboard,2
papery/cardboard/cardboard230.jpg,5,papery,cardboard,4
papery/cardboard/cardboard136.jpg,5,papery,cardboard,2
papery/cardboard/cardboard149.jpg,5,papery,cardboard,5
papery/cardboard/cardboard338.jpg,5,papery,cardboard,5
papery/cardboard/cardboard819.jpg,5,papery,cardboard,5
papery/cardboard/cardboard79.jpg,5,papery,cardboard,2
papery/cardboard/cardboard226.jpg,5,papery,cardboard,3
papery/cardboard/cardboard276.jpg,5,papery,cardboard,3
papery/cardboard/cardboard497.jpg,5,papery,cardboard,5
papery/cardboard/cardboard175.jpg,5,papery,cardboard,5
papery/cardboard/cardboard675.jpg,5,papery,cardboard,2
papery/cardboard/cardboard678.jpg,5,papery,cardboard,5
papery/cardboard/cardboard117.jpg,5,papery,cardboard,3
papery/cardboard/cardboard406.jpg,5,papery,cardboard,2
papery/cardboard/cardboard837.jpg,5,papery,cardboard,3
papery/cardboard/cardboard539.jpg,5,papery,cardboard,4
papery/cardboard/cardboard261.jpg,5,papery,cardboard,4
papery/cardboard/cardboard724.jpg,5,papery,cardboard,5
papery/cardboard/cardboard322.jpg,5,papery,cardboard,3
papery/cardboard/cardboard687.jpg,5,papery,cardboard,5
papery/cardboard/cardboard171.jpg,5,papery,cardboard,2
papery/cardboard/cardboard419.jpg,5,papery,cardboard,2
papery/cardboard/cardboard257.jpg,5,papery,cardboard,4
papery/cardboard/cardboard474.jpg,5,papery,cardboard,3
papery/cardboard/cardboard725.jpg,5,papery,cardboard,4
papery/cardboard/cardboard376.jpg,5,papery,cardboard,3
papery/cardboard/cardboard770.jpg,5,papery,cardboard,4
papery/cardboard/cardboard421.jpg,5,papery,cardboard,5
papery/cardboard/cardboard411.jpg,5,papery,cardboard,3
papery/cardboard/cardboard195.jpg,5,papery,cardboard,5
papery/cardboard/cardboard649.jpg,5,papery,cardboard,4
papery/cardboard/cardboard272.jpg,5,papery,cardboard,5
papery/cardboard/cardboard808.jpg,5,papery,cardboard,5
papery/cardboard/cardboard475.jpg,5,papery,cardboard,5
papery/cardboard/cardboard364.jpg,5,papery,cardboard,2
papery/cardboard/cardboard723.jpg,5,papery,cardboard,5
papery/cardboard/cardboard299.jpg,5,papery,cardboard,5
papery/cardboard/cardboard659.jpg,5,papery,cardboard,4
papery/cardboard/cardboard403.jpg,5,papery,cardboard,5
papery/cardboard/cardboard575.jpg,5,papery,cardboard,4
papery/cardboard/cardboard93.jpg,5,papery,cardboard,2
papery/cardboard/cardboard315.jpg,5,papery,cardboard,3
papery/cardboard/cardboard58.jpg,5,papery,cardboard,4
papery/cardboard/cardboard326.jpg,5,papery,cardboard,4
papery/cardboard/cardboard447.jpg,5,papery,cardboard,2
papery/cardboard/cardboard370.jpg,5,papery,cardboard,3
papery/cardboard/cardboard327.jpg,5,papery,cardboard,3
papery/cardboard/cardboard574.jpg,5,papery,cardboard,5
papery/cardboard/cardboard832.jpg,5,papery,cardboard,4
papery/cardboard/cardboard602.jpg,5,papery,cardboard,4
papery/cardboard/cardboard567.jpg,5,papery,cardboard,3
papery/cardboard/cardboard525.jpg,5,papery,cardboard,2
papery/cardboard/cardboard202.jpg,5,papery,cardboard,2
papery/cardboard/cardboard569.jpg,5,papery,cardboard,2
papery/cardboard/cardboard408.jpg,5,papery,cardboard,2
papery/cardboard/cardboard828.jpg,5,papery,cardboard,2
papery/cardboard/cardboard510.jpg,5,papery,cardboard,4
papery/cardboard/cardboard345.jpg,5,papery,cardboard,5
papery/cardboard/cardboard197.jpg,5,papery,cardboard,4
papery/cardboard/cardboard590.jpg,5,papery,cardboard,3
papery/cardboard/cardboard108.jpg,5,papery,cardboard,4
papery/cardboard/cardboard420.jpg,5,papery,cardboard,5
papery/cardboard/cardboard97.jpg,5,papery,cardboard,3
papery/cardboard/cardboard294.jpg,5,papery,cardboard,4
papery/cardboard/cardboard698.jpg,5,papery,cardboard,5
papery/cardboard/cardboard307.jpg,5,papery,cardboard,2
papery/cardboard/cardboard741.jpg,5,papery,cardboard,3
papery/cardboard/cardboard762.jpg,5,papery,cardboard,5
papery/cardboard/cardboard253.jpg,5,papery,cardboard,2
papery/cardboard/cardboard519.jpg,5,papery,cardboard,5
papery/cardboard/cardboard8.jpg,5,papery,cardboard,2
papery/cardboard/cardboard564.jpg,5,papery,cardboard,2
papery/cardboard/cardboard374.jpg,5,papery,cardboard,5
papery/cardboard/cardboard355.jpg,5,papery,cardboard,4
papery/cardboard/cardboard798.jpg,5,papery,cardboard,3
papery/cardboard/cardboard526.jpg,5,papery,cardboard,5
papery/cardboard/cardboard712.jpg,5,papery,cardboard,5
papery/cardboard/cardboard663.jpg,5,papery,cardboard,3
papery/cardboard/cardboard129.jpg,5,papery,cardboard,2
papery/cardboard/cardboard75.jpg,5,papery,cardboard,3
papery/cardboard/cardboard735.jpg,5,papery,cardboard,5
papery/cardboard/cardboard56.jpg,5,papery,cardboard,2
papery/cardboard/cardboard875.jpg,5,papery,cardboard,4
papery/cardboard/cardboard346.jpg,5,papery,cardboard,3
papery/cardboard/cardboard870.jpg,5,papery,cardboard,3
papery/cardboard/cardboard215.jpg,5,papery,cardboard,5
papery/cardboard/cardboard114.jpg,5,papery,cardboard,2
papery/cardboard/cardboard433.jpg,5,papery,cardboard,3
papery/cardboard/cardboard23.jpg,5,papery,cardboard,4
papery/cardboard/cardboard887.jpg,5,papery,cardboard,2
papery/cardboard/cardboard71.jpg,5,papery,cardboard,4
papery/cardboard/cardboard704.jpg,5,papery,cardboard,3
papery/cardboard/cardboard279.jpg,5,papery,cardboard,3
papery/cardboard/cardboard719.jpg,5,papery,cardboard,5
papery/cardboard/cardboard621.jpg,5,papery,cardboard,3
papery/cardboard/cardboard244.jpg,5,papery,cardboard,5
papery/cardboard/cardboard445.jpg,5,papery,cardboard,5
papery/cardboard/cardboard325.jpg,5,papery,cardboard,5
papery/cardboard/cardboard90.jpg,5,papery,cardboard,4
papery/cardboard/cardboard264.jpg,5,papery,cardboard,4
papery/cardboard/cardboard542.jpg,5,papery,cardboard,2
papery/cardboard/cardboard29.jpg,5,papery,cardboard,2
papery/cardboard/cardboard620.jpg,5,papery,cardboard,3
papery/cardboard/cardboard313.jpg,5,papery,cardboard,2
papery/cardboard/cardboard249.jpg,5,papery,cardboard,3
papery/cardboard/cardboard188.jpg,5,papery,cardboard,3
papery/cardboard/cardboard107.jpg,5,papery,cardboard,4
papery/cardboard/cardboard755.jpg,5,papery,cardboard,3
papery/cardboard/cardboard691.jpg,5,papery,cardboard,3
papery/cardboard/cardboard562.jpg,5,papery,cardboard,2
papery/cardboard/cardboard822.jpg,5,papery,cardboard,5
papery/cardboard/cardboard314.jpg,5,papery,cardboard,2
papery/cardboard/cardboard656.jpg,5,papery,cardboard,3
papery/cardboard/cardboard38.jpg,5,papery,cardboard,3
papery/cardboard/cardboard395.jpg,5,papery,cardboard,2
papery/cardboard/cardboard453.jpg,5,papery,cardboard,4
papery/cardboard/cardboard831.jpg,5,papery,cardboard,2
papery/cardboard/cardboard657.jpg,5,papery,cardboard,5
papery/cardboard/cardboard548.jpg,5,papery,cardboard,3
papery/cardboard/cardboard881.jpg,5,papery,cardboard,4
papery/cardboard/cardboard563.jpg,5,papery,cardboard,2
papery/cardboard/cardboard823.jpg,5,papery,cardboard,3
papery/paper/paper639.jpg,5,papery,paper,2
papery/paper/paper779.jpg,5,papery,paper,5
papery/paper/paper293.jpg,5,papery,paper,4
papery/paper/paper152.jpg,5,papery,paper,4
papery/paper/paper1039.jpg,5,papery,paper,3
papery/paper/paper370.jpg,5,papery,paper,2
papery/paper/paper353.jpg,5,papery,paper,5
papery/paper/paper425.jpg,5,papery,paper,4
papery/paper/paper660.jpg,5,papery,paper,5
papery/paper/paper565.jpg,5,papery,paper,3
papery/paper/paper52.jpg,5,papery,paper,3
papery/paper/paper766.jpg,5,papery,paper,2
papery/paper/paper367.jpg,5,papery,paper,3
papery/paper/paper411.jpg,5,papery,paper,2
papery/paper/paper813.jpg,5,papery,paper,5
papery/paper/paper1037.jpg,5,papery,paper,5
papery/paper/paper356.jpg,5,papery,paper,3
papery/paper/paper518.jpg,5,papery,paper,3
papery/paper/paper607.jpg,5,papery,paper,5
papery/paper/paper189.jpg,5,papery,paper,2
papery/paper/paper408.jpg,5,papery,paper,5
papery/paper/paper102.jpg,5,papery,paper,4
papery/paper/paper778.jpg,5,papery,paper,4
papery/paper/paper333.jpg,5,papery,paper,5
papery/paper/paper134.jpg,5,papery,paper,3
papery/paper/paper938.jpg,5,papery,paper,3
papery/paper/paper21.jpg,5,papery,paper,3
papery/paper/paper3.jpg,5,papery,paper,3
papery/paper/paper963.jpg,5,papery,paper,3
papery/paper/paper947.jpg,5,papery,paper,5
papery/paper/paper231.jpg,5,papery,paper,4
papery/paper/paper545.jpg,5,papery,paper,4
papery/paper/paper1034.jpg,5,papery,paper,5
papery/paper/paper706.jpg,5,papery,paper,4
papery/paper/paper1021.jpg,5,papery,paper,2
papery/paper/paper170.jpg,5,papery,paper,3
papery/paper/paper842.jpg,5,papery,paper,3
papery/paper/paper606.jpg,5,papery,paper,5
papery/paper/paper526.jpg,5,papery,paper,3
papery/paper/paper911.jpg,5,papery,paper,4
papery/paper/paper537.jpg,5,papery,paper,2
papery/paper/paper871.jpg,5,papery,paper,4
papery/paper/paper377.jpg,5,papery,paper,5
papery/paper/paper689.jpg,5,papery,paper,3
papery/paper/paper950.jpg,5,papery,paper,2
papery/paper/paper900.jpg,5,papery,paper,2
papery/paper/paper885.jpg,5,papery,paper,3
papery/paper/paper443.jpg,5,papery,paper,5
papery/paper/paper657.jpg,5,papery,paper,5
papery/paper/paper304.jpg,5,papery,paper,3
papery/paper/paper298.jpg,5,papery,paper,3
papery/paper/paper280.jpg,5,papery,paper,2
papery/paper/paper13.jpg,5,papery,paper,5
papery/paper/paper448.jpg,5,papery,paper,3
papery/paper/paper252.jpg,5,papery,paper,4
papery/paper/paper153.jpg,5,papery,paper,3
papery/paper/paper382.jpg,5,papery,paper,4
papery/paper/paper953.jpg,5,papery,paper,2
papery/paper/paper63.jpg,5,papery,paper,3
papery/paper/paper76.jpg,5,papery,paper,5
papery/paper/paper23.jpg,5,papery,paper,2
papery/paper/paper715.jpg,5,papery,paper,5
papery/paper/paper675.jpg,5,papery,paper,5
papery/paper/paper785.jpg,5,papery,paper,3
papery/paper/paper238.jpg,5,papery,paper,4
papery/paper/paper872.jpg,5,papery,paper,2
papery/paper/paper337.jpg,5,papery,paper,3
papery/paper/paper796.jpg,5,papery,paper,3
papery/paper/paper247.jpg,5,papery,paper,2
papery/paper/paper593.jpg,5,papery,paper,4
papery/paper/paper147.jpg,5,papery,paper,4
papery/paper/paper179.jpg,5,papery,paper,5
papery/paper/paper647.jpg,5,papery,paper,4
papery/paper/paper422.jpg,5,papery,paper,2
papery/paper/paper401.jpg,5,papery,paper,3
papery/paper/paper513.jpg,5,papery,paper,2
papery/paper/paper387.jpg,5,papery,paper,3
papery/paper/paper26.jpg,5,papery,paper,2
papery/paper/paper138.jpg,5,papery,paper,4
papery/paper/paper643.jpg,5,papery,paper,3
papery/paper/paper501.jpg,5,papery,paper,3
papery/paper/paper376.jpg,5,papery,paper,3
papery/paper/paper811.jpg,5,papery,paper,5
papery/paper/paper328.jpg,5,papery,paper,4
papery/paper/paper833.jpg,5,papery,paper,4
papery/paper/paper225.jpg,5,papery,paper,2
papery/paper/paper581.jpg,5,papery,paper,5
papery/paper/paper274.jpg,5,papery,paper,4
papery/paper/paper957.jpg,5,papery,paper,2
papery/paper/paper749.jpg,5,papery,paper,5
papery/paper/paper57.jpg,5,papery,paper,4
papery/paper/paper429.jpg,5,papery,paper,2
papery/paper/paper549.jpg,5,papery,paper,4
papery/paper/paper1008.jpg,5,papery,paper,4
papery/paper/paper491.jpg,5,papery,paper,4
papery/paper/paper385.jpg,5,papery,paper,5
papery/paper/paper53.jpg,5,papery,paper,2
papery/paper/paper535.jpg,5,papery,paper,3
papery/paper/paper1031.jpg,5,papery,paper,2
papery/paper/paper732.jpg,5,papery,paper,4
papery/paper/paper887.jpg,5,papery,paper,4
papery/paper/paper899.jpg,5,papery,paper,4
papery/paper/paper40.jpg,5,papery,paper,5
papery/paper/paper997.jpg,5,papery,paper,4
papery/paper/paper7.jpg,5,papery,paper,3
papery/paper/paper207.jpg,5,papery,paper,4
papery/paper/paper204.jpg,5,papery,paper,3
papery/paper/paper398.jpg,5,papery,paper,5
papery/paper/paper611.jpg,5,papery,paper,2
papery/paper/paper977.jpg,5,papery,paper,3
papery/paper/paper541.jpg,5,papery,paper,5
papery/paper/paper818.jpg,5,papery,paper,5
papery/paper/paper494.jpg,5,papery,paper,4
papery/paper/paper644.jpg,5,papery,paper,4
papery/paper/paper944.jpg,5,papery,paper,4
papery/paper/paper517.jpg,5,papery,paper,5
papery/paper/paper135.jpg,5,papery,paper,5
papery/paper/paper104.jpg,5,papery,paper,2
papery/paper/paper619.jpg,5,papery,paper,2
papery/paper/paper880.jpg,5,papery,paper,3
papery/paper/paper841.jpg,5,papery,paper,2
papery/paper/paper822.jpg,5,papery,paper,2
papery/paper/paper534.jpg,5,papery,paper,5
papery/paper/paper628.jpg,5,papery,paper,2
papery/paper/paper499.jpg,5,papery,paper,2
papery/paper/paper983.jpg,5,papery,paper,3
papery/paper/paper318.jpg,5,papery,paper,5
papery/paper/paper745.jpg,5,papery,paper,3
papery/paper/paper393.jpg,5,papery,paper,4
papery/paper/paper860.jpg,5,papery,paper,3
papery/paper/paper19.jpg,5,papery,paper,4
papery/paper/paper347.jpg,5,papery,paper,5
papery/paper/paper665.jpg,5,papery,paper,3
papery/paper/paper878.jpg,5,papery,paper,4
papery/paper/paper529.jpg,5,papery,paper,2
papery/paper/paper678.jpg,5,papery,paper,5
papery/paper/paper449.jpg,5,papery,paper,4
papery/paper/paper341.jpg,5,papery,paper,4
papery/paper/paper851.jpg,5,papery,paper,2
papery/paper/paper936.jpg,5,papery,paper,5
papery/paper/paper416.jpg,5,papery,paper,3
papery/paper/paper459.jpg,5,papery,paper,2
papery/paper/paper875.jpg,5,papery,paper,2
papery/paper/paper148.jpg,5,papery,paper,4
papery/paper/paper532.jpg,5,papery,paper,4
papery/paper/paper162.jpg,5,papery,paper,5
papery/paper/paper291.jpg,5,papery,paper,4
papery/paper/paper961.jpg,5,papery,paper,5
papery/paper/paper680.jpg,5,papery,paper,4
papery/paper/paper232.jpg,5,papery,paper,5
papery/paper/paper755.jpg,5,papery,paper,4
papery/paper/paper610.jpg,5,papery,paper,3
papery/paper/paper330.jpg,5,papery,paper,3
papery/paper/paper210.jpg,5,papery,paper,5
papery/paper/paper850.jpg,5,papery,paper,2
papery/paper/paper250.jpg,5,papery,paper,2
papery/paper/paper859.jpg,5,papery,paper,4
papery/paper/paper85.jpg,5,papery,paper,3
papery/paper/paper125.jpg,5,papery,paper,5
papery/paper/paper949.jpg,5,papery,paper,5
papery/paper/paper505.jpg,5,papery,paper,5
papery/paper/paper795.jpg,5,papery,paper,4
papery/paper/paper84.jpg,5,papery,paper,3
papery/paper/paper585.jpg,5,papery,paper,5
papery/paper/paper346.jpg,5,papery,paper,5
papery/paper/paper116.jpg,5,papery,paper,4
papery/paper/paper819.jpg,5,papery,paper,2
papery/paper/paper114.jpg,5,papery,paper,4
papery/paper/paper470.jpg,5,papery,paper,3
papery/paper/paper9.jpg,5,papery,paper,2
papery/paper/paper308.jpg,5,papery,paper,3
papery/paper/paper902.jpg,5,papery,paper,4
papery/paper/paper596.jpg,5,papery,paper,3
papery/paper/paper1004.jpg,5,papery,paper,5
papery/paper/paper267.jpg,5,papery,paper,4
papery/paper/paper797.jpg,5,papery,paper,3
papery/paper/paper609.jpg,5,papery,paper,5
papery/paper/paper968.jpg,5,papery,paper,3
papery/paper/paper632.jpg,5,papery,paper,5
papery/paper/paper762.jpg,5,papery,paper,3
papery/paper/paper145.jpg,5,papery,paper,3
papery/paper/paper827.jpg,5,papery,paper,3
papery/paper/paper991.jpg,5,papery,paper,2
papery/paper/paper629.jpg,5,papery,paper,4
papery/paper/paper441.jpg,5,papery,paper,5
papery/paper/paper863.jpg,5,papery,paper,2
papery/paper/paper495.jpg,5,papery,paper,3
papery/paper/paper837.jpg,5,papery,paper,3
papery/paper/paper838.jpg,5,papery,paper,2
papery/paper/paper641.jpg,5,papery,paper,2
papery/paper/paper344.jpg,5,papery,paper,5
papery/paper/paper471.jpg,5,papery,paper,3
papery/paper/paper219.jpg,5,papery,paper,2
papery/paper/paper810.jpg,5,papery,paper,2
papery/paper/paper462.jpg,5,papery,paper,3
papery/paper/paper22.jpg,5,papery,paper,3
papery/paper/paper121.jpg,5,papery,paper,2
papery/paper/paper636.jpg,5,papery,paper,2
papery/paper/paper454.jpg,5,papery,paper,5
papery/paper/paper92.jpg,5,papery,paper,2
papery/paper/paper666.jpg,5,papery,paper,4
papery/paper/paper391.jpg,5,papery,paper,4
papery/paper/paper45.jpg,5,papery,paper,3
papery/paper/paper477.jpg,5,papery,paper,4
papery/paper/paper1043.jpg,5,papery,paper,3
papery/paper/paper414.jpg,5,papery,paper,3
papery/paper/paper829.jpg,5,papery,paper,5
papery/paper/paper1026.jpg,5,papery,paper,2
papery/paper/paper487.jpg,5,papery,paper,4
papery/paper/paper254.jpg,5,papery,paper,3
papery/paper/paper548.jpg,5,papery,paper,4
papery/paper/paper671.jpg,5,papery,paper,3
papery/paper/paper721.jpg,5,papery,paper,4
papery/paper/paper201.jpg,5,papery,paper,3
papery/paper/paper430.jpg,5,papery,paper,5
papery/paper/paper731.jpg,5,papery,paper,2
papery/paper/paper31.jpg,5,papery,paper,2
papery/paper/paper782.jpg,5,papery,paper,3
papery/paper/paper420.jpg,5,papery,paper,5
papery/paper/paper701.jpg,5,papery,paper,2
papery/paper/paper759.jpg,5,papery,paper,5
papery/paper/paper168.jpg,5,papery,paper,4
papery/paper/paper103.jpg,5,papery,paper,2
papery/paper/paper283.jpg,5,papery,paper,2
papery/paper/paper445.jpg,5,papery,paper,5
papery/paper/paper528.jpg,5,papery,paper,3
papery/paper/paper504.jpg,5,papery,paper,4
papery/paper/paper996.jpg,5,papery,paper,2
papery/paper/paper184.jpg,5,papery,paper,2
papery/paper/paper696.jpg,5,papery,paper,4
papery/paper/paper989.jpg,5,papery,paper,3
papery/paper/paper748.jpg,5,papery,paper,5
papery/paper/paper594.jpg,5,papery,paper,4
papery/paper/paper654.jpg,5,papery,paper,5
papery/paper/paper688.jpg,5,papery,paper,2
papery/paper/paper48.jpg,5,papery,paper,4
papery/paper/paper384.jpg,5,papery,paper,3
papery/paper/paper469.jpg,5,papery,paper,4
papery/paper/paper39.jpg,5,papery,paper,5
papery/paper/paper410.jpg,5,papery,paper,4
papery/paper/paper215.jpg,5,papery,paper,4
papery/paper/paper457.jpg,5,papery,paper,3
papery/paper/paper932.jpg,5,papery,paper,4
papery/paper/paper904.jpg,5,papery,paper,2
papery/paper/paper646.jpg,5,papery,paper,4
papery/paper/paper970.jpg,5,papery,paper,3
papery/paper/paper725.jpg,5,papery,paper,4
papery/paper/paper1017.jpg,5,papery,paper,4
papery/paper/paper259.jpg,5,papery,paper,4
papery/paper/paper915.jpg,5,papery,paper,3
papery/paper/paper213.jpg,5,papery,paper,2
papery/paper/paper351.jpg,5,papery,paper,3
papery/paper/paper967.jpg,5,papery,paper,4
papery/paper/paper650.jpg,5,papery,paper,5
papery/paper/paper807.jpg,5,papery,paper,2
papery/paper/paper694.jpg,5,papery,paper,3
papery/paper/paper948.jpg,5,papery,paper,2
papery/paper/paper709.jpg,5,papery,paper,5
papery/paper/paper128.jpg,5,papery,paper,5
papery/paper/paper562.jpg,5,papery,paper,2
papery/paper/paper825.jpg,5,papery,paper,3
papery/paper/paper969.jpg,5,papery,paper,2
papery/paper/paper586.jpg,5,papery,paper,4
papery/paper/paper32.jpg,5,papery,paper,5
papery/paper/paper188.jpg,5,papery,paper,5
papery/paper/paper323.jpg,5,papery,paper,3
papery/paper/paper712.jpg,5,papery,paper,3
papery/paper/paper653.jpg,5,papery,paper,5
papery/paper/paper812.jpg,5,papery,paper,3
papery/paper/paper520.jpg,5,papery,paper,4
papery/paper/paper690.jpg,5,papery,paper,3
papery/paper/paper1042.jpg,5,papery,paper,3
papery/paper/paper777.jpg,5,papery,paper,2
papery/paper/paper705.jpg,5,papery,paper,4
papery/paper/paper717.jpg,5,papery,paper,5
papery/paper/paper533.jpg,5,papery,paper,2
papery/paper/paper1050.jpg,5,papery,paper,3
papery/paper/paper86.jpg,5,papery,paper,2
papery/paper/paper260.jpg,5,papery,paper,3
papery/paper/paper17.jpg,5,papery,paper,5
papery/paper/paper613.jpg,5,papery,paper,3
papery/paper/paper589.jpg,5,papery,paper,4
papery/paper/paper27.jpg,5,papery,paper,4
papery/paper/paper66.jpg,5,papery,paper,2
papery/paper/paper912.jpg,5,papery,paper,3
papery/paper/paper515.jpg,5,papery,paper,5
papery/paper/paper342.jpg,5,papery,paper,2
papery/paper/paper780.jpg,5,papery,paper,5
papery/paper/paper363.jpg,5,papery,paper,2
papery/paper/paper523.jpg,5,papery,paper,3
papery/paper/paper792.jpg,5,papery,paper,2
papery/paper/paper1012.jpg,5,papery,paper,2
papery/paper/paper316.jpg,5,papery,paper,4
papery/paper/paper917.jpg,5,papery,paper,3
papery/paper/paper547.jpg,5,papery,paper,5
papery/paper/paper626.jpg,5,papery,paper,2
papery/paper/paper375.jpg,5,papery,paper,4
papery/paper/paper35.jpg,5,papery,paper,4
papery/paper/paper890.jpg,5,papery,paper,3
papery/paper/paper190.jpg,5,papery,paper,4
papery/paper/paper208.jpg,5,papery,paper,3
papery/paper/paper120.jpg,5,papery,paper,4
papery/paper/paper34.jpg,5,papery,paper,2
papery/paper/paper196.jpg,5,papery,paper,5
papery/paper/paper503.jpg,5,papery,paper,4
papery/paper/paper223.jpg,5,papery,paper,4
papery/paper/paper275.jpg,5,papery,paper,5
papery/paper/paper1038.jpg,5,papery,paper,3
papery/paper/paper726.jpg,5,papery,paper,2
papery/paper/paper417.jpg,5,papery,paper,5
papery/paper/paper435.jpg,5,papery,paper,5
papery/paper/paper124.jpg,5,papery,paper,4
papery/paper/paper966.jpg,5,papery,paper,5
papery/paper/paper839.jpg,5,papery,paper,5
papery/paper/paper928.jpg,5,papery,paper,3
papery/paper/paper857.jpg,5,papery,paper,3
papery/paper/paper380.jpg,5,papery,paper,2
papery/paper/paper368.jpg,5,papery,paper,2
papery/paper/paper668.jpg,5,papery,paper,4
papery/paper/paper160.jpg,5,papery,paper,3
papery/paper/paper648.jpg,5,papery,paper,3
papery/paper/paper542.jpg,5,papery,paper,2
papery/paper/paper24.jpg,5,papery,paper,4
papery/paper/paper174.jpg,5,papery,paper,5
papery/paper/paper608.jpg,5,papery,paper,2
papery/paper/paper959.jpg,5,papery,paper,2
papery/paper/paper388.jpg,5,papery,paper,3
papery/paper/paper995.jpg,5,papery,paper,4
papery/paper/paper249.jpg,5,papery,paper,2
papery/paper/paper656.jpg,5,papery,paper,3
papery/paper/paper1032.jpg,5,papery,paper,5
papery/paper/paper662.jpg,5,papery,paper,3
papery/paper/paper392.jpg,5,papery,paper,4
papery/paper/paper576.jpg,5,papery,paper,2
papery/paper/paper571.jpg,5,papery,paper,2
papery/paper/paper677.jpg,5,papery,paper,2
papery/paper/paper110.jpg,5,papery,paper,4
papery/paper/paper296.jpg,5,papery,paper,3
papery/paper/paper467.jpg,5,papery,paper,4
papery/paper/paper522.jpg,5,papery,paper,2
papery/paper/paper99.jpg,5,papery,paper,5
papery/paper/paper852.jpg,5,papery,paper,5
papery/paper/paper423.jpg,5,papery,paper,4
papery/paper/paper788.jpg,5,papery,paper,3
papery/paper/paper289.jpg,5,papery,paper,2
papery/paper/paper734.jpg,5,papery,paper,2
papery/paper/paper707.jpg,5,papery,paper,3
papery/paper/paper297.jpg,5,papery,paper,3
papery/paper/paper2.jpg,5,papery,paper,5
papery/paper/paper33.jpg,5,papery,paper,3
papery/paper/paper750.jpg,5,papery,paper,3
papery/paper/paper713.jpg,5,papery,paper,4
papery/paper/paper437.jpg,5,papery,paper,5
papery/paper/paper824.jpg,5,papery,paper,3
papery/paper/paper306.jpg,5,papery,paper,5
papery/paper/paper1044.jpg,5,papery,paper,5
papery/paper/paper68.jpg,5,papery,paper,5
papery/paper/paper582.jpg,5,papery,paper,3
papery/paper/paper560.jpg,5,papery,paper,2
papery/paper/paper369.jpg,5,papery,paper,2
papery/paper/paper481.jpg,5,papery,paper,3
papery/paper/paper43.jpg,5,papery,paper,3
papery/paper/paper727.jpg,5,papery,paper,4
papery/paper/paper195.jpg,5,papery,paper,3
papery/paper/paper931.jpg,5,papery,paper,5
papery/paper/paper30.jpg,5,papery,paper,2
papery/paper/paper988.jpg,5,papery,paper,5
papery/paper/paper679.jpg,5,papery,paper,5
papery/paper/paper720.jpg,5,papery,paper,3
papery/paper/paper808.jpg,5,papery,paper,3
papery/paper/paper131.jpg,5,papery,paper,2
papery/paper/paper631.jpg,5,papery,paper,4
papery/paper/paper313.jpg,5,papery,paper,5
papery/paper/paper865.jpg,5,papery,paper,5
papery/paper/paper237.jpg,5,papery,paper,2
papery/paper/paper434.jpg,5,papery,paper,5
papery/paper/paper77.jpg,5,papery,paper,4
papery/paper/paper146.jpg,5,papery,paper,2
papery/paper/paper428.jpg,5,papery,paper,2
papery/paper/paper165.jpg,5,papery,paper,5
papery/paper/paper447.jpg,5,papery,paper,3
papery/paper/paper893.jpg,5,papery,paper,5
papery/paper/paper672.jpg,5,papery,paper,2
papery/paper/paper908.jpg,5,papery,paper,3
papery/paper/paper640.jpg,5,papery,paper,5
papery/paper/paper509.jpg,5,papery,paper,3
papery/paper/paper862.jpg,5,papery,paper,3
papery/paper/paper197.jpg,5,papery,paper,4
papery/paper/paper805.jpg,5,papery,paper,2
papery/paper/paper129.jpg,5,papery,paper,4
papery/paper/paper233.jpg,5,papery,paper,5
papery/paper/paper314.jpg,5,papery,paper,4
papery/paper/paper93.jpg,5,papery,paper,5
papery/paper/paper158.jpg,5,papery,paper,4
papery/paper/paper136.jpg,5,papery,paper,2
papery/paper/paper620.jpg,5,papery,paper,4
papery/paper/paper883.jpg,5,papery,paper,2
papery/paper/paper182.jpg,5,papery,paper,2
papery/paper/paper685.jpg,5,papery,paper,4
papery/paper/paper1001.jpg,5,papery,paper,3
papery/paper/paper982.jpg,5,papery,paper,4
papery/paper/paper642.jpg,5,papery,paper,5
papery/paper/paper105.jpg,5,papery,paper,4
papery/paper/paper421.jpg,5,papery,paper,5
papery/paper/paper1024.jpg,5,papery,paper,5
papery/paper/paper486.jpg,5,papery,paper,3
papery/paper/paper624.jpg,5,papery,paper,5
papery/paper/paper139.jpg,5,papery,paper,2
papery/paper/paper695.jpg,5,papery,paper,3
papery/paper/paper663.jpg,5,papery,paper,3
papery/paper/paper540.jpg,5,papery,paper,3
papery/paper/paper279.jpg,5,papery,paper,3
papery/paper/paper176.jpg,5,papery,paper,4
papery/paper/paper752.jpg,5,papery,paper,4
papery/paper/paper645.jpg,5,papery,paper,3
papery/paper/paper994.jpg,5,papery,paper,3
papery/paper/paper374.jpg,5,papery,paper,2
papery/paper/paper502.jpg,5,papery,paper,4
papery/paper/paper744.jpg,5,papery,paper,5
papery/paper/paper798.jpg,5,papery,paper,5
papery/paper/paper206.jpg,5,papery,paper,2
papery/paper/paper261.jpg,5,papery,paper,2
papery/paper/paper659.jpg,5,papery,paper,4
papery/paper/paper828.jpg,5,papery,paper,2
papery/paper/paper355.jpg,5,papery,paper,3
papery/paper/paper177.jpg,5,papery,paper,5
papery/paper/paper702.jpg,5,papery,paper,2
papery/paper/paper273.jpg,5,papery,paper,4
papery/paper/paper256.jpg,5,papery,paper,4
papery/paper/paper711.jpg,5,papery,paper,2
papery/paper/paper272.jpg,5,papery,paper,5
papery/paper/paper396.jpg,5,papery,paper,2
papery/paper/paper979.jpg,5,papery,paper,2
papery/paper/paper82.jpg,5,papery,paper,3
papery/paper/paper832.jpg,5,papery,paper,3
papery/paper/paper324.jpg,5,papery,paper,4
papery/paper/paper264.jpg,5,papery,paper,5
papery/paper/paper1015.jpg,5,papery,paper,3
papery/paper/paper916.jpg,5,papery,paper,3
papery/paper/paper625.jpg,5,papery,paper,4
papery/paper/paper88.jpg,5,papery,paper,5
papery/paper/paper633.jpg,5,papery,paper,5
papery/paper/paper331.jpg,5,papery,paper,2
papery/paper/paper427.jpg,5,papery,paper,2
papery/paper/paper740.jpg,5,papery,paper,4
papery/paper/paper446.jpg,5,papery,paper,2
papery/paper/paper964.jpg,5,papery,paper,5
papery/paper/paper253.jpg,5,papery,paper,5
papery/paper/paper349.jpg,5,papery,paper,4
papery/paper/paper294.jpg,5,papery,paper,2
papery/paper/paper178.jpg,5,papery,paper,3
papery/paper/paper117.jpg,5,papery,paper,2
papery/paper/paper771.jpg,5,papery,paper,5
papery/paper/paper550.jpg,5,papery,paper,3
papery/paper/paper132.jpg,5,papery,paper,3
papery/paper/paper303.jpg,5,papery,paper,2
papery/paper/paper1006.jpg,5,papery,paper,3
papery/paper/paper357.jpg,5,papery,paper,5
papery/paper/paper466.jpg,5,papery,paper,3
papery/paper/paper244.jpg,5,papery,paper,2
papery/paper/paper743.jpg,5,papery,paper,5
papery/paper/paper514.jpg,5,papery,paper,4
papery/paper/paper16.jpg,5,papery,paper,5
papery/paper/paper358.jpg,5,papery,paper,2
papery/paper/paper753.jpg,5,papery,paper,2
papery/paper/paper216.jpg,5,papery,paper,4
papery/paper/paper302.jpg,5,papery,paper,5
papery/paper/paper329.jpg,5,papery,paper,4
papery/paper/paper227.jpg,5,papery,paper,2
papery/paper/paper1046.jpg,5,papery,paper,4
papery/paper/paper555.jpg,5,papery,paper,5
papery/paper/paper861.jpg,5,papery,paper,2
papery/paper/paper956.jpg,5,papery,paper,2
papery/paper/paper65.jpg,5,papery,paper,3
papery/paper/paper768.jpg,5,papery,paper,2
papery/paper/paper317.jpg,5,papery,paper,5
papery/paper/paper992.jpg,5,papery,paper,4
papery/paper/paper171.jpg,5,papery,paper,3
papery/paper/paper263.jpg,5,papery,paper,5
papery/paper/paper683.jpg,5,papery,paper,3
papery/paper/paper945.jpg,5,papery,paper,3
papery/paper/paper697.jpg,5,papery,paper,3
papery/paper/paper157.jpg,5,papery,paper,3
papery/paper/paper506.jpg,5,papery,paper,5
papery/paper/paper806.jpg,5,papery,paper,4
papery/paper/paper476.jpg,5,papery,paper,2
papery/paper/paper243.jpg,5,papery,paper,5
papery/paper/paper814.jpg,5,papery,paper,4
papery/paper/paper747.jpg,5,papery,paper,4
papery/paper/paper295.jpg,5,papery,paper,2
papery/paper/paper413.jpg,5,papery,paper,3
papery/paper/paper941.jpg,5,papery,paper,5
papery/paper/paper974.jpg,5,papery,paper,5
papery/paper/paper11.jpg,5,papery,paper,5
papery/paper/paper399.jpg,5,papery,paper,4
papery/paper/paper784.jpg,5,papery,paper,4
papery/paper/paper553.jpg,5,papery,paper,2
papery/paper/paper12.jpg,5,papery,paper,3
papery/paper/paper975.jpg,5,papery,paper,5
papery/paper/paper954.jpg,5,papery,paper,5
papery/paper/paper919.jpg,5,papery,paper,2
papery/paper/paper489.jpg,5,papery,paper,3
papery/paper/paper14.jpg,5,papery,paper,4
papery/paper/paper404.jpg,5,papery,paper,4
papery/paper/paper181.jpg,5,papery,paper,5
papery/paper/paper1022.jpg,5,papery,paper,4
papery/paper/paper224.jpg,5,papery,paper,3
papery/paper/paper757.jpg,5,papery,paper,2
papery/paper/paper140.jpg,5,papery,paper,4
papery/paper/paper539.jpg,5,papery,paper,3
papery/paper/paper670.jpg,5,papery,paper,3
papery/paper/paper568.jpg,5,papery,paper,2
papery/paper/paper682.jpg,5,papery,paper,4
papery/paper/paper667.jpg,5,papery,paper,2
papery/paper/paper588.jpg,5,papery,paper,5
papery/paper/paper239.jpg,5,papery,paper,2
papery/paper/paper874.jpg,5,papery,paper,4
papery/paper/paper789.jpg,5,papery,paper,3
papery/paper/paper300.jpg,5,papery,paper,5
papery/paper/paper987.jpg,5,papery,paper,5
papery/paper/paper405.jpg,5,papery,paper,4
papery/paper/paper310.jpg,5,papery,paper,5
papery/paper/paper914.jpg,5,papery,paper,2
papery/paper/paper137.jpg,5,papery,paper,4
papery/paper/paper884.jpg,5,papery,paper,3
papery/paper/paper415.jpg,5,papery,paper,4
papery/paper/paper460.jpg,5,papery,paper,4
papery/paper/paper836.jpg,5,papery,paper,4
papery/paper/paper235.jpg,5,papery,paper,4
papery/paper/paper858.jpg,5,papery,paper,5
papery/paper/paper876.jpg,5,papery,paper,4
papery/paper/paper673.jpg,5,papery,paper,2
papery/paper/paper776.jpg,5,papery,paper,2
papery/paper/paper575.jpg,5,papery,paper,4
papery/paper/paper319.jpg,5,papery,paper,5
papery/paper/paper74.jpg,5,papery,paper,5
papery/paper/paper55.jpg,5,papery,paper,2
papery/paper/paper691.jpg,5,papery,paper,3
papery/paper/paper1000.jpg,5,papery,paper,5
papery/paper/paper888.jpg,5,papery,paper,2
papery/paper/paper108.jpg,5,papery,paper,3
papery/paper/paper774.jpg,5,papery,paper,4
papery/paper/paper544.jpg,5,papery,paper,2
papery/paper/paper716.jpg,5,papery,paper,2
papery/paper/paper801.jpg,5,papery,paper,5
papery/paper/paper634.jpg,5,papery,paper,5
papery/paper/paper389.jpg,5,papery,paper,2
papery/paper/paper79.jpg,5,papery,paper,4
papery/paper/paper574.jpg,5,papery,paper,5
papery/paper/paper592.jpg,5,papery,paper,2
papery/paper/paper251.jpg,5,papery,paper,3
papery/paper/paper909.jpg,5,papery,paper,2
papery/paper/paper1014.jpg,5,papery,paper,5
papery/paper/paper925.jpg,5,papery,paper,4
papery/paper/paper70.jpg,5,papery,paper,2
papery/paper/paper564.jpg,5,papery,paper,2
papery/paper/paper658.jpg,5,papery,paper,2
papery/paper/paper570.jpg,5,papery,paper,5
papery/paper/paper90.jpg,5,papery,paper,4
papery/paper/paper536.jpg,5,papery,paper,4
papery/paper/paper728.jpg,5,papery,paper,5
papery/paper/paper278.jpg,5,papery,paper,3
papery/paper/paper927.jpg,5,papery,paper,3
papery/paper/paper269.jpg,5,papery,paper,2
papery/paper/paper873.jpg,5,papery,paper,2
papery/paper/paper315.jpg,5,papery,paper,5
papery/paper/paper972.jpg,5,papery,paper,4
papery/paper/paper772.jpg,5,papery,paper,4
papery/paper/paper524.jpg,5,papery,paper,3
papery/paper/paper301.jpg,5,papery,paper,5
papery/paper/paper886.jpg,5,papery,paper,3
papery/paper/paper67.jpg,5,papery,paper,5
papery/paper/paper42.jpg,5,papery,paper,4
papery/paper/paper230.jpg,5,papery,paper,2
papery/paper/paper971.jpg,5,papery,paper,5
papery/paper/paper612.jpg,5,papery,paper,2
papery/paper/paper352.jpg,5,papery,paper,2
papery/paper/paper616.jpg,5,papery,paper,2
papery/paper/paper379.jpg,5,papery,paper,5
papery/paper/paper531.jpg,5,papery,paper,4
papery/paper/paper590.jpg,5,papery,paper,2
papery/paper/paper868.jpg,5,papery,paper,3
papery/paper/paper493.jpg,5,papery,paper,2
papery/paper/paper478.jpg,5,papery,paper,4
papery/paper/paper453.jpg,5,papery,paper,2
papery/paper/paper638.jpg,5,papery,paper,2
papery/paper/paper126.jpg,5,papery,paper,4
papery/paper/paper288.jpg,5,papery,paper,3
papery/paper/paper438.jpg,5,papery,paper,4
papery/paper/paper1041.jpg,5,papery,paper,2
papery/paper/paper853.jpg,5,papery,paper,2
papery/paper/paper741.jpg,5,papery,paper,3
papery/paper/paper763.jpg,5,papery,paper,5
papery/paper/paper767.jpg,5,papery,paper,4
papery/paper/paper262.jpg,5,papery,paper,2
papery/paper/paper432.jpg,5,papery,paper,4
papery/paper/paper604.jpg,5,papery,paper,4
papery/paper/paper882.jpg,5,papery,paper,3
papery/paper/paper488.jpg,5,papery,paper,2
papery/paper/paper41.jpg,5,papery,paper,4
papery/paper/paper692.jpg,5,papery,paper,3
papery/paper/paper770.jpg,5,papery,paper,3
papery/paper/paper783.jpg,5,papery,paper,4
papery/paper/paper47.jpg,5,papery,paper,3
papery/paper/paper981.jpg,5,papery,paper,3
papery/paper/paper962.jpg,5,papery,paper,4
papery/paper/paper345.jpg,5,papery,paper,3
papery/paper/paper855.jpg,5,papery,paper,3
papery/paper/paper614.jpg,5,papery,paper,3
papery/paper/paper866.jpg,5,papery,paper,2
papery/paper/paper456.jpg,5,papery,paper,5
papery/paper/paper864.jpg,5,papery,paper,2
papery/paper/paper892.jpg,5,papery,paper,4
papery/paper/paper119.jpg,5,papery,paper,5
papery/paper/paper97.jpg,5,papery,paper,4
papery/paper/paper595.jpg,5,papery,paper,5
papery/paper/paper5.jpg,5,papery,paper,2
papery/paper/paper758.jpg,5,papery,paper,5
papery/paper/paper49.jpg,5,papery,paper,4
papery/paper/paper704.jpg,5,papery,paper,2
papery/paper/paper563.jpg,5,papery,paper,4
papery/paper/paper821.jpg,5,papery,paper,2
papery/paper/paper465.jpg,5,papery,paper,4
papery/paper/paper946.jpg,5,papery,paper,2
papery/paper/paper118.jpg,5,papery,paper,2
papery/paper/paper791.jpg,5,papery,paper,5
papery/paper/paper485.jpg,5,papery,paper,4
papery/paper/paper569.jpg,5,papery,paper,2
papery/paper/paper409.jpg,5,papery,paper,4
papery/paper/paper350.jpg,5,papery,paper,2
papery/paper/paper738.jpg,5,papery,paper,2
papery/paper/paper193.jpg,5,papery,paper,4
papery/paper/paper286.jpg,5,papery,paper,4
papery/paper/paper112.jpg,5,papery,paper,4
papery/paper/paper156.jpg,5,papery,paper,5
papery/paper/paper348.jpg,5,papery,paper,2
papery/paper/paper20.jpg,5,papery,paper,5
papery/paper/paper340.jpg,5,papery,paper,2
papery/paper/paper781.jpg,5,papery,paper,2
papery/paper/paper484.jpg,5,papery,paper,3
papery/paper/paper1025.jpg,5,papery,paper,4
papery/paper/paper29.jpg,5,papery,paper,4
papery/paper/paper655.jpg,5,papery,paper,5
papery/paper/paper761.jpg,5,papery,paper,3
papery/paper/paper412.jpg,5,papery,paper,3
papery/paper/paper538.jpg,5,papery,paper,2
papery/paper/paper245.jpg,5,papery,paper,5
papery/paper/paper1011.jpg,5,papery,paper,4
papery/paper/paper1003.jpg,5,papery,paper,3
papery/paper/paper894.jpg,5,papery,paper,3
papery/paper/paper848.jpg,5,papery,paper,4
papery/paper/paper343.jpg,5,papery,paper,3
papery/paper/paper723.jpg,5,papery,paper,2
papery/paper/paper325.jpg,5,papery,paper,3
papery/paper/paper217.jpg,5,papery,paper,3
papery/paper/paper473.jpg,5,papery,paper,2
papery/paper/paper450.jpg,5,papery,paper,2
papery/paper/paper735.jpg,5,papery,paper,4
papery/paper/paper1009.jpg,5,papery,paper,2
papery/paper/paper107.jpg,5,papery,paper,5
papery/paper/paper276.jpg,5,papery,paper,3
papery/paper/paper600.jpg,5,papery,paper,5
papery/paper/paper799.jpg,5,papery,paper,5
papery/paper/paper397.jpg,5,papery,paper,3
papery/paper/paper321.jpg,5,papery,paper,3
papery/paper/paper929.jpg,5,papery,paper,4
papery/paper/paper406.jpg,5,papery,paper,2
papery/paper/paper942.jpg,5,papery,paper,3
papery/paper/paper311.jpg,5,papery,paper,2
papery/paper/paper183.jpg,5,papery,paper,2
papery/paper/paper737.jpg,5,papery,paper,5
papery/paper/paper746.jpg,5,papery,paper,2
papery/paper/paper573.jpg,5,papery,paper,3
papery/paper/paper661.jpg,5,papery,paper,2
papery/paper/paper479.jpg,5,papery,paper,4
papery/paper/paper578.jpg,5,papery,paper,2
papery/paper/paper905.jpg,5,papery,paper,4
papery/paper/paper986.jpg,5,papery,paper,2
papery/paper/paper845.jpg,5,papery,paper,4
papery/paper/paper751.jpg,5,papery,paper,5
papery/paper/paper937.jpg,5,papery,paper,3
papery/paper/paper394.jpg,5,papery,paper,3
papery/paper/paper218.jpg,5,papery,paper,5
papery/paper/paper835.jpg,5,papery,paper,5
papery/paper/paper175.jpg,5,papery,paper,2
papery/paper/paper630.jpg,5,papery,paper,2
papery/paper/paper15.jpg,5,papery,paper,5
papery/paper/paper803.jpg,5,papery,paper,3
papery/paper/paper372.jpg,5,papery,paper,4
papery/paper/paper265.jpg,5,papery,paper,3
papery/paper/paper474.jpg,5,papery,paper,5
papery/paper/paper309.jpg,5,papery,paper,5
papery/paper/paper25.jpg,5,papery,paper,4
papery/paper/paper482.jpg,5,papery,paper,5
papery/paper/paper984.jpg,5,papery,paper,5
papery/paper/paper187.jpg,5,papery,paper,5
papery/paper/paper436.jpg,5,papery,paper,5
papery/paper/paper602.jpg,5,papery,paper,5
papery/paper/paper1049.jpg,5,papery,paper,5
papery/paper/paper64.jpg,5,papery,paper,4
papery/paper/paper442.jpg,5,papery,paper,3
papery/paper/paper998.jpg,5,papery,paper,2
papery/paper/paper458.jpg,5,papery,paper,3
papery/paper/paper623.jpg,5,papery,paper,2
papery/paper/paper1018.jpg,5,papery,paper,5
papery/paper/paper151.jpg,5,papery,paper,5
papery/paper/paper742.jpg,5,papery,paper,3
papery/paper/paper364.jpg,5,papery,paper,4
papery/paper/paper81.jpg,5,papery,paper,2
papery/paper/paper490.jpg,5,papery,paper,3
papery/paper/paper933.jpg,5,papery,paper,3
papery/paper/paper378.jpg,5,papery,paper,3
papery/paper/paper431.jpg,5,papery,paper,5
papery/paper/paper214.jpg,5,papery,paper,4
papery/paper/paper199.jpg,5,papery,paper,2
papery/paper/paper1010.jpg,5,papery,paper,5
papery/paper/paper978.jpg,5,papery,paper,4
papery/paper/paper649.jpg,5,papery,paper,5
papery/paper/paper371.jpg,5,papery,paper,5
papery/paper/paper669.jpg,5,papery,paper,4
papery/paper/paper312.jpg,5,papery,paper,5
papery/paper/paper552.jpg,5,papery,paper,4
papery/paper/paper599.jpg,5,papery,paper,5
papery/paper/paper461.jpg,5,papery,paper,4
papery/paper/paper327.jpg,5,papery,paper,4
papery/paper/paper336.jpg,5,papery,paper,3
papery/paper/paper990.jpg,5,papery,paper,3
papery/paper/paper910.jpg,5,papery,paper,5
papery/paper/paper83.jpg,5,papery,paper,4
papery/paper/paper935.jpg,5,papery,paper,5
papery/paper/paper507.jpg,5,papery,paper,5
papery/paper/paper601.jpg,5,papery,paper,4
papery/paper/paper920.jpg,5,papery,paper,5
papery/paper/paper587.jpg,5,papery,paper,2
papery/paper/paper605.jpg,5,papery,paper,2
papery/paper/paper200.jpg,5,papery,paper,5
papery/paper/paper980.jpg,5,papery,paper,5
papery/paper/paper50.jpg,5,papery,paper,3
papery/paper/paper194.jpg,5,papery,paper,3
papery/paper/paper497.jpg,5,papery,paper,4
papery/paper/paper802.jpg,5,papery,paper,4
papery/paper/paper922.jpg,5,papery,paper,5
papery/paper/paper869.jpg,5,papery,paper,4
papery/paper/paper4.jpg,5,papery,paper,2
papery/paper/paper180.jpg,5,papery,paper,4
papery/paper/paper185.jpg,5,papery,paper,3
papery/paper/paper455.jpg,5,papery,paper,4
papery/paper/paper516.jpg,5,papery,paper,3
papery/paper/paper543.jpg,5,papery,paper,4
papery/paper/paper943.jpg,5,papery,paper,4
papery/paper/paper127.jpg,5,papery,paper,4
papery/paper/paper958.jpg,5,papery,paper,3
papery/paper/paper255.jpg,5,papery,paper,2
papery/paper/paper906.jpg,5,papery,paper,5
papery/paper/paper480.jpg,5,papery,paper,4
papery/paper/paper793.jpg,5,papery,paper,3
papery/paper/paper718.jpg,5,papery,paper,4
papery/paper/paper282.jpg,5,papery,paper,3
papery/paper/paper519.jpg,5,papery,paper,3
papery/paper/paper816.jpg,5,papery,paper,4
papery/paper/paper203.jpg,5,papery,paper,2
papery/paper/paper402.jpg,5,papery,paper,3
papery/paper/paper78.jpg,5,papery,paper,5
papery/paper/paper472.jpg,5,papery,paper,2
papery/paper/paper913.jpg,5,papery,paper,5
papery/paper/paper365.jpg,5,papery,paper,2
papery/paper/paper359.jpg,5,papery,paper,5
papery/paper/paper891.jpg,5,papery,paper,5
papery/paper/paper69.jpg,5,papery,paper,3
papery/paper/paper89.jpg,5,papery,paper,4
papery/paper/paper674.jpg,5,papery,paper,2
papery/paper/paper143.jpg,5,papery,paper,5
papery/paper/paper1045.jpg,5,papery,paper,2
papery/paper/paper360.jpg,5,papery,paper,3
papery/paper/paper693.jpg,5,papery,paper,5
papery/paper/paper760.jpg,5,papery,paper,2
papery/paper/paper773.jpg,5,papery,paper,5
papery/paper/paper765.jpg,5,papery,paper,3
papery/paper/paper530.jpg,5,papery,paper,4
papery/paper/paper426.jpg,5,papery,paper,4
papery/paper/paper205.jpg,5,papery,paper,4
papery/paper/paper111.jpg,5,papery,paper,4
papery/paper/paper877.jpg,5,papery,paper,4
papery/paper/paper554.jpg,5,papery,paper,5
papery/paper/paper703.jpg,5,papery,paper,5
papery/paper/paper439.jpg,5,papery,paper,2
papery/paper/paper149.jpg,5,papery,paper,4
papery/paper/paper236.jpg,5,papery,paper,2
papery/paper/paper985.jpg,5,papery,paper,3
papery/paper/paper729.jpg,5,papery,paper,2
papery/paper/paper198.jpg,5,papery,paper,5
papery/paper/paper1.jpg,5,papery,paper,5
papery/paper/paper870.jpg,5,papery,paper,5
papery/paper/paper598.jpg,5,papery,paper,2
papery/paper/paper714.jpg,5,papery,paper,5
papery/paper/paper1028.jpg,5,papery,paper,3
papery/paper/paper373.jpg,5,papery,paper,3
papery/paper/paper91.jpg,5,papery,paper,2
papery/paper/paper1036.jpg,5,papery,paper,2
papery/paper/paper141.jpg,5,papery,paper,2
papery/paper/paper62.jpg,5,papery,paper,3
papery/paper/paper257.jpg,5,papery,paper,4
papery/paper/paper113.jpg,5,papery,paper,3
papery/paper/paper926.jpg,5,papery,paper,4
papery/paper/paper786.jpg,5,papery,paper,5
papery/paper/paper867.jpg,5,papery,paper,5
papery/paper/paper1002.jpg,5,papery,paper,2
papery/paper/paper209.jpg,5,papery,paper,3
papery/paper/paper292.jpg,5,papery,paper,2
papery/paper/paper54.jpg,5,papery,paper,5
papery/paper/paper511.jpg,5,papery,paper,3
papery/paper/paper154.jpg,5,papery,paper,5
papery/paper/paper8.jpg,5,papery,paper,2
papery/paper/paper28.jpg,5,papery,paper,5
papery/paper/paper923.jpg,5,papery,paper,4
papery/paper/paper551.jpg,5,papery,paper,5
papery/paper/paper161.jpg,5,papery,paper,3
papery/paper/paper166.jpg,5,papery,paper,5
papery/paper/paper468.jpg,5,papery,paper,2
papery/paper/paper475.jpg,5,papery,paper,4
papery/paper/paper618.jpg,5,papery,paper,2
papery/paper/paper627.jpg,5,papery,paper,2
papery/paper/paper287.jpg,5,papery,paper,4
papery/paper/paper1030.jpg,5,papery,paper,4
papery/paper/paper754.jpg,5,papery,paper,3
papery/paper/paper847.jpg,5,papery,paper,3
papery/paper/paper952.jpg,5,papery,paper,3
papery/paper/paper500.jpg,5,papery,paper,4
papery/paper/paper10.jpg,5,papery,paper,2
papery/paper/paper58.jpg,5,papery,paper,5
papery/paper/paper326.jpg,5,papery,paper,3
papery/paper/paper809.jpg,5,papery,paper,2
papery/paper/paper418.jpg,5,papery,paper,2
papery/paper/paper270.jpg,5,papery,paper,5
papery/paper/paper834.jpg,5,papery,paper,5
papery/paper/paper730.jpg,5,papery,paper,4
papery/paper/paper708.jpg,5,papery,paper,3
papery/paper/paper794.jpg,5,papery,paper,5
papery/paper/paper285.jpg,5,papery,paper,5
papery/paper/paper452.jpg,5,papery,paper,5
plastic/plastic48.jpg,6,plastic,plastic,2
plastic/plastic62.jpg,6,plastic,plastic,2
plastic/plastic158.jpg,6,plastic,plastic,5
plastic/plastic723.jpg,6,plastic,plastic,4
plastic/plastic131.jpg,6,plastic,plastic,3
plastic/plastic180.jpg,6,plastic,plastic,4
plastic/plastic263.jpg,6,plastic,plastic,5
plastic/plastic245.jpg,6,plastic,plastic,2
plastic/plastic741.jpg,6,plastic,plastic,4
plastic/plastic771.jpg,6,plastic,plastic,5
plastic/plastic415.jpg,6,plastic,plastic,3
plastic/plastic14.jpg,6,plastic,plastic,3
plastic/plastic770.jpg,6,plastic,plastic,5
plastic/plastic382.jpg,6,plastic,plastic,4
plastic/plastic512.jpg,6,plastic,plastic,4
plastic/plastic603.jpg,6,plastic,plastic,2
plastic/plastic617.jpg,6,plastic,plastic,2
plastic/plastic166.jpg,6,plastic,plastic,3
plastic/plastic824.jpg,6,plastic,plastic,5
plastic/plastic49.jpg,6,plastic,plastic,2
plastic/plastic275.jpg,6,plastic,plastic,5
plastic/plastic33.jpg,6,plastic,plastic,5
plastic/plastic739.jpg,6,plastic,plastic,4
plastic/plastic321.jpg,6,plastic,plastic,5
plastic/plastic484.jpg,6,plastic,plastic,2
plastic/plastic516.jpg,6,plastic,plastic,5
plastic/plastic582.jpg,6,plastic,plastic,4
plastic/plastic625.jpg,6,plastic,plastic,2
plastic/plastic79.jpg,6,plastic,plastic,3
plastic/plastic43.jpg,6,plastic,plastic,3
plastic/plastic642.jpg,6,plastic,plastic,3
plastic/plastic678.jpg,6,plastic,plastic,4
plastic/plastic186.jpg,6,plastic,plastic,4
plastic/plastic590.jpg,6,plastic,plastic,2
plastic/plastic163.jpg,6,plastic,plastic,5
plastic/plastic671.jpg,6,plastic,plastic,2
plastic/plastic712.jpg,6,plastic,plastic,4
plastic/plastic187.jpg,6,plastic,plastic,4
plastic/plastic181.jpg,6,plastic,plastic,2
plastic/plastic351.jpg,6,plastic,plastic,4
plastic/plastic175.jpg,6,plastic,plastic,2
plastic/plastic128.jpg,6,plastic,plastic,4
plastic/plastic745.jpg,6,plastic,plastic,4
plastic/plastic732.jpg,6,plastic,plastic,2
plastic/plastic579.jpg,6,plastic,plastic,2
plastic/plastic46.jpg,6,plastic,plastic,4
plastic/plastic839.jpg,6,plastic,plastic,5
plastic/plastic280.jpg,6,plastic,plastic,2
plastic/plastic580.jpg,6,plastic,plastic,2
plastic/plastic442.jpg,6,plastic,plastic,2
plastic/plastic107.jpg,6,plastic,plastic,5
plastic/plastic392.jpg,6,plastic,plastic,5
plastic/plastic320.jpg,6,plastic,plastic,2
plastic/plastic56.jpg,6,plastic,plastic,3
plastic/plastic477.jpg,6,plastic,plastic,5
plastic/plastic29.jpg,6,plastic,plastic,2
plastic/plastic815.jpg,6,plastic,plastic,2
plastic/plastic328.jpg,6,plastic,plastic,5
plastic/plastic756.jpg,6,plastic,plastic,4
plastic/plastic619.jpg,6,plastic,plastic,4
plastic/plastic685.jpg,6,plastic,plastic,3
plastic/plastic403.jpg,6,plastic,plastic,3
plastic/plastic381.jpg,6,plastic,plastic,4
plastic/plastic641.jpg,6,plastic,plastic,2
plastic/plastic493.jpg,6,plastic,plastic,3
plastic/plastic675.jpg,6,plastic,plastic,5
plastic/plastic409.jpg,6,plastic,plastic,5
plastic/plastic856.jpg,6,plastic,plastic,5
plastic/plastic363.jpg,6,plastic,plastic,2
plastic/plastic654.jpg,6,plastic,plastic,4
plastic/plastic82.jpg,6,plastic,plastic,3
plastic/plastic150.jpg,6,plastic,plastic,4
plastic/plastic311.jpg,6,plastic,plastic,3
plastic/plastic317.jpg,6,plastic,plastic,2
plastic/plastic199.jpg,6,plastic,plastic,2
plastic/plastic775.jpg,6,plastic,plastic,2
plastic/plastic798.jpg,6,plastic,plastic,3
plastic/plastic440.jpg,6,plastic,plastic,5
plastic/plastic507.jpg,6,plastic,plastic,3
plastic/plastic364.jpg,6,plastic,plastic,2
plastic/plastic121.jpg,6,plastic,plastic,2
plastic/plastic728.jpg,6,plastic,plastic,3
plastic/plastic300.jpg,6,plastic,plastic,2
plastic/plastic713.jpg,6,plastic,plastic,3
plastic/plastic279.jpg,6,plastic,plastic,5
plastic/plastic644.jpg,6,plastic,plastic,2
plastic/plastic360.jpg,6,plastic,plastic,4
plastic/plastic691.jpg,6,plastic,plastic,5
plastic/plastic142.jpg,6,plastic,plastic,4
plastic/plastic789.jpg,6,plastic,plastic,5
plastic/plastic92.jpg,6,plastic,plastic,3
plastic/plastic77.jpg,6,plastic,plastic,3
plastic/plastic706.jpg,6,plastic,plastic,4
plastic/plastic388.jpg,6,plastic,plastic,5
plastic/plastic682.jpg,6,plastic,plastic,3
plastic/plastic651.jpg,6,plastic,plastic,4
plastic/plastic503.jpg,6,plastic,plastic,3
plastic/plastic230.jpg,6,plastic,plastic,5
plastic/plastic556.jpg,6,plastic,plastic,3
plastic/plastic437.jpg,6,plastic,plastic,5
plastic/plastic134.jpg,6,plastic,plastic,3
plastic/plastic761.jpg,6,plastic,plastic,3
plastic/plastic714.jpg,6,plastic,plastic,5
plastic/plastic693.jpg,6,plastic,plastic,2
plastic/plastic497.jpg,6,plastic,plastic,3
plastic/plastic523.jpg,6,plastic,plastic,3
plastic/plastic258.jpg,6,plastic,plastic,5
plastic/plastic545.jpg,6,plastic,plastic,5
plastic/plastic51.jpg,6,plastic,plastic,5
plastic/plastic237.jpg,6,plastic,plastic,2
plastic/plastic841.jpg,6,plastic,plastic,3
plastic/plastic200.jpg,6,plastic,plastic,2
plastic/plastic553.jpg,6,plastic,plastic,5
plastic/plastic192.jpg,6,plastic,plastic,2
plastic/plastic202.jpg,6,plastic,plastic,2
plastic/plastic615.jpg,6,plastic,plastic,3
plastic/plastic443.jpg,6,plastic,plastic,2
plastic/plastic273.jpg,6,plastic,plastic,4
plastic/plastic699.jpg,6,plastic,plastic,4
plastic/plastic293.jpg,6,plastic,plastic,4
plastic/plastic705.jpg,6,plastic,plastic,3
plastic/plastic215.jpg,6,plastic,plastic,2
plastic/plastic629.jpg,6,plastic,plastic,5
plastic/plastic160.jpg,6,plastic,plastic,5
plastic/plastic44.jpg,6,plastic,plastic,4
plastic/plastic25.jpg,6,plastic,plastic,3
plastic/plastic346.jpg,6,plastic,plastic,3
plastic/plastic401.jpg,6,plastic,plastic,3
plastic/plastic241.jpg,6,plastic,plastic,5
plastic/plastic573.jpg,6,plastic,plastic,4
plastic/plastic52.jpg,6,plastic,plastic,3
plastic/plastic763.jpg,6,plastic,plastic,4
plastic/plastic680.jpg,6,plastic,plastic,5
plastic/plastic324.jpg,6,plastic,plastic,5
plastic/plastic574.jpg,6,plastic,plastic,5
plastic/plastic396.jpg,6,plastic,plastic,5
plastic/plastic800.jpg,6,plastic,plastic,4
plastic/plastic812.jpg,6,plastic,plastic,2
plastic/plastic535.jpg,6,plastic,plastic,4
plastic/plastic627.jpg,6,plastic,plastic,2
plastic/plastic379.jpg,6,plastic,plastic,5
plastic/plastic355.jpg,6,plastic,plastic,3
plastic/plastic249.jpg,6,plastic,plastic,5
plastic/plastic28.jpg,6,plastic,plastic,2
plastic/plastic802.jpg,6,plastic,plastic,5
plastic/plastic278.jpg,6,plastic,plastic,4
plastic/plastic214.jpg,6,plastic,plastic,2
plastic/plastic697.jpg,6,plastic,plastic,5
plastic/plastic577.jpg,6,plastic,plastic,3
plastic/plastic146.jpg,6,plastic,plastic,5
plastic/plastic772.jpg,6,plastic,plastic,5
plastic/plastic260.jpg,6,plastic,plastic,4
plastic/plastic223.jpg,6,plastic,plastic,4
plastic/plastic549.jpg,6,plastic,plastic,2
plastic/plastic852.jpg,6,plastic,plastic,2
plastic/plastic334.jpg,6,plastic,plastic,4
plastic/plastic606.jpg,6,plastic,plastic,5
plastic/plastic2.jpg,6,plastic,plastic,4
plastic/plastic799.jpg,6,plastic,plastic,5
plastic/plastic345.jpg,6,plastic,plastic,5
plastic/plastic804.jpg,6,plastic,plastic,3
plastic/plastic88.jpg,6,plastic,plastic,3
plastic/plastic648.jpg,6,plastic,plastic,5
plastic/plastic860.jpg,6,plastic,plastic,5
plastic/plastic474.jpg,6,plastic,plastic,2
plastic/plastic327.jpg,6,plastic,plastic,4
plastic/plastic649.jpg,6,plastic,plastic,4
plastic/plastic854.jpg,6,plastic,plastic,5
plastic/plastic618.jpg,6,plastic,plastic,5
plastic/plastic251.jpg,6,plastic,plastic,2
plastic/plastic83.jpg,6,plastic,plastic,4
plastic/plastic779.jpg,6,plastic,plastic,5
plastic/plastic620.jpg,6,plastic,plastic,4
plastic/plastic307.jpg,6,plastic,plastic,2
plastic/plastic30.jpg,6,plastic,plastic,2
plastic/plastic751.jpg,6,plastic,plastic,3
plastic/plastic254.jpg,6,plastic,plastic,2
plastic/plastic252.jpg,6,plastic,plastic,3
plastic/plastic162.jpg,6,plastic,plastic,4
plastic/plastic768.jpg,6,plastic,plastic,3
plastic/plastic592.jpg,6,plastic,plastic,5
plastic/plastic130.jpg,6,plastic,plastic,3
plastic/plastic631.jpg,6,plastic,plastic,5
plastic/plastic817.jpg,6,plastic,plastic,3
plastic/plastic434.jpg,6,plastic,plastic,3
plastic/plastic366.jpg,6,plastic,plastic,4
plastic/plastic63.jpg,6,plastic,plastic,3
plastic/plastic284.jpg,6,plastic,plastic,2
plastic/plastic86.jpg,6,plastic,plastic,2
plastic/plastic282.jpg,6,plastic,plastic,5
plastic/plastic159.jpg,6,plastic,plastic,3
plastic/plastic365.jpg,6,plastic,plastic,2
plastic/plastic469.jpg,6,plastic,plastic,2
plastic/plastic104.jpg,6,plastic,plastic,4
plastic/plastic343.jpg,6,plastic,plastic,5
plastic/plastic239.jpg,6,plastic,plastic,4
plastic/plastic752.jpg,6,plastic,plastic,5
plastic/plastic747.jpg,6,plastic,plastic,5
plastic/plastic399.jpg,6,plastic,plastic,3
plastic/plastic742.jpg,6,plastic,plastic,4
plastic/plastic348.jpg,6,plastic,plastic,3
plastic/plastic18.jpg,6,plastic,plastic,3
plastic/plastic738.jpg,6,plastic,plastic,5
plastic/plastic859.jpg,6,plastic,plastic,4
plastic/plastic818.jpg,6,plastic,plastic,5
plastic/plastic36.jpg,6,plastic,plastic,4
plastic/plastic823.jpg,6,plastic,plastic,5
plastic/plastic397.jpg,6,plastic,plastic,4
plastic/plastic604.jpg,6,plastic,plastic,5
plastic/plastic586.jpg,6,plastic,plastic,3
plastic/plastic12.jpg,6,plastic,plastic,4
plastic/plastic102.jpg,6,plastic,plastic,5
plastic/plastic398.jpg,6,plastic,plastic,3
plastic/plastic635.jpg,6,plastic,plastic,3
plastic/plastic716.jpg,6,plastic,plastic,4
plastic/plastic368.jpg,6,plastic,plastic,5
plastic/plastic498.jpg,6,plastic,plastic,2
plastic/plastic42.jpg,6,plastic,plastic,2
plastic/plastic430.jpg,6,plastic,plastic,2
plastic/plastic711.jpg,6,plastic,plastic,4
plastic/plastic700.jpg,6,plastic,plastic,2
plastic/plastic191.jpg,6,plastic,plastic,3
plastic/plastic57.jpg,6,plastic,plastic,4
plastic/plastic109.jpg,6,plastic,plastic,5
plastic/plastic597.jpg,6,plastic,plastic,4
plastic/plastic527.jpg,6,plastic,plastic,2
plastic/plastic521.jpg,6,plastic,plastic,2
plastic/plastic76.jpg,6,plastic,plastic,2
plastic/plastic581.jpg,6,plastic,plastic,4
plastic/plastic862.jpg,6,plastic,plastic,2
plastic/plastic774.jpg,6,plastic,plastic,4
plastic/plastic551.jpg,6,plastic,plastic,4
plastic/plastic339.jpg,6,plastic,plastic,2
plastic/plastic758.jpg,6,plastic,plastic,3
plastic/plastic576.jpg,6,plastic,plastic,3
plastic/plastic268.jpg,6,plastic,plastic,4
plastic/plastic342.jpg,6,plastic,plastic,2
plastic/plastic811.jpg,6,plastic,plastic,5
plastic/plastic168.jpg,6,plastic,plastic,4
plastic/plastic827.jpg,6,plastic,plastic,2
plastic/plastic412.jpg,6,plastic,plastic,5
plastic/plastic764.jpg,6,plastic,plastic,5
plastic/plastic616.jpg,6,plastic,plastic,5
plastic/plastic558.jpg,6,plastic,plastic,4
plastic/plastic468.jpg,6,plastic,plastic,2
plastic/plastic206.jpg,6,plastic,plastic,4
plastic/plastic326.jpg,6,plastic,plastic,2
plastic/plastic400.jpg,6,plastic,plastic,4
plastic/plastic569.jpg,6,plastic,plastic,4
plastic/plastic377.jpg,6,plastic,plastic,5
plastic/plastic165.jpg,6,plastic,plastic,3
plastic/plastic19.jpg,6,plastic,plastic,3
plastic/plastic84.jpg,6,plastic,plastic,3
plastic/plastic749.jpg,6,plastic,plastic,2
plastic/plastic438.jpg,6,plastic,plastic,4
plastic/plastic433.jpg,6,plastic,plastic,5
plastic/plastic426.jpg,6,plastic,plastic,5
plastic/plastic218.jpg,6,plastic,plastic,4
plastic/plastic481.jpg,6,plastic,plastic,4
plastic/plastic242.jpg,6,plastic,plastic,4
plastic/plastic471.jpg,6,plastic,plastic,2
plastic/plastic436.jpg,6,plastic,plastic,2
plastic/plastic479.jpg,6,plastic,plastic,4
plastic/plastic140.jpg,6,plastic,plastic,5
plastic/plastic692.jpg,6,plastic,plastic,3
plastic/plastic17.jpg,6,plastic,plastic,4
plastic/plastic605.jpg,6,plastic,plastic,2
plastic/plastic485.jpg,6,plastic,plastic,2
plastic/plastic172.jpg,6,plastic,plastic,4
plastic/plastic325.jpg,6,plastic,plastic,3
plastic/plastic259.jpg,6,plastic,plastic,3
plastic/plastic65.jpg,6,plastic,plastic,3
plastic/plastic207.jpg,6,plastic,plastic,3
plastic/plastic536.jpg,6,plastic,plastic,3
plastic/plastic781.jpg,6,plastic,plastic,2
plastic/plastic421.jpg,6,plastic,plastic,5
plastic/plastic306.jpg,6,plastic,plastic,3
plastic/plastic244.jpg,6,plastic,plastic,2
plastic/plastic657.jpg,6,plastic,plastic,5
plastic/plastic411.jpg,6,plastic,plastic,5
plastic/plastic354.jpg,6,plastic,plastic,2
plastic/plastic736.jpg,6,plastic,plastic,5
plastic/plastic472.jpg,6,plastic,plastic,5
plastic/plastic11.jpg,6,plastic,plastic,2
plastic/plastic467.jpg,6,plastic,plastic,5
plastic/plastic431.jpg,6,plastic,plastic,4
plastic/plastic563.jpg,6,plastic,plastic,5
plastic/plastic265.jpg,6,plastic,plastic,3
plastic/plastic826.jpg,6,plastic,plastic,4
plastic/plastic608.jpg,6,plastic,plastic,3
plastic/plastic428.jpg,6,plastic,plastic,4
plastic/plastic665.jpg,6,plastic,plastic,3
plastic/plastic814.jpg,6,plastic,plastic,3
plastic/plastic389.jpg,6,plastic,plastic,3
plastic/plastic561.jpg,6,plastic,plastic,3
plastic/plastic587.jpg,6,plastic,plastic,4
plastic/plastic797.jpg,6,plastic,plastic,5
plastic/plastic543.jpg,6,plastic,plastic,3
plastic/plastic459.jpg,6,plastic,plastic,3
plastic/plastic513.jpg,6,plastic,plastic,2
plastic/plastic98.jpg,6,plastic,plastic,2
plastic/plastic480.jpg,6,plastic,plastic,3
plastic/plastic310.jpg,6,plastic,plastic,3
plastic/plastic151.jpg,6,plastic,plastic,5
plastic/plastic262.jpg,6,plastic,plastic,3
plastic/plastic708.jpg,6,plastic,plastic,5
plastic/plastic499.jpg,6,plastic,plastic,3
plastic/plastic353.jpg,6,plastic,plastic,5
plastic/plastic509.jpg,6,plastic,plastic,4
plastic/plastic807.jpg,6,plastic,plastic,3
plastic/plastic725.jpg,6,plastic,plastic,4
plastic/plastic219.jpg,6,plastic,plastic,2
plastic/plastic276.jpg,6,plastic,plastic,5
plastic/plastic170.jpg,6,plastic,plastic,2
plastic/plastic658.jpg,6,plastic,plastic,2
plastic/plastic601.jpg,6,plastic,plastic,5
plastic/plastic74.jpg,6,plastic,plastic,2
plastic/plastic456.jpg,6,plastic,plastic,4
plastic/plastic271.jpg,6,plastic,plastic,5
plastic/plastic335.jpg,6,plastic,plastic,2
plastic/plastic550.jpg,6,plastic,plastic,2
plastic/plastic216.jpg,6,plastic,plastic,2
plastic/plastic525.jpg,6,plastic,plastic,5
plastic/plastic865.jpg,6,plastic,plastic,5
plastic/plastic565.jpg,6,plastic,plastic,3
plastic/plastic161.jpg,6,plastic,plastic,3
plastic/plastic156.jpg,6,plastic,plastic,3
plastic/plastic673.jpg,6,plastic,plastic,5
plastic/plastic676.jpg,6,plastic,plastic,4
plastic/plastic765.jpg,6,plastic,plastic,4
plastic/plastic344.jpg,6,plastic,plastic,5
plastic/plastic652.jpg,6,plastic,plastic,4
plastic/plastic372.jpg,6,plastic,plastic,3
plastic/plastic105.jpg,6,plastic,plastic,4
plastic/plastic863.jpg,6,plastic,plastic,5
plastic/plastic393.jpg,6,plastic,plastic,2
plastic/plastic494.jpg,6,plastic,plastic,3
plastic/plastic394.jpg,6,plastic,plastic,5
plastic/plastic593.jpg,6,plastic,plastic,2
plastic/plastic792.jpg,6,plastic,plastic,5
plastic/plastic681.jpg,6,plastic,plastic,3
plastic/plastic557.jpg,6,plastic,plastic,4
plastic/plastic101.jpg,6,plastic,plastic,2
plastic/plastic843.jpg,6,plastic,plastic,2
plastic/plastic164.jpg,6,plastic,plastic,4
plastic/plastic670.jpg,6,plastic,plastic,2
plastic/plastic94.jpg,6,plastic,plastic,3
plastic/plastic114.jpg,6,plastic,plastic,5
plastic/plastic864.jpg,6,plastic,plastic,4
plastic/plastic447.jpg,6,plastic,plastic,5
plastic/plastic45.jpg,6,plastic,plastic,4
plastic/plastic80.jpg,6,plastic,plastic,2
plastic/plastic830.jpg,6,plastic,plastic,3
plastic/plastic416.jpg,6,plastic,plastic,3
plastic/plastic755.jpg,6,plastic,plastic,2
plastic/plastic547.jpg,6,plastic,plastic,5
plastic/plastic229.jpg,6,plastic,plastic,2
plastic/plastic500.jpg,6,plastic,plastic,5
plastic/plastic624.jpg,6,plastic,plastic,2
plastic/plastic632.jpg,6,plastic,plastic,5
plastic/plastic208.jpg,6,plastic,plastic,4
plastic/plastic376.jpg,6,plastic,plastic,4
plastic/plastic53.jpg,6,plastic,plastic,2
plastic/plastic726.jpg,6,plastic,plastic,5
plastic/plastic849.jpg,6,plastic,plastic,3
plastic/plastic785.jpg,6,plastic,plastic,5
plastic/plastic529.jpg,6,plastic,plastic,2
plastic/plastic596.jpg,6,plastic,plastic,2
plastic/plastic735.jpg,6,plastic,plastic,2
plastic/plastic613.jpg,6,plastic,plastic,3
plastic/plastic204.jpg,6,plastic,plastic,2
plastic/plastic226.jpg,6,plastic,plastic,4
plastic/plastic407.jpg,6,plastic,plastic,4
plastic/plastic106.jpg,6,plastic,plastic,4
plastic/plastic767.jpg,6,plastic,plastic,2
plastic/plastic274.jpg,6,plastic,plastic,4
plastic/plastic715.jpg,6,plastic,plastic,5
plastic/plastic853.jpg,6,plastic,plastic,3
plastic/plastic93.jpg,6,plastic,plastic,3
plastic/plastic773.jpg,6,plastic,plastic,3
plastic/plastic384.jpg,6,plastic,plastic,2
plastic/plastic112.jpg,6,plastic,plastic,2
plastic/plastic515.jpg,6,plastic,plastic,2
plastic/plastic695.jpg,6,plastic,plastic,4
plastic/plastic64.jpg,6,plastic,plastic,3
plastic/plastic361.jpg,6,plastic,plastic,5
plastic/plastic762.jpg,6,plastic,plastic,4
plastic/plastic304.jpg,6,plastic,plastic,5
plastic/plastic301.jpg,6,plastic,plastic,4
plastic/plastic59.jpg,6,plastic,plastic,4
plastic/plastic754.jpg,6,plastic,plastic,2
plastic/plastic810.jpg,6,plastic,plastic,3
plastic/plastic286.jpg,6,plastic,plastic,4
plastic/plastic270.jpg,6,plastic,plastic,5
plastic/plastic117.jpg,6,plastic,plastic,2
plastic/plastic277.jpg,6,plastic,plastic,4
plastic/plastic542.jpg,6,plastic,plastic,5
plastic/plastic698.jpg,6,plastic,plastic,3
plastic/plastic850.jpg,6,plastic,plastic,3
plastic/plastic694.jpg,6,plastic,plastic,2
plastic/plastic380.jpg,6,plastic,plastic,4
plastic/plastic564.jpg,6,plastic,plastic,4
plastic/plastic614.jpg,6,plastic,plastic,2
plastic/plastic611.jpg,6,plastic,plastic,5
plastic/plastic198.jpg,6,plastic,plastic,5
plastic/plastic460.jpg,6,plastic,plastic,5
plastic/plastic153.jpg,6,plastic,plastic,2
plastic/plastic506.jpg,6,plastic,plastic,4
plastic/plastic238.jpg,6,plastic,plastic,2
plastic/plastic588.jpg,6,plastic,plastic,4
plastic/plastic667.jpg,6,plastic,plastic,3
plastic/plastic537.jpg,6,plastic,plastic,2
plastic/plastic805.jpg,6,plastic,plastic,5
plastic/plastic213.jpg,6,plastic,plastic,4
plastic/plastic194.jpg,6,plastic,plastic,5
plastic/plastic449.jpg,6,plastic,plastic,5
plastic/plastic3.jpg,6,plastic,plastic,2
plastic/plastic402.jpg,6,plastic,plastic,5
plastic/plastic190.jpg,6,plastic,plastic,3
plastic/plastic124.jpg,6,plastic,plastic,5
plastic/plastic583.jpg,6,plastic,plastic,5
plastic/plastic81.jpg,6,plastic,plastic,4
plastic/plastic819.jpg,6,plastic,plastic,3
plastic/plastic554.jpg,6,plastic,plastic,3
plastic/plastic341.jpg,6,plastic,plastic,4
plastic/plastic533.jpg,6,plastic,plastic,3
plastic/plastic179.jpg,6,plastic,plastic,5
plastic/plastic303.jpg,6,plastic,plastic,3
plastic/plastic331.jpg,6,plastic,plastic,3
plastic/plastic780.jpg,6,plastic,plastic,2
plastic/plastic234.jpg,6,plastic,plastic,5
plastic/plastic197.jpg,6,plastic,plastic,3
plastic/plastic455.jpg,6,plastic,plastic,2
plastic/plastic246.jpg,6,plastic,plastic,3
plastic/plastic511.jpg,6,plastic,plastic,4
plastic/plastic371.jpg,6,plastic,plastic,4
plastic/plastic136.jpg,6,plastic,plastic,4
plastic/plastic602.jpg,6,plastic,plastic,5
plastic/plastic406.jpg,6,plastic,plastic,5
plastic/plastic465.jpg,6,plastic,plastic,5
plastic/plastic34.jpg,6,plastic,plastic,3
plastic/plastic196.jpg,6,plastic,plastic,3
plastic/plastic801.jpg,6,plastic,plastic,4
plastic/plastic27.jpg,6,plastic,plastic,3
plastic/plastic466.jpg,6,plastic,plastic,5
plastic/plastic524.jpg,6,plastic,plastic,4
plastic/plastic6.jpg,6,plastic,plastic,3
plastic/plastic532.jpg,6,plastic,plastic,5
plastic/plastic90.jpg,6,plastic,plastic,4
plastic/plastic508.jpg,6,plastic,plastic,4
plastic/plastic623.jpg,6,plastic,plastic,2
plastic/plastic281.jpg,6,plastic,plastic,2
plastic/plastic626.jpg,6,plastic,plastic,2
plastic/plastic740.jpg,6,plastic,plastic,3
plastic/plastic729.jpg,6,plastic,plastic,3
plastic/plastic820.jpg,6,plastic,plastic,4
plastic/plastic710.jpg,6,plastic,plastic,5
plastic/plastic350.jpg,6,plastic,plastic,4
plastic/plastic541.jpg,6,plastic,plastic,3
plastic/plastic639.jpg,6,plastic,plastic,3
plastic/plastic424.jpg,6,plastic,plastic,2
plastic/plastic584.jpg,6,plastic,plastic,4
plastic/plastic38.jpg,6,plastic,plastic,2
plastic/plastic832.jpg,6,plastic,plastic,2
plastic/plastic722.jpg,6,plastic,plastic,3
plastic/plastic24.jpg,6,plastic,plastic,3
plastic/plastic655.jpg,6,plastic,plastic,5
plastic/plastic677.jpg,6,plastic,plastic,3
plastic/plastic539.jpg,6,plastic,plastic,4
plastic/plastic235.jpg,6,plastic,plastic,2
plastic/plastic70.jpg,6,plastic,plastic,2
plastic/plastic743.jpg,6,plastic,plastic,2
plastic/plastic662.jpg,6,plastic,plastic,3
plastic/plastic318.jpg,6,plastic,plastic,2
plastic/plastic760.jpg,6,plastic,plastic,4
plastic/plastic171.jpg,6,plastic,plastic,2
plastic/plastic570.jpg,6,plastic,plastic,3
plastic/plastic203.jpg,6,plastic,plastic,3
plastic/plastic607.jpg,6,plastic,plastic,3
plastic/plastic332.jpg,6,plastic,plastic,4
plastic/plastic32.jpg,6,plastic,plastic,4
plastic/plastic232.jpg,6,plastic,plastic,3
plastic/plastic567.jpg,6,plastic,plastic,5
plastic/plastic183.jpg,6,plastic,plastic,4
plastic/plastic432.jpg,6,plastic,plastic,3
plastic/plastic450.jpg,6,plastic,plastic,3
plastic/plastic572.jpg,6,plastic,plastic,5
plastic/plastic454.jpg,6,plastic,plastic,4
plastic/plastic123.jpg,6,plastic,plastic,2
plastic/plastic383.jpg,6,plastic,plastic,4
plastic/plastic266.jpg,6,plastic,plastic,5
plastic/plastic31.jpg,6,plastic,plastic,4
plastic/plastic20.jpg,6,plastic,plastic,5
plastic/plastic212.jpg,6,plastic,plastic,3
plastic/plastic292.jpg,6,plastic,plastic,2
plastic/plastic54.jpg,6,plastic,plastic,3
plastic/plastic730.jpg,6,plastic,plastic,3
plastic/plastic746.jpg,6,plastic,plastic,4
plastic/plastic133.jpg,6,plastic,plastic,4
plastic/plastic668.jpg,6,plastic,plastic,5
plastic/plastic75.jpg,6,plastic,plastic,3
plastic/plastic385.jpg,6,plastic,plastic,3
plastic/plastic473.jpg,6,plastic,plastic,2
plastic/plastic809.jpg,6,plastic,plastic,3
plastic/plastic316.jpg,6,plastic,plastic,5
plastic/plastic703.jpg,6,plastic,plastic,4
plastic/plastic139.jpg,6,plastic,plastic,4
plastic/plastic514.jpg,6,plastic,plastic,5
plastic/plastic458.jpg,6,plastic,plastic,3
plastic/plastic126.jpg,6,plastic,plastic,2
plastic/plastic663.jpg,6,plastic,plastic,5
plastic/plastic423.jpg,6,plastic,plastic,5
plastic/plastic462.jpg,6,plastic,plastic,2
plastic/plastic417.jpg,6,plastic,plastic,3
plastic/plastic622.jpg,6,plastic,plastic,2
plastic/plastic585.jpg,6,plastic,plastic,3
plastic/plastic157.jpg,6,plastic,plastic,5
plastic/plastic287.jpg,6,plastic,plastic,5
plastic/plastic13.jpg,6,plastic,plastic,4
plastic/plastic115.jpg,6,plastic,plastic,3
plastic/plastic143.jpg,6,plastic,plastic,2
plastic/plastic684.jpg,6,plastic,plastic,4
plastic/plastic330.jpg,6,plastic,plastic,4
plastic/plastic4.jpg,6,plastic,plastic,4
plastic/plastic610.jpg,6,plastic,plastic,5
plastic/plastic534.jpg,6,plastic,plastic,4
plastic/plastic704.jpg,6,plastic,plastic,5
plastic/plastic405.jpg,6,plastic,plastic,4
plastic/plastic255.jpg,6,plastic,plastic,4
plastic/plastic566.jpg,6,plastic,plastic,4
plastic/plastic846.jpg,6,plastic,plastic,5
plastic/plastic295.jpg,6,plastic,plastic,3
plastic/plastic148.jpg,6,plastic,plastic,2
plastic/plastic552.jpg,6,plastic,plastic,3
plastic/plastic659.jpg,6,plastic,plastic,5
plastic/plastic540.jpg,6,plastic,plastic,5
plastic/plastic674.jpg,6,plastic,plastic,2
plastic/plastic178.jpg,6,plastic,plastic,2
plastic/plastic315.jpg,6,plastic,plastic,2
plastic/plastic73.jpg,6,plastic,plastic,3
plastic/plastic297.jpg,6,plastic,plastic,4
plastic/plastic256.jpg,6,plastic,plastic,3
plastic/plastic22.jpg,6,plastic,plastic,4
plastic/plastic489.jpg,6,plastic,plastic,2
plastic/plastic501.jpg,6,plastic,plastic,4
plastic/plastic844.jpg,6,plastic,plastic,5
plastic/plastic116.jpg,6,plastic,plastic,3
plastic/plastic290.jpg,6,plastic,plastic,2
plastic/plastic510.jpg,6,plastic,plastic,2
plastic/plastic209.jpg,6,plastic,plastic,2
plastic/plastic630.jpg,6,plastic,plastic,3
plastic/plastic737.jpg,6,plastic,plastic,3
plastic/plastic803.jpg,6,plastic,plastic,4
plastic/plastic689.jpg,6,plastic,plastic,3
plastic/plastic486.jpg,6,plastic,plastic,4
plastic/plastic296.jpg,6,plastic,plastic,3
plastic/plastic221.jpg,6,plastic,plastic,3
plastic/plastic120.jpg,6,plastic,plastic,5
plastic/plastic272.jpg,6,plastic,plastic,4
plastic/plastic664.jpg,6,plastic,plastic,2
plastic/plastic408.jpg,6,plastic,plastic,3
plastic/plastic8.jpg,6,plastic,plastic,5
plastic/plastic688.jpg,6,plastic,plastic,2
plastic/plastic422.jpg,6,plastic,plastic,4
plastic/plastic373.jpg,6,plastic,plastic,2
plastic/plastic299.jpg,6,plastic,plastic,4
plastic/plastic637.jpg,6,plastic,plastic,3
plastic/plastic795.jpg,6,plastic,plastic,5
plastic/plastic414.jpg,6,plastic,plastic,3
plastic/plastic177.jpg,6,plastic,plastic,2
plastic/plastic816.jpg,6,plastic,plastic,4
plastic/plastic520.jpg,6,plastic,plastic,4
plastic/plastic847.jpg,6,plastic,plastic,2
plastic/plastic173.jpg,6,plastic,plastic,3
plastic/plastic60.jpg,6,plastic,plastic,2
plastic/plastic609.jpg,6,plastic,plastic,5
plastic/plastic855.jpg,6,plastic,plastic,4
plastic/plastic217.jpg,6,plastic,plastic,4
plastic/plastic759.jpg,6,plastic,plastic,4
plastic/plastic78.jpg,6,plastic,plastic,3
plastic/plastic137.jpg,6,plastic,plastic,3
plastic/plastic475.jpg,6,plastic,plastic,5
plastic/plastic294.jpg,6,plastic,plastic,5
plastic/plastic660.jpg,6,plastic,plastic,3
plastic/plastic138.jpg,6,plastic,plastic,5
plastic/plastic766.jpg,6,plastic,plastic,2
plastic/plastic87.jpg,6,plastic,plastic,4
plastic/plastic419.jpg,6,plastic,plastic,3
plastic/plastic575.jpg,6,plastic,plastic,2
plastic/plastic718.jpg,6,plastic,plastic,2
plastic/plastic840.jpg,6,plastic,plastic,4
plastic/plastic463.jpg,6,plastic,plastic,3
plastic/plastic269.jpg,6,plastic,plastic,4
plastic/plastic47.jpg,6,plastic,plastic,2
plastic/plastic647.jpg,6,plastic,plastic,4
plastic/plastic837.jpg,6,plastic,plastic,2
plastic/plastic702.jpg,6,plastic,plastic,5
plastic/plastic184.jpg,6,plastic,plastic,3
plastic/plastic829.jpg,6,plastic,plastic,3
plastic/plastic144.jpg,6,plastic,plastic,2
plastic/plastic599.jpg,6,plastic,plastic,3
plastic/plastic822.jpg,6,plastic,plastic,5
plastic/plastic16.jpg,6,plastic,plastic,5
plastic/plastic329.jpg,6,plastic,plastic,2
plastic/plastic247.jpg,6,plastic,plastic,4
plastic/plastic100.jpg,6,plastic,plastic,2
plastic/plastic225.jpg,6,plastic,plastic,5
plastic/plastic669.jpg,6,plastic,plastic,4
plastic/plastic464.jpg,6,plastic,plastic,4
plastic/plastic594.jpg,6,plastic,plastic,5
plastic/plastic835.jpg,6,plastic,plastic,4
plastic/plastic390.jpg,6,plastic,plastic,4
plastic/plastic302.jpg,6,plastic,plastic,2
plastic/plastic5.jpg,6,plastic,plastic,5
plastic/plastic67.jpg,6,plastic,plastic,3
plastic/plastic701.jpg,6,plastic,plastic,3
plastic/plastic374.jpg,6,plastic,plastic,2
plastic/plastic291.jpg,6,plastic,plastic,2
plastic/plastic283.jpg,6,plastic,plastic,2
plastic/plastic461.jpg,6,plastic,plastic,5
plastic/plastic205.jpg,6,plastic,plastic,2
plastic/plastic478.jpg,6,plastic,plastic,2
plastic/plastic132.jpg,6,plastic,plastic,3
plastic/plastic707.jpg,6,plastic,plastic,5
plastic/plastic788.jpg,6,plastic,plastic,5
plastic/plastic427.jpg,6,plastic,plastic,4
plastic/plastic492.jpg,6,plastic,plastic,4
plastic/plastic169.jpg,6,plastic,plastic,4
plastic/plastic127.jpg,6,plastic,plastic,5
plastic/plastic261.jpg,6,plastic,plastic,5
plastic/plastic359.jpg,6,plastic,plastic,4
plastic/plastic313.jpg,6,plastic,plastic,3
plastic/plastic347.jpg,6,plastic,plastic,3
plastic/plastic645.jpg,6,plastic,plastic,5
plastic/plastic375.jpg,6,plastic,plastic,5
plastic/plastic470.jpg,6,plastic,plastic,3
plastic/plastic452.jpg,6,plastic,plastic,3
plastic/plastic176.jpg,6,plastic,plastic,4
plastic/plastic39.jpg,6,plastic,plastic,5
plastic/plastic9.jpg,6,plastic,plastic,2
plastic/plastic97.jpg,6,plastic,plastic,5
plastic/plastic210.jpg,6,plastic,plastic,3
plastic/plastic141.jpg,6,plastic,plastic,2
plastic/plastic429.jpg,6,plastic,plastic,4
plastic/plastic224.jpg,6,plastic,plastic,5
plastic/plastic231.jpg,6,plastic,plastic,5
plastic/plastic808.jpg,6,plastic,plastic,5
plastic/plastic413.jpg,6,plastic,plastic,5
plastic/plastic750.jpg,6,plastic,plastic,3
plastic/plastic787.jpg,6,plastic,plastic,2
plastic/plastic757.jpg,6,plastic,plastic,4
plastic/plastic189.jpg,6,plastic,plastic,5
plastic/plastic15.jpg,6,plastic,plastic,3
plastic/plastic91.jpg,6,plastic,plastic,5
plastic/plastic129.jpg,6,plastic,plastic,3
plastic/plastic253.jpg,6,plastic,plastic,3
plastic/plastic99.jpg,6,plastic,plastic,5
plastic/plastic612.jpg,6,plastic,plastic,5
plastic/plastic340.jpg,6,plastic,plastic,2
plastic/plastic833.jpg,6,plastic,plastic,2
plastic/plastic349.jpg,6,plastic,plastic,5
plastic/plastic686.jpg,6,plastic,plastic,4
plastic/plastic122.jpg,6,plastic,plastic,2
plastic/plastic309.jpg,6,plastic,plastic,2
plastic/plastic41.jpg,6,plastic,plastic,3
plastic/plastic113.jpg,6,plastic,plastic,3
plastic/plastic55.jpg,6,plastic,plastic,2
plastic/plastic589.jpg,6,plastic,plastic,2
plastic/plastic201.jpg,6,plastic,plastic,5
plastic/plastic838.jpg,6,plastic,plastic,2
plastic/plastic834.jpg,6,plastic,plastic,3
plastic/plastic85.jpg,6,plastic,plastic,2
plastic/plastic312.jpg,6,plastic,plastic,2
plastic/plastic404.jpg,6,plastic,plastic,3
plastic/plastic793.jpg,6,plastic,plastic,4
plastic/plastic495.jpg,6,plastic,plastic,4
plastic/plastic791.jpg,6,plastic,plastic,2
plastic/plastic441.jpg,6,plastic,plastic,2
plastic/plastic784.jpg,6,plastic,plastic,4
plastic/plastic257.jpg,6,plastic,plastic,3
plastic/plastic35.jpg,6,plastic,plastic,4
plastic/plastic71.jpg,6,plastic,plastic,4
plastic/plastic69.jpg,6,plastic,plastic,4
plastic/plastic298.jpg,6,plastic,plastic,2
plastic/plastic518.jpg,6,plastic,plastic,2
plastic/plastic858.jpg,6,plastic,plastic,2
plastic/plastic482.jpg,6,plastic,plastic,3
plastic/plastic519.jpg,6,plastic,plastic,4
plastic/plastic314.jpg,6,plastic,plastic,4
plastic/plastic778.jpg,6,plastic,plastic,5
plastic/plastic103.jpg,6,plastic,plastic,3
plastic/plastic155.jpg,6,plastic,plastic,4
undifferentiated/undifferentiated385.jpg,7,undifferentiated,undifferentiated,4
undifferentiated/undifferentiated103.jpg,7,undifferentiated,undifferentiated,4
undifferentiated/undifferentiated413.jpg,7,undifferentiated,undifferentiated,3
undifferentiated/undifferentiated277.jpg,7,undifferentiated,undifferentiated,2
undifferentiated/undifferentiated182.jpg,7,undifferentiated,undifferentiated,4
undifferentiated/undifferentiated569.jpg,7,undifferentiated,undifferentiated,3
undifferentiated/undifferentiated685.jpg,7,undifferentiated,undifferentiated,5
undifferentiated/undifferentiated324.jpg,7,undifferentiated,undifferentiated,3
undifferentiated/undifferentiated510.jpg,7,undifferentiated,undifferentiated,4
undifferentiated/undifferentiated166.jpg,7,undifferentiated,undifferentiated,2
undifferentiated/undifferentiated343.jpg,7,undifferentiated,undifferentiated,4
undifferentiated/undifferentiated580.jpg,7,undifferentiated,undifferentiated,2
undifferentiated/undifferentiated531.jpg,7,undifferentiated,undifferentiated,5
undifferentiated/undifferentiated620.jpg,7,undifferentiated,undifferentiated,2
undifferentiated/undifferentiated202.jpg,7,undifferentiated,undifferentiated,2
undifferentiated/undifferentiated112.jpg,7,undifferentiated,undifferentiated,4
undifferentiated/undifferentiated427.jpg,7,undifferentiated,undifferentiated,3
undifferentiated/undifferentiated49.jpg,7,undifferentiated,undifferentiated,4
undifferentiated/undifferentiated477.jpg,7,undifferentiated,undifferentiated,2
undifferentiated/undifferentiated592.jpg,7,undifferentiated,undifferentiated,3
undifferentiated/undifferentiated557.jpg,7,undifferentiated,undifferentiated,2
undifferentiated/undifferentiated384.jpg,7,undifferentiated,undifferentiated,2
undifferentiated/undifferentiated321.jpg,7,undifferentiated,undifferentiated,3
undifferentiated/undifferentiated483.jpg,7,undifferentiated,undifferentiated,5
undifferentiated/undifferentiated612.jpg,7,undifferentiated,undifferentiated,3
undifferentiated/undifferentiated473.jpg,7,undifferentiated,undifferentiated,5
undifferentiated/undifferentiated31.jpg,7,undifferentiated,undifferentiated,3
undifferentiated/undifferentiated389.jpg,7,undifferentiated,undifferentiated,5
undifferentiated/undifferentiated399.jpg,7,undifferentiated,undifferentiated,5
undifferentiated/undifferentiated63.jpg,7,undifferentiated,undifferentiated,4
undifferentiated/undifferentiated316.jpg,7,undifferentiated,undifferentiated,4
undifferentiated/undifferentiated274.jpg,7,undifferentiated,undifferentiated,2
undifferentiated/undifferentiated577.jpg,7,undifferentiated,undifferentiated,3
undifferentiated/undifferentiated525.jpg,7,undifferentiated,undifferentiated,2
undifferentiated/undifferentiated350.jpg,7,undifferentiated,undifferentiated,3
undifferentiated/undifferentiated598.jpg,7,undifferentiated,undifferentiated,3
undifferentiated/undifferentiated298.jpg,7,undifferentiated,undifferentiated,3
undifferentiated/undifferentiated643.jpg,7,undifferentiated,undifferentiated,3
undifferentiated/undifferentiated224.jpg,7,undifferentiated,undifferentiated,4
undifferentiated/undifferentiated253.jpg,7,undifferentiated,undifferentiated,5
undifferentiated/undifferentiated565.jpg,7,undifferentiated,undifferentiated,2
undifferentiated/undifferentiated18.jpg,7,undifferentiated,undifferentiated,5
undifferentiated/undifferentiated406.jpg,7,undifferentiated,undifferentiated,2
undifferentiated/undifferentiated203.jpg,7,undifferentiated,undifferentiated,2
undifferentiated/undifferentiated365.jpg,7,undifferentiated,undifferentiated,4
undifferentiated/undifferentiated96.jpg,7,undifferentiated,undifferentiated,5
undifferentiated/undifferentiated195.jpg,7,undifferentiated,undifferentiated,3
undifferentiated/undifferentiated302.jpg,7,undifferentiated,undifferentiated,2
undifferentiated/undifferentiated691.jpg,7,undifferentiated,undifferentiated,4
undifferentiated/undifferentiated642.jpg,7,undifferentiated,undifferentiated,2
undifferentiated/undifferentiated248.jpg,7,undifferentiated,undifferentiated,5
undifferentiated/undifferentiated92.jpg,7,undifferentiated,undifferentiated,3
undifferentiated/undifferentiated561.jpg,7,undifferentiated,undifferentiated,2
undifferentiated/undifferentiated509.jpg,7,undifferentiated,undifferentiated,2
undifferentiated/undifferentiated696.jpg,7,undifferentiated,undifferentiated,3
undifferentiated/undifferentiated470.jpg,7,undifferentiated,undifferentiated,2
undifferentiated/undifferentiated426.jpg,7,undifferentiated,undifferentiated,3
undifferentiated/undifferentiated341.jpg,7,undifferentiated,undifferentiated,3
undifferentiated/undifferentiated44.jpg,7,undifferentiated,undifferentiated,3
undifferentiated/undifferentiated288.jpg,7,undifferentiated,undifferentiated,3
undifferentiated/undifferentiated162.jpg,7,undifferentiated,undifferentiated,2
undifferentiated/undifferentiated599.jpg,7,undifferentiated,undifferentiated,2
undifferentiated/undifferentiated651.jpg,7,undifferentiated,undifferentiated,4
undifferentiated/undifferentiated189.jpg,7,undifferentiated,undifferentiated,4
undifferentiated/undifferentiated429.jpg,7,undifferentiated,undifferentiated,3
undifferentiated/undifferentiated502.jpg,7,undifferentiated,undifferentiated,2
undifferentiated/undifferentiated377.jpg,7,undifferentiated,undifferentiated,2
undifferentiated/undifferentiated445.jpg,7,undifferentiated,undifferentiated,4
undifferentiated/undifferentiated91.jpg,7,undifferentiated,undifferentiated,5
undifferentiated/undifferentiated621.jpg,7,undifferentiated,undifferentiated,5
undifferentiated/undifferentiated320.jpg,7,undifferentiated,undifferentiated,5
undifferentiated/undifferentiated439.jpg,7,undifferentiated,undifferentiated,4
undifferentiated/undifferentiated292.jpg,7,undifferentiated,undifferentiated,4
undifferentiated/undifferentiated109.jpg,7,undifferentiated,undifferentiated,3
undifferentiated/undifferentiated41.jpg,7,undifferentiated,undifferentiated,4
undifferentiated/undifferentiated88.jpg,7,undifferentiated,undifferentiated,4
undifferentiated/undifferentiated476.jpg,7,undifferentiated,undifferentiated,4
undifferentiated/undifferentiated117.jpg,7,undifferentiated,undifferentiated,2
undifferentiated/undifferentiated122.jpg,7,undifferentiated,undifferentiated,5
undifferentiated/undifferentiated419.jpg,7,undifferentiated,undifferentiated,2
undifferentiated/undifferentiated417.jpg,7,undifferentiated,undifferentiated,2
undifferentiated/undifferentiated150.jpg,7,undifferentiated,undifferentiated,3
undifferentiated/undifferentiated133.jpg,7,undifferentiated,undifferentiated,2
undifferentiated/undifferentiated95.jpg,7,undifferentiated,undifferentiated,5
undifferentiated/undifferentiated213.jpg,7,undifferentiated,undifferentiated,5
undifferentiated/undifferentiated233.jpg,7,undifferentiated,undifferentiated,5
undifferentiated/undifferentiated462.jpg,7,undifferentiated,undifferentiated,5
undifferentiated/undifferentiated689.jpg,7,undifferentiated,undifferentiated,3
undifferentiated/undifferentiated19.jpg,7,undifferentiated,undifferentiated,5
undifferentiated/undifferentiated548.jpg,7,undifferentiated,undifferentiated,3
undifferentiated/undifferentiated229.jpg,7,undifferentiated,undifferentiated,2
undifferentiated/undifferentiated43.jpg,7,undifferentiated,undifferentiated,5
undifferentiated/undifferentiated583.jpg,7,undifferentiated,undifferentiated,5
undifferentiated/undifferentiated521.jpg,7,undifferentiated,undifferentiated,2
undifferentiated/undifferentiated349.jpg,7,undifferentiated,undifferentiated,5
undifferentiated/undifferentiated116.jpg,7,undifferentiated,undifferentiated,2
undifferentiated/undifferentiated631.jpg,7,undifferentiated,undifferentiated,4
undifferentiated/undifferentiated348.jpg,7,undifferentiated,undifferentiated,4
undifferentiated/undifferentiated553.jpg,7,undifferentiated,undifferentiated,5
undifferentiated/undifferentiated308.jpg,7,undifferentiated,undifferentiated,4
undifferentiated/undifferentiated353.jpg,7,undifferentiated,undifferentiated,3
undifferentiated/undifferentiated331.jpg,7,undifferentiated,undifferentiated,4
undifferentiated/undifferentiated679.jpg,7,undifferentiated,undifferentiated,4
undifferentiated/undifferentiated22.jpg,7,undifferentiated,undifferentiated,5
undifferentiated/undifferentiated188.jpg,7,undifferentiated,undifferentiated,2
undifferentiated/undifferentiated33.jpg,7,undifferentiated,undifferentiated,2
undifferentiated/undifferentiated474.jpg,7,undifferentiated,undifferentiated,4
undifferentiated/undifferentiated503.jpg,7,undifferentiated,undifferentiated,3
undifferentiated/undifferentiated222.jpg,7,undifferentiated,undifferentiated,4
undifferentiated/undifferentiated414.jpg,7,undifferentiated,undifferentiated,4
undifferentiated/undifferentiated383.jpg,7,undifferentiated,undifferentiated,4
undifferentiated/undifferentiated435.jpg,7,undifferentiated,undifferentiated,3
undifferentiated/undifferentiated30.jpg,7,undifferentiated,undifferentiated,3
undifferentiated/undifferentiated39.jpg,7,undifferentiated,undifferentiated,5
undifferentiated/undifferentiated171.jpg,7,undifferentiated,undifferentiated,2
undifferentiated/undifferentiated155.jpg,7,undifferentiated,undifferentiated,5
undifferentiated/undifferentiated208.jpg,7,undifferentiated,undifferentiated,3
undifferentiated/undifferentiated530.jpg,7,undifferentiated,undifferentiated,3
undifferentiated/undifferentiated697.jpg,7,undifferentiated,undifferentiated,3
undifferentiated/undifferentiated169.jpg,7,undifferentiated,undifferentiated,5
undifferentiated/undifferentiated459.jpg,7,undifferentiated,undifferentiated,2
undifferentiated/undifferentiated370.jpg,7,undifferentiated,undifferentiated,4
undifferentiated/undifferentiated160.jpg,7,undifferentiated,undifferentiated,3
undifferentiated/undifferentiated257.jpg,7,undifferentiated,undifferentiated,4
undifferentiated/undifferentiated212.jpg,7,undifferentiated,undifferentiated,5
undifferentiated/undifferentiated101.jpg,7,undifferentiated,undifferentiated,2
undifferentiated/undifferentiated678.jpg,7,undifferentiated,undifferentiated,5
undifferentiated/undifferentiated207.jpg,7,undifferentiated,undifferentiated,5
undifferentiated/undifferentiated5.jpg,7,undifferentiated,undifferentiated,2
undifferentiated/undifferentiated67.jpg,7,undifferentiated,undifferentiated,4
undifferentiated/undifferentiated230.jpg,7,undifferentiated,undifferentiated,3
undifferentiated/undifferentiated513.jpg,7,undifferentiated,undifferentiated,4
undifferentiated/undifferentiated129.jpg,7,undifferentiated,undifferentiated,5
undifferentiated/undifferentiated319.jpg,7,undifferentiated,undifferentiated,2
undifferentiated/undifferentiated663.jpg,7,undifferentiated,undifferentiated,5
undifferentiated/undifferentiated12.jpg,7,undifferentiated,undifferentiated,5
undifferentiated/undifferentiated540.jpg,7,undifferentiated,undifferentiated,3
undifferentiated/undifferentiated194.jpg,7,undifferentiated,undifferentiated,3
undifferentiated/undifferentiated570.jpg,7,undifferentiated,undifferentiated,5
undifferentiated/undifferentiated197.jpg,7,undifferentiated,undifferentiated,3
undifferentiated/undifferentiated244.jpg,7,undifferentiated,undifferentiated,2
undifferentiated/undifferentiated408.jpg,7,undifferentiated,undifferentiated,4
undifferentiated/undifferentiated134.jpg,7,undifferentiated,undifferentiated,4
undifferentiated/undifferentiated424.jpg,7,undifferentiated,undifferentiated,3
undifferentiated/undifferentiated368.jpg,7,undifferentiated,undifferentiated,4
undifferentiated/undifferentiated601.jpg,7,undifferentiated,undifferentiated,3
undifferentiated/undifferentiated554.jpg,7,undifferentiated,undifferentiated,3
undifferentiated/undifferentiated458.jpg,7,undifferentiated,undifferentiated,5
undifferentiated/undifferentiated303.jpg,7,undifferentiated,undifferentiated,5
undifferentiated/undifferentiated628.jpg,7,undifferentiated,undifferentiated,2
undifferentiated/undifferentiated269.jpg,7,undifferentiated,undifferentiated,5
undifferentiated/undifferentiated138.jpg,7,undifferentiated,undifferentiated,2
undifferentiated/undifferentiated86.jpg,7,undifferentiated,undifferentiated,3
undifferentiated/undifferentiated293.jpg,7,undifferentiated,undifferentiated,2
undifferentiated/undifferentiated199.jpg,7,undifferentiated,undifferentiated,4
undifferentiated/undifferentiated382.jpg,7,undifferentiated,undifferentiated,5
undifferentiated/undifferentiated336.jpg,7,undifferentiated,undifferentiated,2
undifferentiated/undifferentiated527.jpg,7,undifferentiated,undifferentiated,3
undifferentiated/undifferentiated26.jpg,7,undifferentiated,undifferentiated,3
undifferentiated/undifferentiated142.jpg,7,undifferentiated,undifferentiated,2
undifferentiated/undifferentiated490.jpg,7,undifferentiated,undifferentiated,5
undifferentiated/undifferentiated11.jpg,7,undifferentiated,undifferentiated,4
undifferentiated/undifferentiated272.jpg,7,undifferentiated,undifferentiated,5
undifferentiated/undifferentiated619.jpg,7,undifferentiated,undifferentiated,4
undifferentiated/undifferentiated428.jpg,7,undifferentiated,undifferentiated,5
undifferentiated/undifferentiated245.jpg,7,undifferentiated,undifferentiated,4
undifferentiated/undifferentiated641.jpg,7,undifferentiated,undifferentiated,5
undifferentiated/undifferentiated35.jpg,7,undifferentiated,undifferentiated,4
undifferentiated/undifferentiated467.jpg,7,undifferentiated,undifferentiated,5
undifferentiated/undifferentiated544.jpg,7,undifferentiated,undifferentiated,5
undifferentiated/undifferentiated263.jpg,7,undifferentiated,undifferentiated,5
undifferentiated/undifferentiated546.jpg,7,undifferentiated,undifferentiated,5
undifferentiated/undifferentiated342.jpg,7,undifferentiated,undifferentiated,5
undifferentiated/undifferentiated306.jpg,7,undifferentiated,undifferentiated,3
undifferentiated/undifferentiated648.jpg,7,undifferentiated,undifferentiated,3
undifferentiated/undifferentiated670.jpg,7,undifferentiated,undifferentiated,4
undifferentiated/undifferentiated295.jpg,7,undifferentiated,undifferentiated,5
undifferentiated/undifferentiated404.jpg,7,undifferentiated,undifferentiated,4
undifferentiated/undifferentiated551.jpg,7,undifferentiated,undifferentiated,3
undifferentiated/undifferentiated481.jpg,7,undifferentiated,undifferentiated,4
undifferentiated/undifferentiated559.jpg,7,undifferentiated,undifferentiated,3
undifferentiated/undifferentiated289.jpg,7,undifferentiated,undifferentiated,2
undifferentiated/undifferentiated125.jpg,7,undifferentiated,undifferentiated,2
undifferentiated/undifferentiated471.jpg,7,undifferentiated,undifferentiated,3
undifferentiated/undifferentiated165.jpg,7,undifferentiated,undifferentiated,4
undifferentiated/undifferentiated672.jpg,7,undifferentiated,undifferentiated,3
undifferentiated/undifferentiated647.jpg,7,undifferentiated,undifferentiated,5
undifferentiated/undifferentiated547.jpg,7,undifferentiated,undifferentiated,3
undifferentiated/undifferentiated36.jpg,7,undifferentiated,undifferentiated,5
undifferentiated/undifferentiated684.jpg,7,undifferentiated,undifferentiated,4
undifferentiated/undifferentiated351.jpg,7,undifferentiated,undifferentiated,5
undifferentiated/undifferentiated410.jpg,7,undifferentiated,undifferentiated,4
undifferentiated/undifferentiated499.jpg,7,undifferentiated,undifferentiated,5
undifferentiated/undifferentiated638.jpg,7,undifferentiated,undifferentiated,5
undifferentiated/undifferentiated352.jpg,7,undifferentiated,undifferentiated,5
undifferentiated/undifferentiated434.jpg,7,undifferentiated,undifferentiated,5
undifferentiated/undifferentiated639.jpg,7,undifferentiated,undifferentiated,5
undifferentiated/undifferentiated392.jpg,7,undifferentiated,undifferentiated,3
undifferentiated/undifferentiated581.jpg,7,undifferentiated,undifferentiated,3
undifferentiated/undifferentiated518.jpg,7,undifferentiated,undifferentiated,5
undifferentiated/undifferentiated251.jpg,7,undifferentiated,undifferentiated,5
undifferentiated/undifferentiated693.jpg,7,undifferentiated,undifferentiated,3
undifferentiated/undifferentiated568.jpg,7,undifferentiated,undifferentiated,2
undifferentiated/undifferentiated574.jpg,7,undifferentiated,undifferentiated,2
undifferentiated/undifferentiated582.jpg,7,undifferentiated,undifferentiated,4
undifferentiated/undifferentiated412.jpg,7,undifferentiated,undifferentiated,4
undifferentiated/undifferentiated498.jpg,7,undifferentiated,undifferentiated,3
undifferentiated/undifferentiated146.jpg,7,undifferentiated,undifferentiated,5
undifferentiated/undifferentiated193.jpg,7,undifferentiated,undifferentiated,4
undifferentiated/undifferentiated666.jpg,7,undifferentiated,undifferentiated,2
undifferentiated/undifferentiated585.jpg,7,undifferentiated,undifferentiated,3
undifferentiated/undifferentiated280.jpg,7,undifferentiated,undifferentiated,3
undifferentiated/undifferentiated75.jpg,7,undifferentiated,undifferentiated,4
undifferentiated/undifferentiated339.jpg,7,undifferentiated,undifferentiated,4
undifferentiated/undifferentiated591.jpg,7,undifferentiated,undifferentiated,2
undifferentiated/undifferentiated27.jpg,7,undifferentiated,undifferentiated,3
undifferentiated/undifferentiated270.jpg,7,undifferentiated,undifferentiated,2
undifferentiated/undifferentiated240.jpg,7,undifferentiated,undifferentiated,3
undifferentiated/undifferentiated360.jpg,7,undifferentiated,undifferentiated,3
undifferentiated/undifferentiated90.jpg,7,undifferentiated,undifferentiated,3
undifferentiated/undifferentiated211.jpg,7,undifferentiated,undifferentiated,2
undifferentiated/undifferentiated450.jpg,7,undifferentiated,undifferentiated,3
undifferentiated/undifferentiated328.jpg,7,undifferentiated,undifferentiated,3
undifferentiated/undifferentiated48.jpg,7,undifferentiated,undifferentiated,4
undifferentiated/undifferentiated609.jpg,7,undifferentiated,undifferentiated,4
undifferentiated/undifferentiated650.jpg,7,undifferentiated,undifferentiated,4
undifferentiated/undifferentiated380.jpg,7,undifferentiated,undifferentiated,5
undifferentiated/undifferentiated205.jpg,7,undifferentiated,undifferentiated,3
undifferentiated/undifferentiated37.jpg,7,undifferentiated,undifferentiated,2
undifferentiated/undifferentiated617.jpg,7,undifferentiated,undifferentiated,2
undifferentiated/undifferentiated615.jpg,7,undifferentiated,undifferentiated,3
undifferentiated/undifferentiated644.jpg,7,undifferentiated,undifferentiated,4
undifferentiated/undifferentiated354.jpg,7,undifferentiated,undifferentiated,5
undifferentiated/undifferentiated34.jpg,7,undifferentiated,undifferentiated,3
undifferentiated/undifferentiated433.jpg,7,undifferentiated,undifferentiated,3
undifferentiated/undifferentiated57.jpg,7,undifferentiated,undifferentiated,2
undifferentiated/undifferentiated200.jpg,7,undifferentiated,undifferentiated,4
undifferentiated/undifferentiated247.jpg,7,undifferentiated,undifferentiated,3
undifferentiated/undifferentiated442.jpg,7,undifferentiated,undifferentiated,5
undifferentiated/undifferentiated627.jpg,7,undifferentiated,undifferentiated,3
undifferentiated/undifferentiated144.jpg,7,undifferentiated,undifferentiated,5
undifferentiated/undifferentiated588.jpg,7,undifferentiated,undifferentiated,2
undifferentiated/undifferentiated163.jpg,7,undifferentiated,undifferentiated,2
undifferentiated/undifferentiated9.jpg,7,undifferentiated,undifferentiated,5
undifferentiated/undifferentiated219.jpg,7,undifferentiated,undifferentiated,3
undifferentiated/undifferentiated73.jpg,7,undifferentiated,undifferentiated,2
undifferentiated/undifferentiated673.jpg,7,undifferentiated,undifferentiated,2
undifferentiated/undifferentiated17.jpg,7,undifferentiated,undifferentiated,2
undifferentiated/undifferentiated623.jpg,7,undifferentiated,undifferentiated,3
undifferentiated/undifferentiated236.jpg,7,undifferentiated,undifferentiated,4
undifferentiated/undifferentiated694.jpg,7,undifferentiated,undifferentiated,4
undifferentiated/undifferentiated99.jpg,7,undifferentiated,undifferentiated,3
undifferentiated/undifferentiated153.jpg,7,undifferentiated,undifferentiated,2
undifferentiated/undifferentiated87.jpg,7,undifferentiated,undifferentiated,2
undifferentiated/undifferentiated237.jpg,7,undifferentiated,undifferentiated,5
undifferentiated/undifferentiated484.jpg,7,undifferentiated,undifferentiated,2
undifferentiated/undifferentiated464.jpg,7,undifferentiated,undifferentiated,5
undifferentiated/undifferentiated24.jpg,7,undifferentiated,undifferentiated,3
undifferentiated/undifferentiated552.jpg,7,undifferentiated,undifferentiated,3
undifferentiated/undifferentiated594.jpg,7,undifferentiated,undifferentiated,2
undifferentiated/undifferentiated241.jpg,7,undifferentiated,undifferentiated,3
undifferentiated/undifferentiated607.jpg,7,undifferentiated,undifferentiated,3
undifferentiated/undifferentiated78.jpg,7,undifferentiated,undifferentiated,3
undifferentiated/undifferentiated423.jpg,7,undifferentiated,undifferentiated,5
undifferentiated/undifferentiated495.jpg,7,undifferentiated,undifferentiated,4
undifferentiated/undifferentiated206.jpg,7,undifferentiated,undifferentiated,2
undifferentiated/undifferentiated79.jpg,7,undifferentiated,undifferentiated,2
undifferentiated/undifferentiated633.jpg,7,undifferentiated,undifferentiated,3
undifferentiated/undifferentiated123.jpg,7,undifferentiated,undifferentiated,3
undifferentiated/undifferentiated192.jpg,7,undifferentiated,undifferentiated,2
undifferentiated/undifferentiated344.jpg,7,undifferentiated,undifferentiated,5
undifferentiated/undifferentiated107.jpg,7,undifferentiated,undifferentiated,2
undifferentiated/undifferentiated307.jpg,7,undifferentiated,undifferentiated,4
undifferentiated/undifferentiated511.jpg,7,undifferentiated,undifferentiated,5
undifferentiated/undifferentiated93.jpg,7,undifferentiated,undifferentiated,5
undifferentiated/undifferentiated204.jpg,7,undifferentiated,undifferentiated,4
undifferentiated/undifferentiated254.jpg,7,undifferentiated,undifferentiated,5
undifferentiated/undifferentiated268.jpg,7,undifferentiated,undifferentiated,3
undifferentiated/undifferentiated184.jpg,7,undifferentiated,undifferentiated,2
undifferentiated/undifferentiated463.jpg,7,undifferentiated,undifferentiated,3
undifferentiated/undifferentiated506.jpg,7,undifferentiated,undifferentiated,4
undifferentiated/undifferentiated69.jpg,7,undifferentiated,undifferentiated,3
undifferentiated/undifferentiated278.jpg,7,undifferentiated,undifferentiated,3
undifferentiated/undifferentiated285.jpg,7,undifferentiated,undifferentiated,3
undifferentiated/undifferentiated655.jpg,7,undifferentiated,undifferentiated,3
undifferentiated/undifferentiated338.jpg,7,undifferentiated,undifferentiated,5
undifferentiated/undifferentiated81.jpg,7,undifferentiated,undifferentiated,5
undifferentiated/undifferentiated105.jpg,7,undifferentiated,undifferentiated,5
undifferentiated/undifferentiated98.jpg,7,undifferentiated,undifferentiated,4
undifferentiated/undifferentiated94.jpg,7,undifferentiated,undifferentiated,3
undifferentiated/undifferentiated83.jpg,7,undifferentiated,undifferentiated,2
undifferentiated/undifferentiated135.jpg,7,undifferentiated,undifferentiated,5
undifferentiated/undifferentiated482.jpg,7,undifferentiated,undifferentiated,3
undifferentiated/undifferentiated157.jpg,7,undifferentiated,undifferentiated,2
undifferentiated/undifferentiated108.jpg,7,undifferentiated,undifferentiated,2
undifferentiated/undifferentiated59.jpg,7,undifferentiated,undifferentiated,2
undifferentiated/undifferentiated100.jpg,7,undifferentiated,undifferentiated,4
undifferentiated/undifferentiated632.jpg,7,undifferentiated,undifferentiated,2
undifferentiated/undifferentiated606.jpg,7,undifferentiated,undifferentiated,4
undifferentiated/undifferentiated386.jpg,7,undifferentiated,undifferentiated,2
undifferentiated/undifferentiated686.jpg,7,undifferentiated,undifferentiated,5
undifferentiated/undifferentiated2.jpg,7,undifferentiated,undifferentiated,2
undifferentiated/undifferentiated532.jpg,7,undifferentiated,undifferentiated,3
undifferentiated/undifferentiated40.jpg,7,undifferentiated,undifferentiated,3
undifferentiated/undifferentiated519.jpg,7,undifferentiated,undifferentiated,5
undifferentiated/undifferentiated646.jpg,7,undifferentiated,undifferentiated,2
undifferentiated/undifferentiated89.jpg,7,undifferentiated,undifferentiated,4
undifferentiated/undifferentiated111.jpg,7,undifferentiated,undifferentiated,3
undifferentiated/undifferentiated178.jpg,7,undifferentiated,undifferentiated,4
undifferentiated/undifferentiated564.jpg,7,undifferentiated,undifferentiated,4
undifferentiated/undifferentiated596.jpg,7,undifferentiated,undifferentiated,4
undifferentiated/undifferentiated266.jpg,7,undifferentiated,undifferentiated,5
undifferentiated/undifferentiated151.jpg,7,undifferentiated,undifferentiated,2
undifferentiated/undifferentiated124.jpg,7,undifferentiated,undifferentiated,5
undifferentiated/undifferentiated71.jpg,7,undifferentiated,undifferentiated,3
undifferentiated/undifferentiated440.jpg,7,undifferentiated,undifferentiated,5
undifferentiated/undifferentiated589.jpg,7,undifferentiated,undifferentiated,2
undifferentiated/undifferentiated301.jpg,7,undifferentiated,undifferentiated,3
undifferentiated/undifferentiated28.jpg,7,undifferentiated,undifferentiated,2
undifferentiated/undifferentiated357.jpg,7,undifferentiated,undifferentiated,3
undifferentiated/undifferentiated637.jpg,7,undifferentiated,undifferentiated,5
undifferentiated/undifferentiated695.jpg,7,undifferentiated,undifferentiated,5
undifferentiated/undifferentiated625.jpg,7,undifferentiated,undifferentiated,2
undifferentiated/undifferentiated47.jpg,7,undifferentiated,undifferentiated,4
undifferentiated/undifferentiated10.jpg,7,undifferentiated,undifferentiated,5
undifferentiated/undifferentiated680.jpg,7,undifferentiated,undifferentiated,2
undifferentiated/undifferentiated438.jpg,7,undifferentiated,undifferentiated,4
undifferentiated/undifferentiated53.jpg,7,undifferentiated,undifferentiated,3
undifferentiated/undifferentiated223.jpg,7,undifferentiated,undifferentiated,3
undifferentiated/undifferentiated283.jpg,7,undifferentiated,undifferentiated,3
undifferentiated/undifferentiated29.jpg,7,undifferentiated,undifferentiated,3
undifferentiated/undifferentiated170.jpg,7,undifferentiated,undifferentiated,2
undifferentiated/undifferentiated457.jpg,7,undifferentiated,undifferentiated,5
undifferentiated/undifferentiated140.jpg,7,undifferentiated,undifferentiated,4
undifferentiated/undifferentiated290.jpg,7,undifferentiated,undifferentiated,3
undifferentiated/undifferentiated618.jpg,7,undifferentiated,undifferentiated,4
undifferentiated/undifferentiated318.jpg,7,undifferentiated,undifferentiated,3
undifferentiated/undifferentiated443.jpg,7,undifferentiated,undifferentiated,3
undifferentiated/undifferentiated534.jpg,7,undifferentiated,undifferentiated,2
undifferentiated/undifferentiated400.jpg,7,undifferentiated,undifferentiated,2
undifferentiated/undifferentiated469.jpg,7,undifferentiated,undifferentiated,4
undifferentiated/undifferentiated682.jpg,7,undifferentiated,undifferentiated,5
undifferentiated/undifferentiated487.jpg,7,undifferentiated,undifferentiated,5
undifferentiated/undifferentiated4.jpg,7,undifferentiated,undifferentiated,4
undifferentiated/undifferentiated394.jpg,7,undifferentiated,undifferentiated,2
undifferentiated/undifferentiated395.jpg,7,undifferentiated,undifferentiated,4
undifferentiated/undifferentiated593.jpg,7,undifferentiated,undifferentiated,4
undifferentiated/undifferentiated168.jpg,7,undifferentiated,undifferentiated,2
undifferentiated/undifferentiated555.jpg,7,undifferentiated,undifferentiated,5
undifferentiated/undifferentiated550.jpg,7,undifferentiated,undifferentiated,4
undifferentiated/undifferentiated180.jpg,7,undifferentiated,undifferentiated,5
undifferentiated/undifferentiated326.jpg,7,undifferentiated,undifferentiated,5
undifferentiated/undifferentiated106.jpg,7,undifferentiated,undifferentiated,2
undifferentiated/undifferentiated51.jpg,7,undifferentiated,undifferentiated,2
undifferentiated/undifferentiated595.jpg,7,undifferentiated,undifferentiated,2
undifferentiated/undifferentiated393.jpg,7,undifferentiated,undifferentiated,5
undifferentiated/undifferentiated436.jpg,7,undifferentiated,undifferentiated,5
undifferentiated/undifferentiated143.jpg,7,undifferentiated,undifferentiated,5
undifferentiated/undifferentiated602.jpg,7,undifferentiated,undifferentiated,2
undifferentiated/undifferentiated201.jpg,7,undifferentiated,undifferentiated,4
undifferentiated/undifferentiated62.jpg,7,undifferentiated,undifferentiated,2
undifferentiated/undifferentiated209.jpg,7,undifferentiated,undifferentiated,5
undifferentiated/undifferentiated660.jpg,7,undifferentiated,undifferentiated,5
undifferentiated/undifferentiated218.jpg,7,undifferentiated,undifferentiated,3
undifferentiated/undifferentiated636.jpg,7,undifferentiated,undifferentiated,2
undifferentiated/undifferentiated304.jpg,7,undifferentiated,undifferentiated,3
undifferentiated/undifferentiated216.jpg,7,undifferentiated,undifferentiated,3
undifferentiated/undifferentiated126.jpg,7,undifferentiated,undifferentiated,3
undifferentiated/undifferentiated127.jpg,7,undifferentiated,undifferentiated,3
undifferentiated/undifferentiated340.jpg,7,undifferentiated,undifferentiated,2
undifferentiated/undifferentiated541.jpg,7,undifferentiated,undifferentiated,4
undifferentiated/undifferentiated356.jpg,7,undifferentiated,undifferentiated,2
undifferentiated/undifferentiated488.jpg,7,undifferentiated,undifferentiated,4
undifferentiated/undifferentiated590.jpg,7,undifferentiated,undifferentiated,3
undifferentiated/undifferentiated167.jpg,7,undifferentiated,undifferentiated,3
undifferentiated/undifferentiated84.jpg,7,undifferentiated,undifferentiated,5
undifferentiated/undifferentiated235.jpg,7,undifferentiated,undifferentiated,2
undifferentiated/undifferentiated56.jpg,7,undifferentiated,undifferentiated,5
undifferentiated/undifferentiated54.jpg,7,undifferentiated,undifferentiated,4
undifferentiated/undifferentiated626.jpg,7,undifferentiated,undifferentiated,4
undifferentiated/undifferentiated264.jpg,7,undifferentiated,undifferentiated,2
undifferentiated/undifferentiated447.jpg,7,undifferentiated,undifferentiated,2
undifferentiated/undifferentiated173.jpg,7,undifferentiated,undifferentiated,4
undifferentiated/undifferentiated52.jpg,7,undifferentiated,undifferentiated,5
undifferentiated/undifferentiated136.jpg,7,undifferentiated,undifferentiated,4
undifferentiated/undifferentiated271.jpg,7,undifferentiated,undifferentiated,2
undifferentiated/undifferentiated345.jpg,7,undifferentiated,undifferentiated,4
undifferentiated/undifferentiated286.jpg,7,undifferentiated,undifferentiated,3
undifferentiated/undifferentiated390.jpg,7,undifferentiated,undifferentiated,5
undifferentiated/undifferentiated252.jpg,7,undifferentiated,undifferentiated,5
undifferentiated/undifferentiated228.jpg,7,undifferentiated,undifferentiated,4
undifferentiated/undifferentiated657.jpg,7,undifferentiated,undifferentiated,3
undifferentiated/undifferentiated656.jpg,7,undifferentiated,undifferentiated,2
undifferentiated/undifferentiated312.jpg,7,undifferentiated,undifferentiated,4
undifferentiated/undifferentiated451.jpg,7,undifferentiated,undifferentiated,4
undifferentiated/undifferentiated313.jpg,7,undifferentiated,undifferentiated,4
undifferentiated/undifferentiated130.jpg,7,undifferentiated,undifferentiated,2
undifferentiated/undifferentiated397.jpg,7,undifferentiated,undifferentiated,4
undifferentiated/undifferentiated492.jpg,7,undifferentiated,undifferentiated,5
undifferentiated/undifferentiated528.jpg,7,undifferentiated,undifferentiated,2
undifferentiated/undifferentiated364.jpg,7,undifferentiated,undifferentiated,4
undifferentiated/undifferentiated573.jpg,7,undifferentiated,undifferentiated,4
undifferentiated/undifferentiated294.jpg,7,undifferentiated,undifferentiated,2
undifferentiated/undifferentiated415.jpg,7,undifferentiated,undifferentiated,3
undifferentiated/undifferentiated259.jpg,7,undifferentiated,undifferentiated,2
undifferentiated/undifferentiated500.jpg,7,undifferentiated,undifferentiated,5
undifferentiated/undifferentiated239.jpg,7,undifferentiated,undifferentiated,4
undifferentiated/undifferentiated97.jpg,7,undifferentiated,undifferentiated,5
undifferentiated/undifferentiated311.jpg,7,undifferentiated,undifferentiated,3
undifferentiated/undifferentiated508.jpg,7,undifferentiated,undifferentiated,5
undifferentiated/undifferentiated455.jpg,7,undifferentiated,undifferentiated,3
undifferentiated/undifferentiated579.jpg,7,undifferentiated,undifferentiated,4
undifferentiated/undifferentiated158.jpg,7,undifferentiated,undifferentiated,5
undifferentiated/undifferentiated334.jpg,7,undifferentiated,undifferentiated,2
undifferentiated/undifferentiated432.jpg,7,undifferentiated,undifferentiated,3
undifferentiated/undifferentiated497.jpg,7,undifferentiated,undifferentiated,2
undifferentiated/undifferentiated8.jpg,7,undifferentiated,undifferentiated,2
undifferentiated/undifferentiated466.jpg,7,undifferentiated,undifferentiated,3
undifferentiated/undifferentiated38.jpg,7,undifferentiated,undifferentiated,3
undifferentiated/undifferentiated460.jpg,7,undifferentiated,undifferentiated,5
undifferentiated/undifferentiated72.jpg,7,undifferentiated,undifferentiated,2
undifferentiated/undifferentiated132.jpg,7,undifferentiated,undifferentiated,4
undifferentiated/undifferentiated489.jpg,7,undifferentiated,undifferentiated,2
undifferentiated/undifferentiated76.jpg,7,undifferentiated,undifferentiated,5
undifferentiated/undifferentiated359.jpg,7,undifferentiated,undifferentiated,5
undifferentiated/undifferentiated418.jpg,7,undifferentiated,undifferentiated,2
undifferentiated/undifferentiated287.jpg,7,undifferentiated,undifferentiated,5
undifferentiated/undifferentiated526.jpg,7,undifferentiated,undifferentiated,2
undifferentiated/undifferentiated232.jpg,7,undifferentiated,undifferentiated,2
undifferentiated/undifferentiated305.jpg,7,undifferentiated,undifferentiated,5
undifferentiated/undifferentiated688.jpg,7,undifferentiated,undifferentiated,5
undifferentiated/undifferentiated480.jpg,7,undifferentiated,undifferentiated,3
undifferentiated/undifferentiated376.jpg,7,undifferentiated,undifferentiated,4
undifferentiated/undifferentiated453.jpg,7,undifferentiated,undifferentiated,5
undifferentiated/undifferentiated665.jpg,7,undifferentiated,undifferentiated,5
undifferentiated/undifferentiated113.jpg,7,undifferentiated,undifferentiated,4
undifferentiated/undifferentiated1.jpg,7,undifferentiated,undifferentiated,4
undifferentiated/undifferentiated629.jpg,7,undifferentiated,undifferentiated,5
undifferentiated/undifferentiated335.jpg,7,undifferentiated,undifferentiated,2
undifferentiated/undifferentiated411.jpg,7,undifferentiated,undifferentiated,4
undifferentiated/undifferentiated215.jpg,7,undifferentiated,undifferentiated,2
undifferentiated/undifferentiated249.jpg,7,undifferentiated,undifferentiated,4
undifferentiated/undifferentiated675.jpg,7,undifferentiated,undifferentiated,4
undifferentiated/undifferentiated337.jpg,7,undifferentiated,undifferentiated,4
undifferentiated/undifferentiated690.jpg,7,undifferentiated,undifferentiated,5
undifferentiated/undifferentiated183.jpg,7,undifferentiated,undifferentiated,3
undifferentiated/undifferentiated281.jpg,7,undifferentiated,undifferentiated,4
undifferentiated/undifferentiated177.jpg,7,undifferentiated,undifferentiated,2
undifferentiated/undifferentiated159.jpg,7,undifferentiated,undifferentiated,3
undifferentiated/undifferentiated529.jpg,7,undifferentiated,undifferentiated,2
undifferentiated/undifferentiated613.jpg,7,undifferentiated,undifferentiated,5
undifferentiated/undifferentiated363.jpg,7,undifferentiated,undifferentiated,5
undifferentiated/undifferentiated448.jpg,7,undifferentiated,undifferentiated,4
undifferentiated/undifferentiated567.jpg,7,undifferentiated,undifferentiated,4
undifferentiated/undifferentiated669.jpg,7,undifferentiated,undifferentiated,5
undifferentiated/undifferentiated379.jpg,7,undifferentiated,undifferentiated,3
undifferentiated/undifferentiated7.jpg,7,undifferentiated,undifferentiated,4
undifferentiated/undifferentiated524.jpg,7,undifferentiated,undifferentiated,2
undifferentiated/undifferentiated85.jpg,7,undifferentiated,undifferentiated,2
undifferentiated/undifferentiated149.jpg,7,undifferentiated,undifferentiated,4
undifferentiated/undifferentiated327.jpg,7,undifferentiated,undifferentiated,3
undifferentiated/undifferentiated416.jpg,7,undifferentiated,undifferentiated,4
undifferentiated/undifferentiated110.jpg,7,undifferentiated,undifferentiated,4
undifferentiated/undifferentiated375.jpg,7,undifferentiated,undifferentiated,2
undifferentiated/undifferentiated398.jpg,7,undifferentiated,undifferentiated,2
undifferentiated/undifferentiated441.jpg,7,undifferentiated,undifferentiated,5
undifferentiated/undifferentiated32.jpg,7,undifferentiated,undifferentiated,5
undifferentiated/undifferentiated325.jpg,7,undifferentiated,undifferentiated,4
undifferentiated/undifferentiated491.jpg,7,undifferentiated,undifferentiated,4
undifferentiated/undifferentiated196.jpg,7,undifferentiated,undifferentiated,4
undifferentiated/undifferentiated614.jpg,7,undifferentiated,undifferentiated,5
undifferentiated/undifferentiated64.jpg,7,undifferentiated,undifferentiated,4
undifferentiated/undifferentiated300.jpg,7,undifferentiated,undifferentiated,5
undifferentiated/undifferentiated148.jpg,7,undifferentiated,undifferentiated,4
undifferentiated/undifferentiated190.jpg,7,undifferentiated,undifferentiated,4
undifferentiated/undifferentiated692.jpg,7,undifferentiated,undifferentiated,2
undifferentiated/undifferentiated616.jpg,7,undifferentiated,undifferentiated,5
undifferentiated/undifferentiated65.jpg,7,undifferentiated,undifferentiated,4
undifferentiated/undifferentiated501.jpg,7,undifferentiated,undifferentiated,4
undifferentiated/undifferentiated179.jpg,7,undifferentiated,undifferentiated,5
undifferentiated/undifferentiated291.jpg,7,undifferentiated,undifferentiated,5
undifferentiated/undifferentiated575.jpg,7,undifferentiated,undifferentiated,3
undifferentiated/undifferentiated137.jpg,7,undifferentiated,undifferentiated,4
undifferentiated/undifferentiated119.jpg,7,undifferentiated,undifferentiated,2
undifferentiated/undifferentiated425.jpg,7,undifferentiated,undifferentiated,2
undifferentiated/undifferentiated46.jpg,7,undifferentiated,undifferentiated,3
undifferentiated/undifferentiated603.jpg,7,undifferentiated,undifferentiated,4
undifferentiated/undifferentiated120.jpg,7,undifferentiated,undifferentiated,3
undifferentiated/undifferentiated635.jpg,7,undifferentiated,undifferentiated,5
undifferentiated/undifferentiated152.jpg,7,undifferentiated,undifferentiated,3
undifferentiated/undifferentiated461.jpg,7,undifferentiated,undifferentiated,3
undifferentiated/undifferentiated517.jpg,7,undifferentiated,undifferentiated,5
undifferentiated/undifferentiated634.jpg,7,undifferentiated,undifferentiated,5
undifferentiated/undifferentiated409.jpg,7,undifferentiated,undifferentiated,4
undifferentiated/undifferentiated456.jpg,7,undifferentiated,undifferentiated,3
undifferentiated/undifferentiated217.jpg,7,undifferentiated,undifferentiated,2
undifferentiated/undifferentiated187.jpg,7,undifferentiated,undifferentiated,2
undifferentiated/undifferentiated396.jpg,7,undifferentiated,undifferentiated,3
undifferentiated/undifferentiated284.jpg,7,undifferentiated,undifferentiated,3
undifferentiated/undifferentiated516.jpg,7,undifferentiated,undifferentiated,4
undifferentiated/undifferentiated172.jpg,7,undifferentiated,undifferentiated,5
undifferentiated/undifferentiated256.jpg,7,undifferentiated,undifferentiated,3
undifferentiated/undifferentiated273.jpg,7,undifferentiated,undifferentiated,4
undifferentiated/undifferentiated486.jpg,7,undifferentiated,undifferentiated,3
undifferentiated/undifferentiated654.jpg,7,undifferentiated,undifferentiated,3
undifferentiated/undifferentiated604.jpg,7,undifferentiated,undifferentiated,5
undifferentiated/undifferentiated128.jpg,7,undifferentiated,undifferentiated,3
undifferentiated/undifferentiated597.jpg,7,undifferentiated,undifferentiated,2
undifferentiated/undifferentiated45.jpg,7,undifferentiated,undifferentiated,5
undifferentiated/undifferentiated68.jpg,7,undifferentiated,undifferentiated,3
undifferentiated/undifferentiated82.jpg,7,undifferentiated,undifferentiated,4
undifferentiated/undifferentiated279.jpg,7,undifferentiated,undifferentiated,2
undifferentiated/undifferentiated572.jpg,7,undifferentiated,undifferentiated,2
undifferentiated/undifferentiated576.jpg,7,undifferentiated,undifferentiated,4
undifferentiated/undifferentiated514.jpg,7,undifferentiated,undifferentiated,3
undifferentiated/undifferentiated156.jpg,7,undifferentiated,undifferentiated,2
undifferentiated/undifferentiated185.jpg,7,undifferentiated,undifferentiated,5
undifferentiated/undifferentiated478.jpg,7,undifferentiated,undifferentiated,4
undifferentiated/undifferentiated372.jpg,7,undifferentiated,undifferentiated,2
undifferentiated/undifferentiated225.jpg,7,undifferentiated,undifferentiated,4
undifferentiated/undifferentiated649.jpg,7,undifferentiated,undifferentiated,5
undifferentiated/undifferentiated512.jpg,7,undifferentiated,undifferentiated,2
undifferentiated/undifferentiated317.jpg,7,undifferentiated,undifferentiated,4
undifferentiated/undifferentiated115.jpg,7,undifferentiated,undifferentiated,2
undifferentiated/undifferentiated536.jpg,7,undifferentiated,undifferentiated,4
undifferentiated/undifferentiated14.jpg,7,undifferentiated,undifferentiated,4
undifferentiated/undifferentiated494.jpg,7,undifferentiated,undifferentiated,4
undifferentiated/undifferentiated276.jpg,7,undifferentiated,undifferentiated,2
undifferentiated/undifferentiated496.jpg,7,undifferentiated,undifferentiated,4
undifferentiated/undifferentiated261.jpg,7,undifferentiated,undifferentiated,3
undifferentiated/undifferentiated681.jpg,7,undifferentiated,undifferentiated,4
undifferentiated/undifferentiated16.jpg,7,undifferentiated,undifferentiated,3
undifferentiated/undifferentiated176.jpg,7,undifferentiated,undifferentiated,2
undifferentiated/undifferentiated371.jpg,7,undifferentiated,undifferentiated,2
undifferentiated/undifferentiated505.jpg,7,undifferentiated,undifferentiated,2
undifferentiated/undifferentiated191.jpg,7,undifferentiated,undifferentiated,3
undifferentiated/undifferentiated104.jpg,7,undifferentiated,undifferentiated,5
undifferentiated/undifferentiated66.jpg,7,undifferentiated,undifferentiated,5
undifferentiated/undifferentiated608.jpg,7,undifferentiated,undifferentiated,5
undifferentiated/undifferentiated322.jpg,7,undifferentiated,undifferentiated,2
undifferentiated/undifferentiated374.jpg,7,undifferentiated,undifferentiated,4
undifferentiated/undifferentiated198.jpg,7,undifferentiated,undifferentiated,5
undifferentiated/undifferentiated533.jpg,7,undifferentiated,undifferentiated,3
undifferentiated/undifferentiated403.jpg,7,undifferentiated,undifferentiated,2
undifferentiated/undifferentiated181.jpg,7,undifferentiated,undifferentiated,2
undifferentiated/undifferentiated378.jpg,7,undifferentiated,undifferentiated,5
undifferentiated/undifferentiated310.jpg,7,undifferentiated,undifferentiated,4
undifferentiated/undifferentiated3.jpg,7,undifferentiated,undifferentiated,3
undifferentiated/undifferentiated145.jpg,7,undifferentiated,undifferentiated,4
undifferentiated/undifferentiated23.jpg,7,undifferentiated,undifferentiated,4
undifferentiated/undifferentiated545.jpg,7,undifferentiated,undifferentiated,5
undifferentiated/undifferentiated314.jpg,7,undifferentiated,undifferentiated,2
undifferentiated/undifferentiated422.jpg,7,undifferentiated,undifferentiated,2
undifferentiated/undifferentiated60.jpg,7,undifferentiated,undifferentiated,4
undifferentiated/undifferentiated346.jpg,7,undifferentiated,undifferentiated,5
undifferentiated/undifferentiated388.jpg,7,undifferentiated,undifferentiated,3
undifferentiated/undifferentiated661.jpg,7,undifferentiated,undifferentiated,3
undifferentiated/undifferentiated296.jpg,7,undifferentiated,undifferentiated,2
battery/battery447.jpg,0,battery,battery,1
battery/battery845.jpg,0,battery,battery,1
battery/battery428.jpg,0,battery,battery,1
battery/battery673.jpg,0,battery,battery,1
battery/battery876.jpg,0,battery,battery,1
battery/battery94.jpg,0,battery,battery,1
battery/battery136.jpg,0,battery,battery,1
battery/battery723.jpg,0,battery,battery,1
battery/battery646.jpg,0,battery,battery,1
battery/battery532.jpg,0,battery,battery,1
battery/battery424.jpg,0,battery,battery,1
battery/battery758.jpg,0,battery,battery,1
battery/battery504.jpg,0,battery,battery,1
battery/battery248.jpg,0,battery,battery,1
battery/battery438.jpg,0,battery,battery,1
battery/battery586.jpg,0,battery,battery,1
battery/battery262.jpg,0,battery,battery,1
battery/battery644.jpg,0,battery,battery,1
battery/battery611.jpg,0,battery,battery,1
battery/battery50.jpg,0,battery,battery,1
battery/battery137.jpg,0,battery,battery,1
battery/battery614.jpg,0,battery,battery,1
battery/battery17.jpg,0,battery,battery,1
battery/battery569.jpg,0,battery,battery,1
battery/battery44.jpg,0,battery,battery,1
battery/battery143.jpg,0,battery,battery,1
battery/battery163.jpg,0,battery,battery,1
battery/battery549.jpg,0,battery,battery,1
battery/battery762.jpg,0,battery,battery,1
battery/battery683.jpg,0,battery,battery,1
battery/battery895.jpg,0,battery,battery,1
battery/battery487.jpg,0,battery,battery,1
battery/battery768.jpg,0,battery,battery,1
battery/battery560.jpg,0,battery,battery,1
battery/battery92.jpg,0,battery,battery,1
battery/battery719.jpg,0,battery,battery,1
battery/battery375.jpg,0,battery,battery,1
battery/battery473.jpg,0,battery,battery,1
battery/battery255.jpg,0,battery,battery,1
battery/battery776.jpg,0,battery,battery,1
battery/battery439.jpg,0,battery,battery,1
battery/battery820.jpg,0,battery,battery,1
battery/battery11.jpg,0,battery,battery,1
battery/battery385.jpg,0,battery,battery,1
battery/battery87.jpg,0,battery,battery,1
battery/battery5.jpg,0,battery,battery,1
battery/battery14.jpg,0,battery,battery,1
battery/battery554.jpg,0,battery,battery,1
battery/battery245.jpg,0,battery,battery,1
battery/battery773.jpg,0,battery,battery,1
battery/battery942.jpg,0,battery,battery,1
battery/battery551.jpg,0,battery,battery,1
battery/battery180.jpg,0,battery,battery,1
battery/battery415.jpg,0,battery,battery,1
battery/battery229.jpg,0,battery,battery,1
battery/battery870.jpg,0,battery,battery,1
battery/battery679.jpg,0,battery,battery,1
battery/battery235.jpg,0,battery,battery,1
battery/battery204.jpg,0,battery,battery,1
battery/battery717.jpg,0,battery,battery,1
battery/battery207.jpg,0,battery,battery,1
battery/battery781.jpg,0,battery,battery,1
battery/battery106.jpg,0,battery,battery,1
battery/battery247.jpg,0,battery,battery,1
battery/battery79.jpg,0,battery,battery,1
battery/battery666.jpg,0,battery,battery,1
battery/battery528.jpg,0,battery,battery,1
battery/battery755.jpg,0,battery,battery,1
battery/battery703.jpg,0,battery,battery,1
battery/battery99.jpg,0,battery,battery,1
battery/battery852.jpg,0,battery,battery,1
battery/battery659.jpg,0,battery,battery,1
battery/battery488.jpg,0,battery,battery,1
battery/battery458.jpg,0,battery,battery,1
battery/battery742.jpg,0,battery,battery,1
battery/battery18.jpg,0,battery,battery,1
battery/battery490.jpg,0,battery,battery,1
battery/battery615.jpg,0,battery,battery,1
battery/battery326.jpg,0,battery,battery,1
battery/battery340.jpg,0,battery,battery,1
battery/battery159.jpg,0,battery,battery,1
battery/battery477.jpg,0,battery,battery,1
battery/battery907.jpg,0,battery,battery,1
battery/battery32.jpg,0,battery,battery,1
battery/battery25.jpg,0,battery,battery,1
battery/battery575.jpg,0,battery,battery,1
battery/battery862.jpg,0,battery,battery,1
battery/battery665.jpg,0,battery,battery,1
battery/battery827.jpg,0,battery,battery,1
battery/battery649.jpg,0,battery,battery,1
battery/battery253.jpg,0,battery,battery,1
battery/battery221.jpg,0,battery,battery,1
battery/battery118.jpg,0,battery,battery,1
battery/battery936.jpg,0,battery,battery,1
battery/battery10.jpg,0,battery,battery,1
battery/battery780.jpg,0,battery,battery,1
battery/battery869.jpg,0,battery,battery,1
battery/battery484.jpg,0,battery,battery,1
battery/battery138.jpg,0,battery,battery,1
battery/battery887.jpg,0,battery,battery,1
battery/battery525.jpg,0,battery,battery,1
battery/battery165.jpg,0,battery,battery,1
battery/battery526.jpg,0,battery,battery,1
battery/battery823.jpg,0,battery,battery,1
battery/battery779.jpg,0,battery,battery,1
battery/battery217.jpg,0,battery,battery,1
battery/battery423.jpg,0,battery,battery,1
battery/battery662.jpg,0,battery,battery,1
battery/battery787.jpg,0,battery,battery,1
battery/battery785.jpg,0,battery,battery,1
battery/battery7.jpg,0,battery,battery,1
battery/battery746.jpg,0,battery,battery,1
battery/battery674.jpg,0,battery,battery,1
battery/battery337.jpg,0,battery,battery,1
battery/battery510.jpg,0,battery,battery,1
battery/battery602.jpg,0,battery,battery,1
battery/battery507.jpg,0,battery,battery,1
battery/battery623.jpg,0,battery,battery,1
battery/battery786.jpg,0,battery,battery,1
battery/battery834.jpg,0,battery,battery,1
battery/battery192.jpg,0,battery,battery,1
battery/battery437.jpg,0,battery,battery,1
battery/battery748.jpg,0,battery,battery,1
battery/battery435.jpg,0,battery,battery,1
battery/battery783.jpg,0,battery,battery,1
battery/battery777.jpg,0,battery,battery,1
battery/battery230.jpg,0,battery,battery,1
battery/battery728.jpg,0,battery,battery,1
battery/battery658.jpg,0,battery,battery,1
battery/battery529.jpg,0,battery,battery,1
battery/battery440.jpg,0,battery,battery,1
battery/battery743.jpg,0,battery,battery,1
battery/battery651.jpg,0,battery,battery,1
battery/battery514.jpg,0,battery,battery,1
battery/battery803.jpg,0,battery,battery,1
battery/battery281.jpg,0,battery,battery,1
battery/battery197.jpg,0,battery,battery,1
battery/battery825.jpg,0,battery,battery,1
battery/battery15.jpg,0,battery,battery,1
battery/battery24.jpg,0,battery,battery,1
battery/battery775.jpg,0,battery,battery,1
battery/battery369.jpg,0,battery,battery,1
battery/battery608.jpg,0,battery,battery,1
battery/battery885.jpg,0,battery,battery,1
battery/battery729.jpg,0,battery,battery,1
battery/battery188.jpg,0,battery,battery,1
battery/battery40.jpg,0,battery,battery,1
battery/battery353.jpg,0,battery,battery,1
battery/battery668.jpg,0,battery,battery,1
battery/battery299.jpg,0,battery,battery,1
battery/battery314.jpg,0,battery,battery,1
battery/battery579.jpg,0,battery,battery,1
battery/battery37.jpg,0,battery,battery,1
battery/battery917.jpg,0,battery,battery,1
battery/battery81.jpg,0,battery,battery,1
battery/battery407.jpg,0,battery,battery,1
battery/battery122.jpg,0,battery,battery,1
battery/battery882.jpg,0,battery,battery,1
battery/battery242.jpg,0,battery,battery,1
battery/battery537.jpg,0,battery,battery,1
battery/battery293.jpg,0,battery,battery,1
battery/battery707.jpg,0,battery,battery,1
battery/battery566.jpg,0,battery,battery,1
battery/battery202.jpg,0,battery,battery,1
battery/battery59.jpg,0,battery,battery,1
battery/battery45.jpg,0,battery,battery,1
battery/battery288.jpg,0,battery,battery,1
battery/battery935.jpg,0,battery,battery,1
battery/battery534.jpg,0,battery,battery,1
battery/battery313.jpg,0,battery,battery,1
battery/battery810.jpg,0,battery,battery,1
battery/battery421.jpg,0,battery,battery,1
battery/battery481.jpg,0,battery,battery,1
battery/battery346.jpg,0,battery,battery,1
battery/battery60.jpg,0,battery,battery,1
battery/battery921.jpg,0,battery,battery,1
battery/battery332.jpg,0,battery,battery,1
battery/battery429.jpg,0,battery,battery,1
battery/battery861.jpg,0,battery,battery,1
battery/battery123.jpg,0,battery,battery,1
battery/battery732.jpg,0,battery,battery,1
battery/battery516.jpg,0,battery,battery,1
battery/battery650.jpg,0,battery,battery,1
battery/battery388.jpg,0,battery,battery,1
battery/battery298.jpg,0,battery,battery,1
battery/battery239.jpg,0,battery,battery,1
battery/battery120.jpg,0,battery,battery,1
battery/battery805.jpg,0,battery,battery,1
battery/battery638.jpg,0,battery,battery,1
clothing/clothes/clothes3473.jpg,1,clothing,clothes,1
clothing/clothes/clothes3348.jpg,1,clothing,clothes,1
clothing/clothes/clothes1180.jpg,1,clothing,clothes,1
clothing/clothes/clothes2711.jpg,1,clothing,clothes,1
clothing/clothes/clothes3989.jpg,1,clothing,clothes,1
clothing/clothes/clothes2310.jpg,1,clothing,clothes,1
clothing/clothes/clothes3887.jpg,1,clothing,clothes,1
clothing/clothes/clothes31.jpg,1,clothing,clothes,1
clothing/clothes/clothes5186.jpg,1,clothing,clothes,1
clothing/clothes/clothes4770.jpg,1,clothing,clothes,1
clothing/clothes/clothes4558.jpg,1,clothing,clothes,1
clothing/clothes/clothes1588.jpg,1,clothing,clothes,1
clothing/clothes/clothes1299.jpg,1,clothing,clothes,1
clothing/clothes/clothes2995.jpg,1,clothing,clothes,1
clothing/clothes/clothes3688.jpg,1,clothing,clothes,1
clothing/clothes/clothes1675.jpg,1,clothing,clothes,1
clothing/clothes/clothes1152.jpg,1,clothing,clothes,1
clothing/clothes/clothes1266.jpg,1,clothing,clothes,1
clothing/clothes/clothes4822.jpg,1,clothing,clothes,1
clothing/clothes/clothes1671.jpg,1,clothing,clothes,1
clothing/clothes/clothes19.jpg,1,clothing,clothes,1
clothing/clothes/clothes3626.jpg,1,clothing,clothes,1
clothing/clothes/clothes1678.jpg,1,clothing,clothes,1
clothing/clothes/clothes4148.jpg,1,clothing,clothes,1
clothing/clothes/clothes4506.jpg,1,clothing,clothes,1
clothing/clothes/clothes885.jpg,1,clothing,clothes,1
clothing/clothes/clothes1888.jpg,1,clothing,clothes,1
clothing/clothes/clothes5071.jpg,1,clothing,clothes,1
clothing/clothes/clothes678.jpg,1,clothing,clothes,1
clothing/clothes/clothes1037.jpg,1,clothing,clothes,1
clothing/clothes/clothes460.jpg,1,clothing,clothes,1
clothing/clothes/clothes2659.jpg,1,clothing,clothes,1
clothing/clothes/clothes2652.jpg,1,clothing,clothes,1
clothing/clothes/clothes3239.jpg,1,clothing,clothes,1
clothing/clothes/clothes2152.jpg,1,clothing,clothes,1
clothing/clothes/clothes3920.jpg,1,clothing,clothes,1
clothing/clothes/clothes2904.jpg,1,clothing,clothes,1
clothing/clothes/clothes4563.jpg,1,clothing,clothes,1
clothing/clothes/clothes1539.jpg,1,clothing,clothes,1
clothing/clothes/clothes1715.jpg,1,clothing,clothes,1
clothing/clothes/clothes55.jpg,1,clothing,clothes,1
clothing/clothes/clothes1974.jpg,1,clothing,clothes,1
clothing/clothes/clothes5042.jpg,1,clothing,clothes,1
clothing/clothes/clothes214.jpg,1,clothing,clothes,1
clothing/clothes/clothes4141.jpg,1,clothing,clothes,1
clothing/clothes/clothes3684.jpg,1,clothing,clothes,1
clothing/clothes/clothes1430.jpg,1,clothing,clothes,1
clothing/clothes/clothes1256.jpg,1,clothing,clothes,1
clothing/clothes/clothes677.jpg,1,clothing,clothes,1
clothing/clothes/clothes4248.jpg,1,clothing,clothes,1
clothing/clothes/clothes944.jpg,1,clothing,clothes,1
clothing/clothes/clothes3050.jpg,1,clothing,clothes,1
clothing/clothes/clothes4923.jpg,1,clothing,clothes,1
clothing/clothes/clothes3288.jpg,1,clothing,clothes,1
clothing/clothes/clothes2951.jpg,1,clothing,clothes,1
clothing/clothes/clothes3067.jpg,1,clothing,clothes,1
clothing/clothes/clothes2573.jpg,1,clothing,clothes,1
clothing/clothes/clothes1384.jpg,1,clothing,clothes,1
clothing/clothes/clothes3994.jpg,1,clothing,clothes,1
clothing/clothes/clothes3795.jpg,1,clothing,clothes,1
clothing/clothes/clothes2378.jpg,1,clothing,clothes,1
clothing/clothes/clothes802.jpg,1,clothing,clothes,1
clothing/clothes/clothes1312.jpg,1,clothing,clothes,1
clothing/clothes/clothes3357.jpg,1,clothing,clothes,1
clothing/clothes/clothes4675.jpg,1,clothing,clothes,1
clothing/clothes/clothes5160.jpg,1,clothing,clothes,1
clothing/clothes/clothes617.jpg,1,clothing,clothes,1
clothing/clothes/clothes1113.jpg,1,clothing,clothes,1
clothing/clothes/clothes1223.jpg,1,clothing,clothes,1
clothing/clothes/clothes4692.jpg,1,clothing,clothes,1
clothing/clothes/clothes3236.jpg,1,clothing,clothes,1
clothing/clothes/clothes3722.jpg,1,clothing,clothes,1
clothing/clothes/clothes3806.jpg,1,clothing,clothes,1
clothing/clothes/clothes351.jpg,1,clothing,clothes,1
clothing/clothes/clothes2749.jpg,1,clothing,clothes,1
clothing/clothes/clothes5284.jpg,1,clothing,clothes,1
clothing/clothes/clothes1388.jpg,1,clothing,clothes,1
clothing/clothes/clothes2851.jpg,1,clothing,clothes,1
clothing/clothes/clothes3026.jpg,1,clothing,clothes,1
clothing/clothes/clothes30.jpg,1,clothing,clothes,1
clothing/clothes/clothes5019.jpg,1,clothing,clothes,1
clothing/clothes/clothes2818.jpg,1,clothing,clothes,1
clothing/clothes/clothes3165.jpg,1,clothing,clothes,1
clothing/clothes/clothes3901.jpg,1,clothing,clothes,1
clothing/clothes/clothes4001.jpg,1,clothing,clothes,1
clothing/clothes/clothes2868.jpg,1,clothing,clothes,1
clothing/clothes/clothes4935.jpg,1,clothing,clothes,1
clothing/clothes/clothes1018.jpg,1,clothing,clothes,1
clothing/clothes/clothes2177.jpg,1,clothing,clothes,1
clothing/clothes/clothes3342.jpg,1,clothing,clothes,1
clothing/clothes/clothes218.jpg,1,clothing,clothes,1
clothing/clothes/clothes5133.jpg,1,clothing,clothes,1
clothing/clothes/clothes2801.jpg,1,clothing,clothes,1
clothing/clothes/clothes4973.jpg,1,clothing,clothes,1
clothing/clothes/clothes3484.jpg,1,clothing,clothes,1
clothing/clothes/clothes2424.jpg,1,clothing,clothes,1
clothing/clothes/clothes2834.jpg,1,clothing,clothes,1
clothing/clothes/clothes3661.jpg,1,clothing,clothes,1
clothing/clothes/clothes2393.jpg,1,clothing,clothes,1
clothing/clothes/clothes951.jpg,1,clothing,clothes,1
clothing/clothes/clothes1733.jpg,1,clothing,clothes,1
clothing/clothes/clothes583.jpg,1,clothing,clothes,1
clothing/clothes/clothes1251.jpg,1,clothing,clothes,1
clothing/clothes/clothes4604.jpg,1,clothing,clothes,1
clothing/clothes/clothes2025.jpg,1,clothing,clothes,1
clothing/clothes/clothes1670.jpg,1,clothing,clothes,1
clothing/clothes/clothes5249.jpg,1,clothing,clothes,1
clothing/clothes/clothes3915.jpg,1,clothing,clothes,1
clothing/clothes/clothes4637.jpg,1,clothing,clothes,1
clothing/clothes/clothes4574.jpg,1,clothing,clothes,1
clothing/clothes/clothes420.jpg,1,clothing,clothes,1
clothing/clothes/clothes1097.jpg,1,clothing,clothes,1
clothing/clothes/clothes5288.jpg,1,clothing,clothes,1
clothing/clothes/clothes3852.jpg,1,clothing,clothes,1
clothing/clothes/clothes3386.jpg,1,clothing,clothes,1
clothing/clothes/clothes5106.jpg,1,clothing,clothes,1
clothing/clothes/clothes3777.jpg,1,clothing,clothes,1
clothing/clothes/clothes1955.jpg,1,clothing,clothes,1
clothing/clothes/clothes2625.jpg,1,clothing,clothes,1
clothing/clothes/clothes297.jpg,1,clothing,clothes,1
clothing/clothes/clothes5148.jpg,1,clothing,clothes,1
clothing/clothes/clothes4620.jpg,1,clothing,clothes,1
clothing/clothes/clothes2962.jpg,1,clothing,clothes,1
clothing/clothes/clothes2660.jpg,1,clothing,clothes,1
clothing/clothes/clothes4859.jpg,1,clothing,clothes,1
clothing/clothes/clothes669.jpg,1,clothing,clothes,1
clothing/clothes/clothes3186.jpg,1,clothing,clothes,1
clothing/clothes/clothes439.jpg,1,clothing,clothes,1
clothing/clothes/clothes3119.jpg,1,clothing,clothes,1
clothing/clothes/clothes4204.jpg,1,clothing,clothes,1
clothing/clothes/clothes5188.jpg,1,clothing,clothes,1
clothing/clothes/clothes4941.jpg,1,clothing,clothes,1
clothing/clothes/clothes1409.jpg,1,clothing,clothes,1
clothing/clothes/clothes1419.jpg,1,clothing,clothes,1
clothing/clothes/clothes1788.jpg,1,clothing,clothes,1
clothing/clothes/clothes1189.jpg,1,clothing,clothes,1
clothing/clothes/clothes3242.jpg,1,clothing,clothes,1
clothing/clothes/clothes881.jpg,1,clothing,clothes,1
clothing/clothes/clothes3206.jpg,1,clothing,clothes,1
clothing/clothes/clothes2071.jpg,1,clothing,clothes,1
clothing/clothes/clothes3543.jpg,1,clothing,clothes,1
clothing/clothes/clothes5007.jpg,1,clothing,clothes,1
clothing/clothes/clothes5035.jpg,1,clothing,clothes,1
clothing/clothes/clothes4382.jpg,1,clothing,clothes,1
clothing/clothes/clothes3758.jpg,1,clothing,clothes,1
clothing/clothes/clothes829.jpg,1,clothing,clothes,1
clothing/clothes/clothes2401.jpg,1,clothing,clothes,1
clothing/clothes/clothes3427.jpg,1,clothing,clothes,1
clothing/clothes/clothes795.jpg,1,clothing,clothes,1
clothing/clothes/clothes3983.jpg,1,clothing,clothes,1
clothing/clothes/clothes3438.jpg,1,clothing,clothes,1
clothing/clothes/clothes2784.jpg,1,clothing,clothes,1
clothing/clothes/clothes2186.jpg,1,clothing,clothes,1
clothing/clothes/clothes4182.jpg,1,clothing,clothes,1
clothing/clothes/clothes1434.jpg,1,clothing,clothes,1
clothing/clothes/clothes3291.jpg,1,clothing,clothes,1
clothing/clothes/clothes3724.jpg,1,clothing,clothes,1
clothing/clothes/clothes1844.jpg,1,clothing,clothes,1
clothing/clothes/clothes3451.jpg,1,clothing,clothes,1
clothing/clothes/clothes697.jpg,1,clothing,clothes,1
clothing/clothes/clothes2891.jpg,1,clothing,clothes,1
clothing/clothes/clothes5263.jpg,1,clothing,clothes,1
clothing/clothes/clothes1006.jpg,1,clothing,clothes,1
clothing/clothes/clothes2690.jpg,1,clothing,clothes,1
clothing/clothes/clothes602.jpg,1,clothing,clothes,1
clothing/clothes/clothes4313.jpg,1,clothing,clothes,1
clothing/clothes/clothes225.jpg,1,clothing,clothes,1
clothing/clothes/clothes3268.jpg,1,clothing,clothes,1
clothing/clothes/clothes4487.jpg,1,clothing,clothes,1
clothing/clothes/clothes4258.jpg,1,clothing,clothes,1
clothing/clothes/clothes4668.jpg,1,clothing,clothes,1
clothing/clothes/clothes409.jpg,1,clothing,clothes,1
clothing/clothes/clothes2150.jpg,1,clothing,clothes,1
clothing/clothes/clothes1371.jpg,1,clothing,clothes,1
clothing/clothes/clothes2456.jpg,1,clothing,clothes,1
clothing/clothes/clothes1226.jpg,1,clothing,clothes,1
clothing/clothes/clothes3865.jpg,1,clothing,clothes,1
clothing/clothes/clothes4571.jpg,1,clothing,clothes,1
clothing/clothes/clothes612.jpg,1,clothing,clothes,1
clothing/clothes/clothes2418.jpg,1,clothing,clothes,1
clothing/clothes/clothes2296.jpg,1,clothing,clothes,1
clothing/clothes/clothes659.jpg,1,clothing,clothes,1
clothing/clothes/clothes5055.jpg,1,clothing,clothes,1
clothing/clothes/clothes1549.jpg,1,clothing,clothes,1
clothing/clothes/clothes2720.jpg,1,clothing,clothes,1
clothing/clothes/clothes3104.jpg,1,clothing,clothes,1
clothing/clothes/clothes2740.jpg,1,clothing,clothes,1
clothing/clothes/clothes2804.jpg,1,clothing,clothes,1
clothing/clothes/clothes4416.jpg,1,clothing,clothes,1
clothing/clothes/clothes4703.jpg,1,clothing,clothes,1
clothing/clothes/clothes806.jpg,1,clothing,clothes,1
clothing/clothes/clothes373.jpg,1,clothing,clothes,1
clothing/clothes/clothes2278.jpg,1,clothing,clothes,1
clothing/clothes/clothes2971.jpg,1,clothing,clothes,1
clothing/clothes/clothes3074.jpg,1,clothing,clothes,1
clothing/clothes/clothes3569.jpg,1,clothing,clothes,1
clothing/clothes/clothes2481.jpg,1,clothing,clothes,1
clothing/clothes/clothes1323.jpg,1,clothing,clothes,1
clothing/clothes/clothes34.jpg,1,clothing,clothes,1
clothing/clothes/clothes1611.jpg,1,clothing,clothes,1
clothing/clothes/clothes5312.jpg,1,clothing,clothes,1
clothing/clothes/clothes1273.jpg,1,clothing,clothes,1
clothing/clothes/clothes1347.jpg,1,clothing,clothes,1
clothing/clothes/clothes3319.jpg,1,clothing,clothes,1
clothing/clothes/clothes5260.jpg,1,clothing,clothes,1
clothing/clothes/clothes4572.jpg,1,clothing,clothes,1
clothing/clothes/clothes4277.jpg,1,clothing,clothes,1
clothing/clothes/clothes138.jpg,1,clothing,clothes,1
clothing/clothes/clothes1672.jpg,1,clothing,clothes,1
clothing/clothes/clothes1872.jpg,1,clothing,clothes,1
clothing/clothes/clothes4952.jpg,1,clothing,clothes,1
clothing/clothes/clothes2604.jpg,1,clothing,clothes,1
clothing/clothes/clothes3075.jpg,1,clothing,clothes,1
clothing/clothes/clothes1155.jpg,1,clothing,clothes,1
clothing/clothes/clothes2430.jpg,1,clothing,clothes,1
clothing/clothes/clothes4306.jpg,1,clothing,clothes,1
clothing/clothes/clothes775.jpg,1,clothing,clothes,1
clothing/clothes/clothes1017.jpg,1,clothing,clothes,1
clothing/clothes/clothes101.jpg,1,clothing,clothes,1
clothing/clothes/clothes1830.jpg,1,clothing,clothes,1
clothing/clothes/clothes2944.jpg,1,clothing,clothes,1
clothing/clothes/clothes1822.jpg,1,clothing,clothes,1
clothing/clothes/clothes3836.jpg,1,clothing,clothes,1
clothing/clothes/clothes4194.jpg,1,clothing,clothes,1
clothing/clothes/clothes5082.jpg,1,clothing,clothes,1
clothing/clothes/clothes893.jpg,1,clothing,clothes,1
clothing/clothes/clothes2268.jpg,1,clothing,clothes,1
clothing/clothes/clothes4651.jpg,1,clothing,clothes,1
clothing/clothes/clothes2008.jpg,1,clothing,clothes,1
clothing/clothes/clothes3410.jpg,1,clothing,clothes,1
clothing/clothes/clothes2113.jpg,1,clothing,clothes,1
clothing/clothes/clothes424.jpg,1,clothing,clothes,1
clothing/clothes/clothes4252.jpg,1,clothing,clothes,1
clothing/clothes/clothes3858.jpg,1,clothing,clothes,1
clothing/clothes/clothes3560.jpg,1,clothing,clothes,1
clothing/clothes/clothes3786.jpg,1,clothing,clothes,1
clothing/clothes/clothes9.jpg,1,clothing,clothes,1
clothing/clothes/clothes4497.jpg,1,clothing,clothes,1
clothing/clothes/clothes3957.jpg,1,clothing,clothes,1
clothing/clothes/clothes4235.jpg,1,clothing,clothes,1
clothing/clothes/clothes2305.jpg,1,clothing,clothes,1
clothing/clothes/clothes4816.jpg,1,clothing,clothes,1
clothing/clothes/clothes2940.jpg,1,clothing,clothes,1
clothing/clothes/clothes2572.jpg,1,clothing,clothes,1
clothing/clothes/clothes4805.jpg,1,clothing,clothes,1
clothing/clothes/clothes3820.jpg,1,clothing,clothes,1
clothing/clothes/clothes3249.jpg,1,clothing,clothes,1
clothing/clothes/clothes1628.jpg,1,clothing,clothes,1
clothing/clothes/clothes2443.jpg,1,clothing,clothes,1
clothing/clothes/clothes1005.jpg,1,clothing,clothes,1
clothing/clothes/clothes41.jpg,1,clothing,clothes,1
clothing/clothes/clothes4837.jpg,1,clothing,clothes,1
clothing/clothes/clothes1395.jpg,1,clothing,clothes,1
clothing/clothes/clothes515.jpg,1,clothing,clothes,1
clothing/clothes/clothes1444.jpg,1,clothing,clothes,1
clothing/clothes/clothes3100.jpg,1,clothing,clothes,1
clothing/clothes/clothes1198.jpg,1,clothing,clothes,1
clothing/clothes/clothes4408.jpg,1,clothing,clothes,1
clothing/clothes/clothes4255.jpg,1,clothing,clothes,1
clothing/clothes/clothes1296.jpg,1,clothing,clothes,1
clothing/clothes/clothes3937.jpg,1,clothing,clothes,1
clothing/clothes/clothes3757.jpg,1,clothing,clothes,1
clothing/clothes/clothes1669.jpg,1,clothing,clothes,1
clothing/clothes/clothes1724.jpg,1,clothing,clothes,1
clothing/clothes/clothes1177.jpg,1,clothing,clothes,1
clothing/clothes/clothes819.jpg,1,clothing,clothes,1
clothing/clothes/clothes4156.jpg,1,clothing,clothes,1
clothing/clothes/clothes4632.jpg,1,clothing,clothes,1
clothing/clothes/clothes4648.jpg,1,clothing,clothes,1
clothing/clothes/clothes1380.jpg,1,clothing,clothes,1
clothing/clothes/clothes2450.jpg,1,clothing,clothes,1
clothing/clothes/clothes5309.jpg,1,clothing,clothes,1
clothing/clothes/clothes813.jpg,1,clothing,clothes,1
clothing/clothes/clothes5235.jpg,1,clothing,clothes,1
clothing/clothes/clothes3462.jpg,1,clothing,clothes,1
clothing/clothes/clothes781.jpg,1,clothing,clothes,1
clothing/clothes/clothes1682.jpg,1,clothing,clothes,1
clothing/clothes/clothes264.jpg,1,clothing,clothes,1
clothing/clothes/clothes3129.jpg,1,clothing,clothes,1
clothing/clothes/clothes3862.jpg,1,clothing,clothes,1
clothing/clothes/clothes1087.jpg,1,clothing,clothes,1
clothing/clothes/clothes1342.jpg,1,clothing,clothes,1
clothing/clothes/clothes3871.jpg,1,clothing,clothes,1
clothing/clothes/clothes2276.jpg,1,clothing,clothes,1
clothing/clothes/clothes1162.jpg,1,clothing,clothes,1
clothing/clothes/clothes145.jpg,1,clothing,clothes,1
clothing/clothes/clothes1144.jpg,1,clothing,clothes,1
clothing/clothes/clothes3110.jpg,1,clothing,clothes,1
clothing/clothes/clothes4499.jpg,1,clothing,clothes,1
clothing/clothes/clothes1769.jpg,1,clothing,clothes,1
clothing/clothes/clothes1146.jpg,1,clothing,clothes,1
clothing/clothes/clothes436.jpg,1,clothing,clothes,1
clothing/clothes/clothes4496.jpg,1,clothing,clothes,1
clothing/clothes/clothes4131.jpg,1,clothing,clothes,1
clothing/clothes/clothes2668.jpg,1,clothing,clothes,1
clothing/clothes/clothes3516.jpg,1,clothing,clothes,1
clothing/clothes/clothes3465.jpg,1,clothing,clothes,1
clothing/clothes/clothes1047.jpg,1,clothing,clothes,1
clothing/clothes/clothes2357.jpg,1,clothing,clothes,1
clothing/clothes/clothes468.jpg,1,clothing,clothes,1
clothing/clothes/clothes933.jpg,1,clothing,clothes,1
clothing/clothes/clothes2649.jpg,1,clothing,clothes,1
clothing/clothes/clothes1098.jpg,1,clothing,clothes,1
clothing/clothes/clothes1513.jpg,1,clothing,clothes,1
clothing/clothes/clothes5027.jpg,1,clothing,clothes,1
clothing/clothes/clothes2431.jpg,1,clothing,clothes,1
clothing/clothes/clothes850.jpg,1,clothing,clothes,1
clothing/clothes/clothes4891.jpg,1,clothing,clothes,1
clothing/clothes/clothes3879.jpg,1,clothing,clothes,1
clothing/clothes/clothes4769.jpg,1,clothing,clothes,1
clothing/clothes/clothes986.jpg,1,clothing,clothes,1
clothing/clothes/clothes3240.jpg,1,clothing,clothes,1
clothing/clothes/clothes4232.jpg,1,clothing,clothes,1
clothing/clothes/clothes708.jpg,1,clothing,clothes,1
clothing/clothes/clothes2638.jpg,1,clothing,clothes,1
clothing/clothes/clothes4353.jpg,1,clothing,clothes,1
clothing/clothes/clothes2508.jpg,1,clothing,clothes,1
clothing/clothes/clothes4126.jpg,1,clothing,clothes,1
clothing/clothes/clothes2156.jpg,1,clothing,clothes,1
clothing/clothes/clothes4694.jpg,1,clothing,clothes,1
clothing/clothes/clothes1418.jpg,1,clothing,clothes,1
clothing/clothes/clothes5061.jpg,1,clothing,clothes,1
clothing/clothes/clothes479.jpg,1,clothing,clothes,1
clothing/clothes/clothes3533.jpg,1,clothing,clothes,1
clothing/clothes/clothes550.jpg,1,clothing,clothes,1
clothing/clothes/clothes3085.jpg,1,clothing,clothes,1
clothing/clothes/clothes4778.jpg,1,clothing,clothes,1
clothing/clothes/clothes1107.jpg,1,clothing,clothes,1
clothing/clothes/clothes1241.jpg,1,clothing,clothes,1
clothing/clothes/clothes1794.jpg,1,clothing,clothes,1
clothing/clothes/clothes2386.jpg,1,clothing,clothes,1
clothing/clothes/clothes433.jpg,1,clothing,clothes,1
clothing/clothes/clothes3898.jpg,1,clothing,clothes,1
clothing/clothes/clothes1490.jpg,1,clothing,clothes,1
clothing/clothes/clothes3252.jpg,1,clothing,clothes,1
clothing/clothes/clothes4311.jpg,1,clothing,clothes,1
clothing/clothes/clothes1383.jpg,1,clothing,clothes,1
clothing/clothes/clothes2919.jpg,1,clothing,clothes,1
clothing/clothes/clothes295.jpg,1,clothing,clothes,1
clothing/clothes/clothes1750.jpg,1,clothing,clothes,1
clothing/clothes/clothes504.jpg,1,clothing,clothes,1
clothing/clothes/clothes5301.jpg,1,clothing,clothes,1
clothing/clothes/clothes1212.jpg,1,clothing,clothes,1
clothing/clothes/clothes3048.jpg,1,clothing,clothes,1
clothing/clothes/clothes4629.jpg,1,clothing,clothes,1
clothing/clothes/clothes3823.jpg,1,clothing,clothes,1
clothing/clothes/clothes4201.jpg,1,clothing,clothes,1
clothing/clothes/clothes3431.jpg,1,clothing,clothes,1
clothing/clothes/clothes3398.jpg,1,clothing,clothes,1
clothing/clothes/clothes3148.jpg,1,clothing,clothes,1
clothing/clothes/clothes4706.jpg,1,clothing,clothes,1
clothing/clothes/clothes3472.jpg,1,clothing,clothes,1
clothing/clothes/clothes5140.jpg,1,clothing,clothes,1
clothing/clothes/clothes3131.jpg,1,clothing,clothes,1
clothing/clothes/clothes4607.jpg,1,clothing,clothes,1
clothing/clothes/clothes3037.jpg,1,clothing,clothes,1
clothing/clothes/clothes2144.jpg,1,clothing,clothes,1
clothing/clothes/clothes3036.jpg,1,clothing,clothes,1
clothing/clothes/clothes5166.jpg,1,clothing,clothes,1
clothing/clothes/clothes4892.jpg,1,clothing,clothes,1
clothing/clothes/clothes4014.jpg,1,clothing,clothes,1
clothing/clothes/clothes4929.jpg,1,clothing,clothes,1
clothing/clothes/clothes4332.jpg,1,clothing,clothes,1
clothing/clothes/clothes2738.jpg,1,clothing,clothes,1
clothing/clothes/clothes4871.jpg,1,clothing,clothes,1
clothing/clothes/clothes2830.jpg,1,clothing,clothes,1
clothing/clothes/clothes4660.jpg,1,clothing,clothes,1
clothing/clothes/clothes3525.jpg,1,clothing,clothes,1
clothing/clothes/clothes1910.jpg,1,clothing,clothes,1
clothing/clothes/clothes222.jpg,1,clothing,clothes,1
clothing/clothes/clothes2193.jpg,1,clothing,clothes,1
clothing/clothes/clothes3819.jpg,1,clothing,clothes,1
clothing/clothes/clothes877.jpg,1,clothing,clothes,1
clothing/clothes/clothes1118.jpg,1,clothing,clothes,1
clothing/clothes/clothes4787.jpg,1,clothing,clothes,1
clothing/clothes/clothes1849.jpg,1,clothing,clothes,1
clothing/clothes/clothes133.jpg,1,clothing,clothes,1
clothing/clothes/clothes119.jpg,1,clothing,clothes,1
clothing/clothes/clothes1573.jpg,1,clothing,clothes,1
clothing/clothes/clothes257.jpg,1,clothing,clothes,1
clothing/clothes/clothes2576.jpg,1,clothing,clothes,1
clothing/clothes/clothes476.jpg,1,clothing,clothes,1
clothing/clothes/clothes2561.jpg,1,clothing,clothes,1
clothing/clothes/clothes2810.jpg,1,clothing,clothes,1
clothing/clothes/clothes2735.jpg,1,clothing,clothes,1
clothing/clothes/clothes2390.jpg,1,clothing,clothes,1
clothing/clothes/clothes2451.jpg,1,clothing,clothes,1
clothing/clothes/clothes1428.jpg,1,clothing,clothes,1
clothing/clothes/clothes43.jpg,1,clothing,clothes,1
clothing/clothes/clothes1895.jpg,1,clothing,clothes,1
clothing/clothes/clothes4920.jpg,1,clothing,clothes,1
clothing/clothes/clothes127.jpg,1,clothing,clothes,1
clothing/clothes/clothes888.jpg,1,clothing,clothes,1
clothing/clothes/clothes2883.jpg,1,clothing,clothes,1
clothing/clothes/clothes2614.jpg,1,clothing,clothes,1
clothing/clothes/clothes1550.jpg,1,clothing,clothes,1
clothing/clothes/clothes4108.jpg,1,clothing,clothes,1
clothing/clothes/clothes1236.jpg,1,clothing,clothes,1
clothing/clothes/clothes4873.jpg,1,clothing,clothes,1
clothing/clothes/clothes812.jpg,1,clothing,clothes,1
clothing/clothes/clothes83.jpg,1,clothing,clothes,1
clothing/clothes/clothes1150.jpg,1,clothing,clothes,1
clothing/clothes/clothes5001.jpg,1,clothing,clothes,1
clothing/clothes/clothes154.jpg,1,clothing,clothes,1
clothing/clothes/clothes1143.jpg,1,clothing,clothes,1
clothing/clothes/clothes2662.jpg,1,clothing,clothes,1
clothing/clothes/clothes1183.jpg,1,clothing,clothes,1
clothing/clothes/clothes1862.jpg,1,clothing,clothes,1
clothing/clothes/clothes2444.jpg,1,clothing,clothes,1
clothing/clothes/clothes4509.jpg,1,clothing,clothes,1
clothing/clothes/clothes1438.jpg,1,clothing,clothes,1
clothing/clothes/clothes1258.jpg,1,clothing,clothes,1
clothing/clothes/clothes816.jpg,1,clothing,clothes,1
clothing/clothes/clothes3695.jpg,1,clothing,clothes,1
clothing/clothes/clothes1924.jpg,1,clothing,clothes,1
clothing/clothes/clothes725.jpg,1,clothing,clothes,1
clothing/clothes/clothes4448.jpg,1,clothing,clothes,1
clothing/clothes/clothes1106.jpg,1,clothing,clothes,1
clothing/clothes/clothes640.jpg,1,clothing,clothes,1
clothing/clothes/clothes1726.jpg,1,clothing,clothes,1
clothing/clothes/clothes1780.jpg,1,clothing,clothes,1
clothing/clothes/clothes2653.jpg,1,clothing,clothes,1
clothing/clothes/clothes500.jpg,1,clothing,clothes,1
clothing/clothes/clothes3563.jpg,1,clothing,clothes,1
clothing/clothes/clothes2821.jpg,1,clothing,clothes,1
clothing/clothes/clothes3581.jpg,1,clothing,clothes,1
clothing/clothes/clothes3911.jpg,1,clothing,clothes,1
clothing/clothes/clothes1735.jpg,1,clothing,clothes,1
clothing/clothes/clothes2120.jpg,1,clothing,clothes,1
clothing/clothes/clothes1607.jpg,1,clothing,clothes,1
clothing/clothes/clothes2187.jpg,1,clothing,clothes,1
clothing/clothes/clothes3238.jpg,1,clothing,clothes,1
clothing/clothes/clothes370.jpg,1,clothing,clothes,1
clothing/clothes/clothes623.jpg,1,clothing,clothes,1
clothing/clothes/clothes581.jpg,1,clothing,clothes,1
clothing/clothes/clothes5023.jpg,1,clothing,clothes,1
clothing/clothes/clothes3340.jpg,1,clothing,clothes,1
clothing/clothes/clothes2361.jpg,1,clothing,clothes,1
clothing/clothes/clothes5216.jpg,1,clothing,clothes,1
clothing/clothes/clothes3198.jpg,1,clothing,clothes,1
clothing/clothes/clothes878.jpg,1,clothing,clothes,1
clothing/clothes/clothes4000.jpg,1,clothing,clothes,1
clothing/clothes/clothes2315.jpg,1,clothing,clothes,1
clothing/clothes/clothes3014.jpg,1,clothing,clothes,1
clothing/clothes/clothes5044.jpg,1,clothing,clothes,1
clothing/clothes/clothes4331.jpg,1,clothing,clothes,1
clothing/clothes/clothes3900.jpg,1,clothing,clothes,1
clothing/clothes/clothes1812.jpg,1,clothing,clothes,1
clothing/clothes/clothes228.jpg,1,clothing,clothes,1
clothing/clothes/clothes1971.jpg,1,clothing,clothes,1
clothing/clothes/clothes558.jpg,1,clothing,clothes,1
clothing/clothes/clothes4823.jpg,1,clothing,clothes,1
clothing/clothes/clothes4215.jpg,1,clothing,clothes,1
clothing/clothes/clothes3468.jpg,1,clothing,clothes,1
clothing/clothes/clothes3586.jpg,1,clothing,clothes,1
clothing/clothes/clothes3281.jpg,1,clothing,clothes,1
clothing/clothes/clothes400.jpg,1,clothing,clothes,1
clothing/clothes/clothes3565.jpg,1,clothing,clothes,1
clothing/clothes/clothes4764.jpg,1,clothing,clothes,1
clothing/clothes/clothes896.jpg,1,clothing,clothes,1
clothing/clothes/clothes3387.jpg,1,clothing,clothes,1
clothing/clothes/clothes1668.jpg,1,clothing,clothes,1
clothing/clothes/clothes4476.jpg,1,clothing,clothes,1
clothing/clothes/clothes375.jpg,1,clothing,clothes,1
clothing/clothes/clothes1425.jpg,1,clothing,clothes,1
clothing/clothes/clothes4514.jpg,1,clothing,clothes,1
clothing/clothes/clothes1962.jpg,1,clothing,clothes,1
clothing/clothes/clothes4536.jpg,1,clothing,clothes,1
clothing/clothes/clothes2798.jpg,1,clothing,clothes,1
clothing/clothes/clothes4723.jpg,1,clothing,clothes,1
clothing/clothes/clothes229.jpg,1,clothing,clothes,1
clothing/clothes/clothes686.jpg,1,clothing,clothes,1
clothing/clothes/clothes1697.jpg,1,clothing,clothes,1
clothing/clothes/clothes3459.jpg,1,clothing,clothes,1
clothing/clothes/clothes3496.jpg,1,clothing,clothes,1
clothing/clothes/clothes2949.jpg,1,clothing,clothes,1
clothing/clothes/clothes4851.jpg,1,clothing,clothes,1
clothing/clothes/clothes2261.jpg,1,clothing,clothes,1
clothing/clothes/clothes4111.jpg,1,clothing,clothes,1
clothing/clothes/clothes1711.jpg,1,clothing,clothes,1
clothing/clothes/clothes1424.jpg,1,clothing,clothes,1
clothing/clothes/clothes3470.jpg,1,clothing,clothes,1
clothing/clothes/clothes129.jpg,1,clothing,clothes,1
clothing/clothes/clothes985.jpg,1,clothing,clothes,1
clothing/clothes/clothes2130.jpg,1,clothing,clothes,1
clothing/clothes/clothes2802.jpg,1,clothing,clothes,1
clothing/clothes/clothes4035.jpg,1,clothing,clothes,1
clothing/clothes/clothes5031.jpg,1,clothing,clothes,1
clothing/clothes/clothes3570.jpg,1,clothing,clothes,1
clothing/clothes/clothes408.jpg,1,clothing,clothes,1
clothing/clothes/clothes2642.jpg,1,clothing,clothes,1
clothing/clothes/clothes3782.jpg,1,clothing,clothes,1
clothing/clothes/clothes438.jpg,1,clothing,clothes,1
clothing/clothes/clothes2392.jpg,1,clothing,clothes,1
clothing/clothes/clothes5100.jpg,1,clothing,clothes,1
clothing/clothes/clothes1729.jpg,1,clothing,clothes,1
clothing/clothes/clothes4894.jpg,1,clothing,clothes,1
clothing/clothes/clothes758.jpg,1,clothing,clothes,1
clothing/clothes/clothes5078.jpg,1,clothing,clothes,1
clothing/clothes/clothes1004.jpg,1,clothing,clothes,1
clothing/clothes/clothes1400.jpg,1,clothing,clothes,1
clothing/clothes/clothes2985.jpg,1,clothing,clothes,1
clothing/clothes/clothes5167.jpg,1,clothing,clothes,1
clothing/clothes/clothes251.jpg,1,clothing,clothes,1
clothing/clothes/clothes5110.jpg,1,clothing,clothes,1
clothing/clothes/clothes5096.jpg,1,clothing,clothes,1
clothing/clothes/clothes2893.jpg,1,clothing,clothes,1
clothing/clothes/clothes689.jpg,1,clothing,clothes,1
clothing/clothes/clothes4072.jpg,1,clothing,clothes,1
clothing/clothes/clothes2875.jpg,1,clothing,clothes,1
clothing/clothes/clothes874.jpg,1,clothing,clothes,1
clothing/clothes/clothes2841.jpg,1,clothing,clothes,1
clothing/clothes/clothes4813.jpg,1,clothing,clothes,1
clothing/clothes/clothes3872.jpg,1,clothing,clothes,1
clothing/clothes/clothes1938.jpg,1,clothing,clothes,1
clothing/clothes/clothes2514.jpg,1,clothing,clothes,1
clothing/clothes/clothes2507.jpg,1,clothing,clothes,1
clothing/clothes/clothes12.jpg,1,clothing,clothes,1
clothing/clothes/clothes5306.jpg,1,clothing,clothes,1
clothing/clothes/clothes794.jpg,1,clothing,clothes,1
clothing/clothes/clothes1290.jpg,1,clothing,clothes,1
clothing/clothes/clothes2021.jpg,1,clothing,clothes,1
clothing/clothes/clothes1764.jpg,1,clothing,clothes,1
clothing/clothes/clothes2496.jpg,1,clothing,clothes,1
clothing/clothes/clothes4833.jpg,1,clothing,clothes,1
clothing/clothes/clothes5230.jpg,1,clothing,clothes,1
clothing/clothes/clothes1031.jpg,1,clothing,clothes,1
clothing/clothes/clothes2509.jpg,1,clothing,clothes,1
clothing/clothes/clothes2661.jpg,1,clothing,clothes,1
clothing/clothes/clothes1926.jpg,1,clothing,clothes,1
clothing/clothes/clothes2474.jpg,1,clothing,clothes,1
clothing/clothes/clothes2313.jpg,1,clothing,clothes,1
clothing/clothes/clothes3016.jpg,1,clothing,clothes,1
clothing/clothes/clothes2543.jpg,1,clothing,clothes,1
clothing/clothes/clothes5293.jpg,1,clothing,clothes,1
clothing/clothes/clothes4866.jpg,1,clothing,clothes,1
clothing/clothes/clothes3192.jpg,1,clothing,clothes,1
clothing/clothes/clothes407.jpg,1,clothing,clothes,1
clothing/clothes/clothes947.jpg,1,clothing,clothes,1
clothing/clothes/clothes1805.jpg,1,clothing,clothes,1
clothing/clothes/clothes773.jpg,1,clothing,clothes,1
clothing/clothes/clothes606.jpg,1,clothing,clothes,1
clothing/clothes/clothes3807.jpg,1,clothing,clothes,1
clothing/clothes/clothes2224.jpg,1,clothing,clothes,1
clothing/clothes/clothes821.jpg,1,clothing,clothes,1
clothing/clothes/clothes2400.jpg,1,clothing,clothes,1
clothing/clothes/clothes4024.jpg,1,clothing,clothes,1
clothing/clothes/clothes132.jpg,1,clothing,clothes,1
clothing/clothes/clothes1349.jpg,1,clothing,clothes,1
clothing/clothes/clothes4696.jpg,1,clothing,clothes,1
clothing/clothes/clothes4373.jpg,1,clothing,clothes,1
clothing/clothes/clothes3272.jpg,1,clothing,clothes,1
clothing/clothes/clothes667.jpg,1,clothing,clothes,1
clothing/clothes/clothes587.jpg,1,clothing,clothes,1
clothing/clothes/clothes3968.jpg,1,clothing,clothes,1
clothing/clothes/clothes4094.jpg,1,clothing,clothes,1
clothing/clothes/clothes3010.jpg,1,clothing,clothes,1
clothing/clothes/clothes671.jpg,1,clothing,clothes,1
clothing/clothes/clothes4584.jpg,1,clothing,clothes,1
clothing/clothes/clothes3379.jpg,1,clothing,clothes,1
clothing/clothes/clothes1330.jpg,1,clothing,clothes,1
clothing/clothes/clothes827.jpg,1,clothing,clothes,1
clothing/clothes/clothes2939.jpg,1,clothing,clothes,1
clothing/clothes/clothes4285.jpg,1,clothing,clothes,1
clothing/clothes/clothes1276.jpg,1,clothing,clothes,1
clothing/clothes/clothes4557.jpg,1,clothing,clothes,1
clothing/clothes/clothes3464.jpg,1,clothing,clothes,1
clothing/clothes/clothes2303.jpg,1,clothing,clothes,1
clothing/clothes/clothes934.jpg,1,clothing,clothes,1
clothing/clothes/clothes1839.jpg,1,clothing,clothes,1
clothing/clothes/clothes866.jpg,1,clothing,clothes,1
clothing/clothes/clothes449.jpg,1,clothing,clothes,1
clothing/clothes/clothes3366.jpg,1,clothing,clothes,1
clothing/clothes/clothes4720.jpg,1,clothing,clothes,1
clothing/clothes/clothes3018.jpg,1,clothing,clothes,1
clothing/clothes/clothes21.jpg,1,clothing,clothes,1
clothing/clothes/clothes1848.jpg,1,clothing,clothes,1
clothing/clothes/clothes4527.jpg,1,clothing,clothes,1
clothing/clothes/clothes2201.jpg,1,clothing,clothes,1
clothing/clothes/clothes3731.jpg,1,clothing,clothes,1
clothing/clothes/clothes322.jpg,1,clothing,clothes,1
clothing/clothes/clothes3554.jpg,1,clothing,clothes,1
clothing/clothes/clothes3292.jpg,1,clothing,clothes,1
clothing/clothes/clothes1128.jpg,1,clothing,clothes,1
clothing/clothes/clothes2748.jpg,1,clothing,clothes,1
clothing/clothes/clothes1369.jpg,1,clothing,clothes,1
clothing/clothes/clothes4076.jpg,1,clothing,clothes,1
clothing/clothes/clothes3419.jpg,1,clothing,clothes,1
clothing/clothes/clothes4636.jpg,1,clothing,clothes,1
clothing/clothes/clothes4415.jpg,1,clothing,clothes,1
clothing/clothes/clothes2901.jpg,1,clothing,clothes,1
clothing/clothes/clothes1887.jpg,1,clothing,clothes,1
clothing/clothes/clothes4951.jpg,1,clothing,clothes,1
clothing/clothes/clothes1089.jpg,1,clothing,clothes,1
clothing/clothes/clothes1030.jpg,1,clothing,clothes,1
clothing/clothes/clothes2602.jpg,1,clothing,clothes,1
clothing/clothes/clothes1417.jpg,1,clothing,clothes,1
clothing/clothes/clothes2374.jpg,1,clothing,clothes,1
clothing/clothes/clothes1151.jpg,1,clothing,clothes,1
clothing/clothes/clothes3552.jpg,1,clothing,clothes,1
clothing/clothes/clothes1449.jpg,1,clothing,clothes,1
clothing/clothes/clothes3934.jpg,1,clothing,clothes,1
clothing/clothes/clothes661.jpg,1,clothing,clothes,1
clothing/clothes/clothes4547.jpg,1,clothing,clothes,1
clothing/clothes/clothes1158.jpg,1,clothing,clothes,1
clothing/clothes/clothes3723.jpg,1,clothing,clothes,1
clothing/clothes/clothes4697.jpg,1,clothing,clothes,1
clothing/clothes/clothes4548.jpg,1,clothing,clothes,1
clothing/clothes/clothes1339.jpg,1,clothing,clothes,1
clothing/clothes/clothes879.jpg,1,clothing,clothes,1
clothing/clothes/clothes4532.jpg,1,clothing,clothes,1
clothing/clothes/clothes5057.jpg,1,clothing,clothes,1
clothing/clothes/clothes1850.jpg,1,clothing,clothes,1
clothing/clothes/clothes2053.jpg,1,clothing,clothes,1
clothing/clothes/clothes318.jpg,1,clothing,clothes,1
clothing/clothes/clothes3513.jpg,1,clothing,clothes,1
clothing/clothes/clothes2476.jpg,1,clothing,clothes,1
clothing/clothes/clothes3535.jpg,1,clothing,clothes,1
clothing/clothes/clothes530.jpg,1,clothing,clothes,1
clothing/clothes/clothes2923.jpg,1,clothing,clothes,1
clothing/clothes/clothes2969.jpg,1,clothing,clothes,1
clothing/clothes/clothes2762.jpg,1,clothing,clothes,1
clothing/clothes/clothes2414.jpg,1,clothing,clothes,1
clothing/clothes/clothes67.jpg,1,clothing,clothes,1
clothing/clothes/clothes4599.jpg,1,clothing,clothes,1
clothing/clothes/clothes303.jpg,1,clothing,clothes,1
clothing/clothes/clothes4556.jpg,1,clothing,clothes,1
clothing/clothes/clothes2455.jpg,1,clothing,clothes,1
clothing/clothes/clothes680.jpg,1,clothing,clothes,1
clothing/clothes/clothes4402.jpg,1,clothing,clothes,1
clothing/clothes/clothes3926.jpg,1,clothing,clothes,1
clothing/clothes/clothes1654.jpg,1,clothing,clothes,1
clothing/clothes/clothes4980.jpg,1,clothing,clothes,1
clothing/clothes/clothes1116.jpg,1,clothing,clothes,1
clothing/clothes/clothes3597.jpg,1,clothing,clothes,1
clothing/clothes/clothes1575.jpg,1,clothing,clothes,1
clothing/clothes/clothes4130.jpg,1,clothing,clothes,1
clothing/clothes/clothes64.jpg,1,clothing,clothes,1
clothing/clothes/clothes1117.jpg,1,clothing,clothes,1
clothing/clothes/clothes3633.jpg,1,clothing,clothes,1
clothing/clothes/clothes721.jpg,1,clothing,clothes,1
clothing/clothes/clothes5092.jpg,1,clothing,clothes,1
clothing/clothes/clothes4453.jpg,1,clothing,clothes,1
clothing/clothes/clothes4023.jpg,1,clothing,clothes,1
clothing/clothes/clothes3916.jpg,1,clothing,clothes,1
clothing/clothes/clothes3364.jpg,1,clothing,clothes,1
clothing/clothes/clothes4162.jpg,1,clothing,clothes,1
clothing/clothes/clothes2628.jpg,1,clothing,clothes,1
clothing/clothes/clothes2828.jpg,1,clothing,clothes,1
clothing/clothes/clothes3700.jpg,1,clothing,clothes,1
clothing/clothes/clothes1629.jpg,1,clothing,clothes,1
clothing/clothes/clothes2556.jpg,1,clothing,clothes,1
clothing/clothes/clothes2098.jpg,1,clothing,clothes,1
clothing/clothes/clothes3846.jpg,1,clothing,clothes,1
clothing/clothes/clothes2082.jpg,1,clothing,clothes,1
clothing/clothes/clothes945.jpg,1,clothing,clothes,1
clothing/clothes/clothes990.jpg,1,clothing,clothes,1
clothing/clothes/clothes3949.jpg,1,clothing,clothes,1
clothing/clothes/clothes2155.jpg,1,clothing,clothes,1
clothing/clothes/clothes350.jpg,1,clothing,clothes,1
clothing/clothes/clothes5174.jpg,1,clothing,clothes,1
clothing/clothes/clothes948.jpg,1,clothing,clothes,1
clothing/clothes/clothes876.jpg,1,clothing,clothes,1
clothing/clothes/clothes1239.jpg,1,clothing,clothes,1
clothing/clothes/clothes1824.jpg,1,clothing,clothes,1
clothing/clothes/clothes4974.jpg,1,clothing,clothes,1
clothing/clothes/clothes4566.jpg,1,clothing,clothes,1
clothing/clothes/clothes5286.jpg,1,clothing,clothes,1
clothing/clothes/clothes256.jpg,1,clothing,clothes,1
clothing/clothes/clothes4846.jpg,1,clothing,clothes,1
clothing/clothes/clothes3080.jpg,1,clothing,clothes,1
clothing/clothes/clothes4044.jpg,1,clothing,clothes,1
clothing/clothes/clothes3446.jpg,1,clothing,clothes,1
clothing/clothes/clothes1393.jpg,1,clothing,clothes,1
clothing/clothes/clothes1015.jpg,1,clothing,clothes,1
clothing/clothes/clothes693.jpg,1,clothing,clothes,1
clothing/clothes/clothes810.jpg,1,clothing,clothes,1
clothing/clothes/clothes4576.jpg,1,clothing,clothes,1
clothing/clothes/clothes2085.jpg,1,clothing,clothes,1
clothing/clothes/clothes4786.jpg,1,clothing,clothes,1
clothing/clothes/clothes4972.jpg,1,clothing,clothes,1
clothing/clothes/clothes1996.jpg,1,clothing,clothes,1
clothing/clothes/clothes2078.jpg,1,clothing,clothes,1
clothing/clothes/clothes2275.jpg,1,clothing,clothes,1
clothing/clothes/clothes48.jpg,1,clothing,clothes,1
clothing/clothes/clothes2228.jpg,1,clothing,clothes,1
clothing/clothes/clothes1762.jpg,1,clothing,clothes,1
clothing/clothes/clothes4830.jpg,1,clothing,clothes,1
clothing/clothes/clothes3769.jpg,1,clothing,clothes,1
clothing/clothes/clothes2706.jpg,1,clothing,clothes,1
clothing/clothes/clothes1956.jpg,1,clothing,clothes,1
clothing/clothes/clothes666.jpg,1,clothing,clothes,1
clothing/clothes/clothes342.jpg,1,clothing,clothes,1
clothing/clothes/clothes4939.jpg,1,clothing,clothes,1
clothing/clothes/clothes1679.jpg,1,clothing,clothes,1
clothing/clothes/clothes367.jpg,1,clothing,clothes,1
clothing/clothes/clothes1965.jpg,1,clothing,clothes,1
clothing/clothes/clothes939.jpg,1,clothing,clothes,1
clothing/clothes/clothes4157.jpg,1,clothing,clothes,1
clothing/clothes/clothes5325.jpg,1,clothing,clothes,1
clothing/clothes/clothes4207.jpg,1,clothing,clothes,1
clothing/clothes/clothes3914.jpg,1,clothing,clothes,1
clothing/clothes/clothes1842.jpg,1,clothing,clothes,1
clothing/clothes/clothes1353.jpg,1,clothing,clothes,1
clothing/clothes/clothes1174.jpg,1,clothing,clothes,1
clothing/clothes/clothes2425.jpg,1,clothing,clothes,1
clothing/clothes/clothes3062.jpg,1,clothing,clothes,1
clothing/clothes/clothes4582.jpg,1,clothing,clothes,1
clothing/clothes/clothes1866.jpg,1,clothing,clothes,1
clothing/clothes/clothes4718.jpg,1,clothing,clothes,1
clothing/clothes/clothes3967.jpg,1,clothing,clothes,1
clothing/clothes/clothes389.jpg,1,clothing,clothes,1
clothing/clothes/clothes4765.jpg,1,clothing,clothes,1
clothing/clothes/clothes2006.jpg,1,clothing,clothes,1
clothing/clothes/clothes459.jpg,1,clothing,clothes,1
clothing/clothes/clothes4474.jpg,1,clothing,clothes,1
clothing/clothes/clothes1798.jpg,1,clothing,clothes,1
clothing/clothes/clothes2590.jpg,1,clothing,clothes,1
clothing/clothes/clothes1993.jpg,1,clothing,clothes,1
clothing/clothes/clothes4467.jpg,1,clothing,clothes,1
clothing/clothes/clothes345.jpg,1,clothing,clothes,1
clothing/clothes/clothes4746.jpg,1,clothing,clothes,1
clothing/clothes/clothes831.jpg,1,clothing,clothes,1
clothing/clothes/clothes2331.jpg,1,clothing,clothes,1
clothing/clothes/clothes2354.jpg,1,clothing,clothes,1
clothing/clothes/clothes3906.jpg,1,clothing,clothes,1
clothing/clothes/clothes770.jpg,1,clothing,clothes,1
clothing/clothes/clothes4977.jpg,1,clothing,clothes,1
clothing/clothes/clothes3020.jpg,1,clothing,clothes,1
clothing/clothes/clothes4427.jpg,1,clothing,clothes,1
clothing/clothes/clothes4045.jpg,1,clothing,clothes,1
clothing/clothes/clothes4180.jpg,1,clothing,clothes,1
clothing/clothes/clothes2012.jpg,1,clothing,clothes,1
clothing/clothes/clothes3776.jpg,1,clothing,clothes,1
clothing/clothes/clothes3830.jpg,1,clothing,clothes,1
clothing/clothes/clothes1423.jpg,1,clothing,clothes,1
clothing/clothes/clothes1121.jpg,1,clothing,clothes,1
clothing/clothes/clothes1685.jpg,1,clothing,clothes,1
clothing/clothes/clothes1459.jpg,1,clothing,clothes,1
clothing/clothes/clothes4400.jpg,1,clothing,clothes,1
clothing/clothes/clothes713.jpg,1,clothing,clothes,1
clothing/clothes/clothes4047.jpg,1,clothing,clothes,1
clothing/clothes/clothes1481.jpg,1,clothing,clothes,1
clothing/clothes/clothes4420.jpg,1,clothing,clothes,1
clothing/clothes/clothes1737.jpg,1,clothing,clothes,1
clothing/clothes/clothes1869.jpg,1,clothing,clothes,1
clothing/clothes/clothes3162.jpg,1,clothing,clothes,1
clothing/clothes/clothes3587.jpg,1,clothing,clothes,1
clothing/clothes/clothes3409.jpg,1,clothing,clothes,1
clothing/clothes/clothes3013.jpg,1,clothing,clothes,1
clothing/clothes/clothes1298.jpg,1,clothing,clothes,1
clothing/clothes/clothes3447.jpg,1,clothing,clothes,1
clothing/clothes/clothes1786.jpg,1,clothing,clothes,1
clothing/clothes/clothes4912.jpg,1,clothing,clothes,1
clothing/clothes/clothes3735.jpg,1,clothing,clothes,1
clothing/clothes/clothes3880.jpg,1,clothing,clothes,1
clothing/clothes/clothes3719.jpg,1,clothing,clothes,1
clothing/clothes/clothes208.jpg,1,clothing,clothes,1
clothing/clothes/clothes3261.jpg,1,clothing,clothes,1
clothing/clothes/clothes1553.jpg,1,clothing,clothes,1
clothing/clothes/clothes4887.jpg,1,clothing,clothes,1
clothing/clothes/clothes5084.jpg,1,clothing,clothes,1
clothing/clothes/clothes4533.jpg,1,clothing,clothes,1
clothing/clothes/clothes3273.jpg,1,clothing,clothes,1
clothing/clothes/clothes5316.jpg,1,clothing,clothes,1
clothing/clothes/clothes3407.jpg,1,clothing,clothes,1
clothing/clothes/clothes3195.jpg,1,clothing,clothes,1
clothing/clothes/clothes3211.jpg,1,clothing,clothes,1
clothing/clothes/clothes3274.jpg,1,clothing,clothes,1
clothing/clothes/clothes2127.jpg,1,clothing,clothes,1
clothing/clothes/clothes2064.jpg,1,clothing,clothes,1
clothing/clothes/clothes185.jpg,1,clothing,clothes,1
clothing/clothes/clothes675.jpg,1,clothing,clothes,1
clothing/clothes/clothes603.jpg,1,clothing,clothes,1
clothing/clothes/clothes2229.jpg,1,clothing,clothes,1
clothing/clothes/clothes452.jpg,1,clothing,clothes,1
clothing/clothes/clothes4390.jpg,1,clothing,clothes,1
clothing/clothes/clothes4967.jpg,1,clothing,clothes,1
clothing/clothes/clothes2719.jpg,1,clothing,clothes,1
clothing/clothes/clothes907.jpg,1,clothing,clothes,1
clothing/clothes/clothes1182.jpg,1,clothing,clothes,1
clothing/clothes/clothes730.jpg,1,clothing,clothes,1
clothing/clothes/clothes3095.jpg,1,clothing,clothes,1
clothing/clothes/clothes3510.jpg,1,clothing,clothes,1
clothing/clothes/clothes178.jpg,1,clothing,clothes,1
clothing/clothes/clothes2790.jpg,1,clothing,clothes,1
clothing/clothes/clothes3638.jpg,1,clothing,clothes,1
clothing/clothes/clothes2601.jpg,1,clothing,clothes,1
clothing/clothes/clothes3517.jpg,1,clothing,clothes,1
clothing/clothes/clothes2364.jpg,1,clothing,clothes,1
clothing/clothes/clothes1571.jpg,1,clothing,clothes,1
clothing/clothes/clothes427.jpg,1,clothing,clothes,1
clothing/clothes/clothes3109.jpg,1,clothing,clothes,1
clothing/clothes/clothes3977.jpg,1,clothing,clothes,1
clothing/clothes/clothes4638.jpg,1,clothing,clothes,1
clothing/clothes/clothes3118.jpg,1,clothing,clothes,1
clothing/clothes/clothes1905.jpg,1,clothing,clothes,1
clothing/clothes/clothes2370.jpg,1,clothing,clothes,1
clothing/clothes/clothes3969.jpg,1,clothing,clothes,1
clothing/clothes/clothes4991.jpg,1,clothing,clothes,1
clothing/clothes/clothes2013.jpg,1,clothing,clothes,1
clothing/clothes/clothes2785.jpg,1,clothing,clothes,1
clothing/clothes/clothes4066.jpg,1,clothing,clothes,1
clothing/clothes/clothes4056.jpg,1,clothing,clothes,1
clothing/clothes/clothes2351.jpg,1,clothing,clothes,1
clothing/clothes/clothes2017.jpg,1,clothing,clothes,1
clothing/clothes/clothes4351.jpg,1,clothing,clothes,1
clothing/clothes/clothes4539.jpg,1,clothing,clothes,1
clothing/clothes/clothes3017.jpg,1,clothing,clothes,1
clothing/clothes/clothes4052.jpg,1,clothing,clothes,1
clothing/clothes/clothes3112.jpg,1,clothing,clothes,1
clothing/clothes/clothes932.jpg,1,clothing,clothes,1
clothing/clothes/clothes2882.jpg,1,clothing,clothes,1
clothing/clothes/clothes3618.jpg,1,clothing,clothes,1
clothing/clothes/clothes2930.jpg,1,clothing,clothes,1
clothing/clothes/clothes1022.jpg,1,clothing,clothes,1
clothing/clothes/clothes1039.jpg,1,clothing,clothes,1
clothing/clothes/clothes5021.jpg,1,clothing,clothes,1
clothing/clothes/clothes3391.jpg,1,clothing,clothes,1
clothing/clothes/clothes291.jpg,1,clothing,clothes,1
clothing/clothes/clothes124.jpg,1,clothing,clothes,1
clothing/clothes/clothes993.jpg,1,clothing,clothes,1
clothing/clothes/clothes1861.jpg,1,clothing,clothes,1
clothing/clothes/clothes4238.jpg,1,clothing,clothes,1
clothing/clothes/clothes3422.jpg,1,clothing,clothes,1
clothing/clothes/clothes5151.jpg,1,clothing,clothes,1
clothing/clothes/clothes4944.jpg,1,clothing,clothes,1
clothing/clothes/clothes38.jpg,1,clothing,clothes,1
clothing/clothes/clothes2617.jpg,1,clothing,clothes,1
clothing/clothes/clothes1967.jpg,1,clothing,clothes,1
clothing/clothes/clothes1911.jpg,1,clothing,clothes,1
clothing/clothes/clothes4560.jpg,1,clothing,clothes,1
clothing/clothes/clothes3931.jpg,1,clothing,clothes,1
clothing/clothes/clothes905.jpg,1,clothing,clothes,1
clothing/clothes/clothes1122.jpg,1,clothing,clothes,1
clothing/clothes/clothes4120.jpg,1,clothing,clothes,1
clothing/clothes/clothes4196.jpg,1,clothing,clothes,1
clothing/clothes/clothes2639.jpg,1,clothing,clothes,1
clothing/clothes/clothes4013.jpg,1,clothing,clothes,1
clothing/clothes/clothes3367.jpg,1,clothing,clothes,1
clothing/clothes/clothes595.jpg,1,clothing,clothes,1
clothing/clothes/clothes5295.jpg,1,clothing,clothes,1
clothing/clothes/clothes2454.jpg,1,clothing,clothes,1
clothing/clothes/clothes935.jpg,1,clothing,clothes,1
clothing/clothes/clothes805.jpg,1,clothing,clothes,1
clothing/clothes/clothes1402.jpg,1,clothing,clothes,1
clothing/clothes/clothes1793.jpg,1,clothing,clothes,1
clothing/clothes/clothes4689.jpg,1,clothing,clothes,1
clothing/clothes/clothes5147.jpg,1,clothing,clothes,1
clothing/clothes/clothes2366.jpg,1,clothing,clothes,1
clothing/clothes/clothes1810.jpg,1,clothing,clothes,1
clothing/clothes/clothes336.jpg,1,clothing,clothes,1
clothing/clothes/clothes4979.jpg,1,clothing,clothes,1
clothing/clothes/clothes4327.jpg,1,clothing,clothes,1
clothing/clothes/clothes722.jpg,1,clothing,clothes,1
clothing/clothes/clothes5280.jpg,1,clothing,clothes,1
clothing/clothes/clothes2581.jpg,1,clothing,clothes,1
clothing/clothes/clothes193.jpg,1,clothing,clothes,1
clothing/clothes/clothes2181.jpg,1,clothing,clothes,1
clothing/clothes/clothes1090.jpg,1,clothing,clothes,1
clothing/clothes/clothes5210.jpg,1,clothing,clothes,1
clothing/clothes/clothes3149.jpg,1,clothing,clothes,1
clothing/clothes/clothes4982.jpg,1,clothing,clothes,1
clothing/clothes/clothes1187.jpg,1,clothing,clothes,1
clothing/clothes/clothes4585.jpg,1,clothing,clothes,1
clothing/clothes/clothes716.jpg,1,clothing,clothes,1
clothing/clothes/clothes1686.jpg,1,clothing,clothes,1
clothing/clothes/clothes1204.jpg,1,clothing,clothes,1
clothing/clothes/clothes1100.jpg,1,clothing,clothes,1
clothing/clothes/clothes3224.jpg,1,clothing,clothes,1
clothing/clothes/clothes1489.jpg,1,clothing,clothes,1
clothing/clothes/clothes2256.jpg,1,clothing,clothes,1
clothing/clothes/clothes789.jpg,1,clothing,clothes,1
clothing/clothes/clothes752.jpg,1,clothing,clothes,1
clothing/clothes/clothes3139.jpg,1,clothing,clothes,1
clothing/clothes/clothes3971.jpg,1,clothing,clothes,1
clothing/clothes/clothes897.jpg,1,clothing,clothes,1
clothing/clothes/clothes4596.jpg,1,clothing,clothes,1
clothing/clothes/clothes42.jpg,1,clothing,clothes,1
clothing/clothes/clothes4004.jpg,1,clothing,clothes,1
clothing/clothes/clothes3178.jpg,1,clothing,clothes,1
clothing/clothes/clothes1220.jpg,1,clothing,clothes,1
clothing/clothes/clothes3147.jpg,1,clothing,clothes,1
clothing/clothes/clothes435.jpg,1,clothing,clothes,1
clothing/clothes/clothes2529.jpg,1,clothing,clothes,1
clothing/clothes/clothes3988.jpg,1,clothing,clothes,1
clothing/clothes/clothes3344.jpg,1,clothing,clothes,1
clothing/clothes/clothes803.jpg,1,clothing,clothes,1
clothing/clothes/clothes4931.jpg,1,clothing,clothes,1
clothing/clothes/clothes4971.jpg,1,clothing,clothes,1
clothing/clothes/clothes4825.jpg,1,clothing,clothes,1
clothing/clothes/clothes3259.jpg,1,clothing,clothes,1
clothing/clothes/clothes1976.jpg,1,clothing,clothes,1
clothing/clothes/clothes3305.jpg,1,clothing,clothes,1
clothing/clothes/clothes2961.jpg,1,clothing,clothes,1
clothing/clothes/clothes4865.jpg,1,clothing,clothes,1
clothing/clothes/clothes740.jpg,1,clothing,clothes,1
clothing/clothes/clothes2094.jpg,1,clothing,clothes,1
clothing/clothes/clothes1123.jpg,1,clothing,clothes,1
clothing/clothes/clothes3555.jpg,1,clothing,clothes,1
clothing/clothes/clothes824.jpg,1,clothing,clothes,1
clothing/clothes/clothes1460.jpg,1,clothing,clothes,1
clothing/clothes/clothes231.jpg,1,clothing,clothes,1
clothing/clothes/clothes4910.jpg,1,clothing,clothes,1
clothing/clothes/clothes1933.jpg,1,clothing,clothes,1
clothing/clothes/clothes4172.jpg,1,clothing,clothes,1
clothing/clothes/clothes2761.jpg,1,clothing,clothes,1
clothing/clothes/clothes1802.jpg,1,clothing,clothes,1
clothing/clothes/clothes5111.jpg,1,clothing,clothes,1
clothing/clothes/clothes2440.jpg,1,clothing,clothes,1
clothing/clothes/clothes4165.jpg,1,clothing,clothes,1
clothing/clothes/clothes2564.jpg,1,clothing,clothes,1
clothing/clothes/clothes611.jpg,1,clothing,clothes,1
clothing/clothes/clothes4565.jpg,1,clothing,clothes,1
clothing/clothes/clothes4403.jpg,1,clothing,clothes,1
clothing/clothes/clothes3701.jpg,1,clothing,clothes,1
clothing/clothes/clothes3741.jpg,1,clothing,clothes,1
clothing/clothes/clothes670.jpg,1,clothing,clothes,1
clothing/clothes/clothes2935.jpg,1,clothing,clothes,1
clothing/clothes/clothes5108.jpg,1,clothing,clothes,1
clothing/clothes/clothes1515.jpg,1,clothing,clothes,1
clothing/clothes/clothes1293.jpg,1,clothing,clothes,1
clothing/clothes/clothes1883.jpg,1,clothing,clothes,1
clothing/clothes/clothes4464.jpg,1,clothing,clothes,1
clothing/clothes/clothes751.jpg,1,clothing,clothes,1
clothing/clothes/clothes1206.jpg,1,clothing,clothes,1
clothing/clothes/clothes1488.jpg,1,clothing,clothes,1
clothing/clothes/clothes2198.jpg,1,clothing,clothes,1
clothing/clothes/clothes3347.jpg,1,clothing,clothes,1
clothing/clothes/clothes2693.jpg,1,clothing,clothes,1
clothing/clothes/clothes4188.jpg,1,clothing,clothes,1
clothing/clothes/clothes4544.jpg,1,clothing,clothes,1
clothing/clothes/clothes186.jpg,1,clothing,clothes,1
clothing/clothes/clothes4545.jpg,1,clothing,clothes,1
clothing/clothes/clothes347.jpg,1,clothing,clothes,1
clothing/clothes/clothes1730.jpg,1,clothing,clothes,1
clothing/clothes/clothes3425.jpg,1,clothing,clothes,1
clothing/clothes/clothes3853.jpg,1,clothing,clothes,1
clothing/clothes/clothes53.jpg,1,clothing,clothes,1
clothing/clothes/clothes977.jpg,1,clothing,clothes,1
clothing/clothes/clothes3647.jpg,1,clothing,clothes,1
clothing/clothes/clothes726.jpg,1,clothing,clothes,1
clothing/clothes/clothes5070.jpg,1,clothing,clothes,1
clothing/clothes/clothes3657.jpg,1,clothing,clothes,1
clothing/clothes/clothes2771.jpg,1,clothing,clothes,1
clothing/clothes/clothes568.jpg,1,clothing,clothes,1
clothing/clothes/clothes4222.jpg,1,clothing,clothes,1
clothing/clothes/clothes2169.jpg,1,clothing,clothes,1
clothing/clothes/clothes2502.jpg,1,clothing,clothes,1
clothing/clothes/clothes4956.jpg,1,clothing,clothes,1
clothing/clothes/clothes3798.jpg,1,clothing,clothes,1
clothing/clothes/clothes2133.jpg,1,clothing,clothes,1
clothing/clothes/clothes3437.jpg,1,clothing,clothes,1
clothing/clothes/clothes2609.jpg,1,clothing,clothes,1
clothing/clothes/clothes592.jpg,1,clothing,clothes,1
clothing/clothes/clothes3150.jpg,1,clothing,clothes,1
clothing/clothes/clothes5107.jpg,1,clothing,clothes,1
clothing/clothes/clothes3602.jpg,1,clothing,clothes,1
clothing/clothes/clothes4007.jpg,1,clothing,clothes,1
clothing/clothes/clothes609.jpg,1,clothing,clothes,1
clothing/clothes/clothes867.jpg,1,clothing,clothes,1
clothing/clothes/clothes928.jpg,1,clothing,clothes,1
clothing/clothes/clothes2683.jpg,1,clothing,clothes,1
clothing/clothes/clothes2027.jpg,1,clothing,clothes,1
clothing/clothes/clothes2073.jpg,1,clothing,clothes,1
clothing/clothes/clothes4989.jpg,1,clothing,clothes,1
clothing/clothes/clothes3810.jpg,1,clothing,clothes,1
clothing/clothes/clothes2132.jpg,1,clothing,clothes,1
clothing/clothes/clothes2002.jpg,1,clothing,clothes,1
clothing/clothes/clothes694.jpg,1,clothing,clothes,1
clothing/clothes/clothes969.jpg,1,clothing,clothes,1
clothing/clothes/clothes1676.jpg,1,clothing,clothes,1
clothing/clothes/clothes4475.jpg,1,clothing,clothes,1
clothing/clothes/clothes4510.jpg,1,clothing,clothes,1
clothing/clothes/clothes5204.jpg,1,clothing,clothes,1
clothing/clothes/clothes5058.jpg,1,clothing,clothes,1
clothing/clothes/clothes2271.jpg,1,clothing,clothes,1
clothing/clothes/clothes2111.jpg,1,clothing,clothes,1
clothing/clothes/clothes455.jpg,1,clothing,clothes,1
clothing/clothes/clothes5196.jpg,1,clothing,clothes,1
clothing/clothes/clothes1915.jpg,1,clothing,clothes,1
clothing/clothes/clothes5018.jpg,1,clothing,clothes,1
clothing/clothes/clothes3070.jpg,1,clothing,clothes,1
clothing/clothes/clothes2778.jpg,1,clothing,clothes,1
clothing/clothes/clothes2040.jpg,1,clothing,clothes,1
clothing/clothes/clothes3441.jpg,1,clothing,clothes,1
clothing/clothes/clothes2788.jpg,1,clothing,clothes,1
clothing/clothes/clothes1593.jpg,1,clothing,clothes,1
clothing/clothes/clothes2879.jpg,1,clothing,clothes,1
clothing/clothes/clothes4405.jpg,1,clothing,clothes,1
clothing/clothes/clothes2353.jpg,1,clothing,clothes,1
clothing/clothes/clothes865.jpg,1,clothing,clothes,1
clothing/clothes/clothes5181.jpg,1,clothing,clothes,1
clothing/clothes/clothes2707.jpg,1,clothing,clothes,1
clothing/clothes/clothes2585.jpg,1,clothing,clothes,1
clothing/clothes/clothes2176.jpg,1,clothing,clothes,1
clothing/clothes/clothes3426.jpg,1,clothing,clothes,1
clothing/clothes/clothes4936.jpg,1,clothing,clothes,1
clothing/clothes/clothes1622.jpg,1,clothing,clothes,1
clothing/clothes/clothes4031.jpg,1,clothing,clothes,1
clothing/clothes/clothes548.jpg,1,clothing,clothes,1
clothing/clothes/clothes387.jpg,1,clothing,clothes,1
clothing/clothes/clothes273.jpg,1,clothing,clothes,1
clothing/clothes/clothes2746.jpg,1,clothing,clothes,1
clothing/clothes/clothes4223.jpg,1,clothing,clothes,1
clothing/clothes/clothes4449.jpg,1,clothing,clothes,1
clothing/clothes/clothes1754.jpg,1,clothing,clothes,1
clothing/clothes/clothes1314.jpg,1,clothing,clothes,1
clothing/clothes/clothes3539.jpg,1,clothing,clothes,1
clothing/clothes/clothes872.jpg,1,clothing,clothes,1
clothing/clothes/clothes524.jpg,1,clothing,clothes,1
clothing/clothes/clothes470.jpg,1,clothing,clothes,1
clothing/clothes/clothes1131.jpg,1,clothing,clothes,1
clothing/clothes/clothes508.jpg,1,clothing,clothes,1
clothing/clothes/clothes4280.jpg,1,clothing,clothes,1
clothing/clothes/clothes3793.jpg,1,clothing,clothes,1
clothing/clothes/clothes1361.jpg,1,clothing,clothes,1
clothing/clothes/clothes2858.jpg,1,clothing,clothes,1
clothing/clothes/clothes2608.jpg,1,clothing,clothes,1
clothing/clothes/clothes4294.jpg,1,clothing,clothes,1
clothing/clothes/clothes4934.jpg,1,clothing,clothes,1
clothing/clothes/clothes4049.jpg,1,clothing,clothes,1
clothing/clothes/clothes35.jpg,1,clothing,clothes,1
clothing/clothes/clothes1774.jpg,1,clothing,clothes,1
clothing/clothes/clothes3182.jpg,1,clothing,clothes,1
clothing/clothes/clothes1928.jpg,1,clothing,clothes,1
clothing/clothes/clothes1826.jpg,1,clothing,clothes,1
clothing/clothes/clothes4686.jpg,1,clothing,clothes,1
clothing/clothes/clothes3634.jpg,1,clothing,clothes,1
clothing/clothes/clothes473.jpg,1,clothing,clothes,1
clothing/clothes/clothes3303.jpg,1,clothing,clothes,1
clothing/clothes/clothes3456.jpg,1,clothing,clothes,1
clothing/clothes/clothes4106.jpg,1,clothing,clothes,1
clothing/clothes/clothes5247.jpg,1,clothing,clothes,1
clothing/clothes/clothes3606.jpg,1,clothing,clothes,1
clothing/clothes/clothes4292.jpg,1,clothing,clothes,1
clothing/clothes/clothes869.jpg,1,clothing,clothes,1
clothing/clothes/clothes5050.jpg,1,clothing,clothes,1
clothing/clothes/clothes3609.jpg,1,clothing,clothes,1
clothing/clothes/clothes3953.jpg,1,clothing,clothes,1
clothing/clothes/clothes4054.jpg,1,clothing,clothes,1
clothing/clothes/clothes5054.jpg,1,clothing,clothes,1
clothing/clothes/clothes5311.jpg,1,clothing,clothes,1
clothing/clothes/clothes227.jpg,1,clothing,clothes,1
clothing/clothes/clothes2770.jpg,1,clothing,clothes,1
clothing/clothes/clothes4880.jpg,1,clothing,clothes,1
clothing/clothes/clothes3662.jpg,1,clothing,clothes,1
clothing/clothes/clothes5241.jpg,1,clothing,clothes,1
clothing/clothes/clothes3976.jpg,1,clothing,clothes,1
clothing/clothes/clothes5231.jpg,1,clothing,clothes,1
clothing/clothes/clothes4016.jpg,1,clothing,clothes,1
clothing/clothes/clothes2624.jpg,1,clothing,clothes,1
clothing/clothes/clothes475.jpg,1,clothing,clothes,1
clothing/clothes/clothes2337.jpg,1,clothing,clothes,1
clothing/clothes/clothes2787.jpg,1,clothing,clothes,1
clothing/clothes/clothes238.jpg,1,clothing,clothes,1
clothing/clothes/clothes4320.jpg,1,clothing,clothes,1
clothing/clothes/clothes2483.jpg,1,clothing,clothes,1
clothing/clothes/clothes4125.jpg,1,clothing,clothes,1
clothing/clothes/clothes2701.jpg,1,clothing,clothes,1
clothing/clothes/clothes1847.jpg,1,clothing,clothes,1
clothing/clothes/clothes4367.jpg,1,clothing,clothes,1
clothing/clothes/clothes2816.jpg,1,clothing,clothes,1
clothing/clothes/clothes1899.jpg,1,clothing,clothes,1
clothing/clothes/clothes1823.jpg,1,clothing,clothes,1
clothing/shoes/shoes1947.jpg,1,clothing,shoes,1
clothing/shoes/shoes1132.jpg,1,clothing,shoes,1
clothing/shoes/shoes1789.jpg,1,clothing,shoes,1
clothing/shoes/shoes968.jpg,1,clothing,shoes,1
clothing/shoes/shoes1049.jpg,1,clothing,shoes,1
clothing/shoes/shoes1521.jpg,1,clothing,shoes,1
clothing/shoes/shoes1512.jpg,1,clothing,shoes,1
clothing/shoes/shoes1002.jpg,1,clothing,shoes,1
clothing/shoes/shoes872.jpg,1,clothing,shoes,1
clothing/shoes/shoes1291.jpg,1,clothing,shoes,1
clothing/shoes/shoes745.jpg,1,clothing,shoes,1
clothing/shoes/shoes732.jpg,1,clothing,shoes,1
clothing/shoes/shoes323.jpg,1,clothing,shoes,1
clothing/shoes/shoes492.jpg,1,clothing,shoes,1
clothing/shoes/shoes433.jpg,1,clothing,shoes,1
clothing/shoes/shoes1099.jpg,1,clothing,shoes,1
clothing/shoes/shoes1956.jpg,1,clothing,shoes,1
clothing/shoes/shoes1556.jpg,1,clothing,shoes,1
clothing/shoes/shoes824.jpg,1,clothing,shoes,1
clothing/shoes/shoes776.jpg,1,clothing,shoes,1
clothing/shoes/shoes1172.jpg,1,clothing,shoes,1
clothing/shoes/shoes1194.jpg,1,clothing,shoes,1
clothing/shoes/shoes842.jpg,1,clothing,shoes,1
clothing/shoes/shoes273.jpg,1,clothing,shoes,1
clothing/shoes/shoes1688.jpg,1,clothing,shoes,1
clothing/shoes/shoes1676.jpg,1,clothing,shoes,1
clothing/shoes/shoes1597.jpg,1,clothing,shoes,1
clothing/shoes/shoes432.jpg,1,clothing,shoes,1
clothing/shoes/shoes1892.jpg,1,clothing,shoes,1
clothing/shoes/shoes233.jpg,1,clothing,shoes,1
clothing/shoes/shoes502.jpg,1,clothing,shoes,1
clothing/shoes/shoes275.jpg,1,clothing,shoes,1
clothing/shoes/shoes130.jpg,1,clothing,shoes,1
clothing/shoes/shoes1823.jpg,1,clothing,shoes,1
clothing/shoes/shoes169.jpg,1,clothing,shoes,1
clothing/shoes/shoes223.jpg,1,clothing,shoes,1
clothing/shoes/shoes847.jpg,1,clothing,shoes,1
clothing/shoes/shoes645.jpg,1,clothing,shoes,1
clothing/shoes/shoes1969.jpg,1,clothing,shoes,1
clothing/shoes/shoes500.jpg,1,clothing,shoes,1
clothing/shoes/shoes1848.jpg,1,clothing,shoes,1
clothing/shoes/shoes1702.jpg,1,clothing,shoes,1
clothing/shoes/shoes1951.jpg,1,clothing,shoes,1
clothing/shoes/shoes1189.jpg,1,clothing,shoes,1
clothing/shoes/shoes109.jpg,1,clothing,shoes,1
clothing/shoes/shoes296.jpg,1,clothing,shoes,1
clothing/shoes/shoes679.jpg,1,clothing,shoes,1
clothing/shoes/shoes1016.jpg,1,clothing,shoes,1
clothing/shoes/shoes1052.jpg,1,clothing,shoes,1
clothing/shoes/shoes628.jpg,1,clothing,shoes,1
clothing/shoes/shoes497.jpg,1,clothing,shoes,1
clothing/shoes/shoes306.jpg,1,clothing,shoes,1
clothing/shoes/shoes7.jpg,1,clothing,shoes,1
clothing/shoes/shoes790.jpg,1,clothing,shoes,1
clothing/shoes/shoes4.jpg,1,clothing,shoes,1
clothing/shoes/shoes804.jpg,1,clothing,shoes,1
clothing/shoes/shoes634.jpg,1,clothing,shoes,1
clothing/shoes/shoes1498.jpg,1,clothing,shoes,1
clothing/shoes/shoes1087.jpg,1,clothing,shoes,1
clothing/shoes/shoes829.jpg,1,clothing,shoes,1
clothing/shoes/shoes178.jpg,1,clothing,shoes,1
clothing/shoes/shoes652.jpg,1,clothing,shoes,1
clothing/shoes/shoes849.jpg,1,clothing,shoes,1
clothing/shoes/shoes1146.jpg,1,clothing,shoes,1
clothing/shoes/shoes450.jpg,1,clothing,shoes,1
clothing/shoes/shoes750.jpg,1,clothing,shoes,1
clothing/shoes/shoes532.jpg,1,clothing,shoes,1
clothing/shoes/shoes993.jpg,1,clothing,shoes,1
clothing/shoes/shoes1953.jpg,1,clothing,shoes,1
clothing/shoes/shoes1706.jpg,1,clothing,shoes,1
clothing/shoes/shoes1054.jpg,1,clothing,shoes,1
clothing/shoes/shoes1631.jpg,1,clothing,shoes,1
clothing/shoes/shoes1219.jpg,1,clothing,shoes,1
clothing/shoes/shoes1110.jpg,1,clothing,shoes,1
clothing/shoes/shoes1830.jpg,1,clothing,shoes,1
clothing/shoes/shoes1794.jpg,1,clothing,shoes,1
clothing/shoes/shoes1754.jpg,1,clothing,shoes,1
clothing/shoes/shoes1059.jpg,1,clothing,shoes,1
clothing/shoes/shoes1274.jpg,1,clothing,shoes,1
clothing/shoes/shoes1905.jpg,1,clothing,shoes,1
clothing/shoes/shoes106.jpg,1,clothing,shoes,1
clothing/shoes/shoes97.jpg,1,clothing,shoes,1
clothing/shoes/shoes436.jpg,1,clothing,shoes,1
clothing/shoes/shoes64.jpg,1,clothing,shoes,1
clothing/shoes/shoes1388.jpg,1,clothing,shoes,1
clothing/shoes/shoes818.jpg,1,clothing,shoes,1
clothing/shoes/shoes1109.jpg,1,clothing,shoes,1
clothing/shoes/shoes1954.jpg,1,clothing,shoes,1
clothing/shoes/shoes1731.jpg,1,clothing,shoes,1
clothing/shoes/shoes1934.jpg,1,clothing,shoes,1
clothing/shoes/shoes704.jpg,1,clothing,shoes,1
clothing/shoes/shoes1249.jpg,1,clothing,shoes,1
clothing/shoes/shoes570.jpg,1,clothing,shoes,1
clothing/shoes/shoes714.jpg,1,clothing,shoes,1
clothing/shoes/shoes729.jpg,1,clothing,shoes,1
clothing/shoes/shoes1043.jpg,1,clothing,shoes,1
clothing/shoes/shoes341.jpg,1,clothing,shoes,1
clothing/shoes/shoes592.jpg,1,clothing,shoes,1
clothing/shoes/shoes1304.jpg,1,clothing,shoes,1
clothing/shoes/shoes175.jpg,1,clothing,shoes,1
clothing/shoes/shoes654.jpg,1,clothing,shoes,1
clothing/shoes/shoes354.jpg,1,clothing,shoes,1
clothing/shoes/shoes1786.jpg,1,clothing,shoes,1
clothing/shoes/shoes489.jpg,1,clothing,shoes,1
clothing/shoes/shoes902.jpg,1,clothing,shoes,1
clothing/shoes/shoes411.jpg,1,clothing,shoes,1
clothing/shoes/shoes519.jpg,1,clothing,shoes,1
clothing/shoes/shoes1066.jpg,1,clothing,shoes,1
clothing/shoes/shoes1426.jpg,1,clothing,shoes,1
clothing/shoes/shoes46.jpg,1,clothing,shoes,1
clothing/shoes/shoes219.jpg,1,clothing,shoes,1
clothing/shoes/shoes1214.jpg,1,clothing,shoes,1
clothing/shoes/shoes545.jpg,1,clothing,shoes,1
clothing/shoes/shoes1561.jpg,1,clothing,shoes,1
clothing/shoes/shoes1672.jpg,1,clothing,shoes,1
clothing/shoes/shoes213.jpg,1,clothing,shoes,1
clothing/shoes/shoes544.jpg,1,clothing,shoes,1
clothing/shoes/shoes569.jpg,1,clothing,shoes,1
clothing/shoes/shoes1471.jpg,1,clothing,shoes,1
clothing/shoes/shoes1096.jpg,1,clothing,shoes,1
clothing/shoes/shoes999.jpg,1,clothing,shoes,1
clothing/shoes/shoes218.jpg,1,clothing,shoes,1
clothing/shoes/shoes1977.jpg,1,clothing,shoes,1
clothing/shoes/shoes1470.jpg,1,clothing,shoes,1
clothing/shoes/shoes1266.jpg,1,clothing,shoes,1
clothing/shoes/shoes365.jpg,1,clothing,shoes,1
clothing/shoes/shoes312.jpg,1,clothing,shoes,1
clothing/shoes/shoes854.jpg,1,clothing,shoes,1
clothing/shoes/shoes1573.jpg,1,clothing,shoes,1
clothing/shoes/shoes597.jpg,1,clothing,shoes,1
clothing/shoes/shoes1223.jpg,1,clothing,shoes,1
clothing/shoes/shoes342.jpg,1,clothing,shoes,1
clothing/shoes/shoes1256.jpg,1,clothing,shoes,1
clothing/shoes/shoes1301.jpg,1,clothing,shoes,1
clothing/shoes/shoes738.jpg,1,clothing,shoes,1
clothing/shoes/shoes1281.jpg,1,clothing,shoes,1
clothing/shoes/shoes1430.jpg,1,clothing,shoes,1
clothing/shoes/shoes1799.jpg,1,clothing,shoes,1
clothing/shoes/shoes541.jpg,1,clothing,shoes,1
clothing/shoes/shoes1516.jpg,1,clothing,shoes,1
clothing/shoes/shoes1735.jpg,1,clothing,shoes,1
clothing/shoes/shoes1662.jpg,1,clothing,shoes,1
clothing/shoes/shoes1912.jpg,1,clothing,shoes,1
clothing/shoes/shoes1801.jpg,1,clothing,shoes,1
clothing/shoes/shoes724.jpg,1,clothing,shoes,1
clothing/shoes/shoes1441.jpg,1,clothing,shoes,1
clothing/shoes/shoes1719.jpg,1,clothing,shoes,1
clothing/shoes/shoes1648.jpg,1,clothing,shoes,1
clothing/shoes/shoes737.jpg,1,clothing,shoes,1
clothing/shoes/shoes733.jpg,1,clothing,shoes,1
clothing/shoes/shoes697.jpg,1,clothing,shoes,1
clothing/shoes/shoes1876.jpg,1,clothing,shoes,1
clothing/shoes/shoes1166.jpg,1,clothing,shoes,1
clothing/shoes/shoes913.jpg,1,clothing,shoes,1
clothing/shoes/shoes183.jpg,1,clothing,shoes,1
clothing/shoes/shoes1139.jpg,1,clothing,shoes,1
clothing/shoes/shoes1772.jpg,1,clothing,shoes,1
clothing/shoes/shoes623.jpg,1,clothing,shoes,1
clothing/shoes/shoes734.jpg,1,clothing,shoes,1
clothing/shoes/shoes410.jpg,1,clothing,shoes,1
clothing/shoes/shoes1785.jpg,1,clothing,shoes,1
clothing/shoes/shoes453.jpg,1,clothing,shoes,1
clothing/shoes/shoes444.jpg,1,clothing,shoes,1
clothing/shoes/shoes920.jpg,1,clothing,shoes,1
clothing/shoes/shoes41.jpg,1,clothing,shoes,1
clothing/shoes/shoes699.jpg,1,clothing,shoes,1
clothing/shoes/shoes638.jpg,1,clothing,shoes,1
clothing/shoes/shoes590.jpg,1,clothing,shoes,1
clothing/shoes/shoes321.jpg,1,clothing,shoes,1
clothing/shoes/shoes300.jpg,1,clothing,shoes,1
clothing/shoes/shoes1686.jpg,1,clothing,shoes,1
clothing/shoes/shoes553.jpg,1,clothing,shoes,1
clothing/shoes/shoes1328.jpg,1,clothing,shoes,1
clothing/shoes/shoes1762.jpg,1,clothing,shoes,1
clothing/shoes/shoes1584.jpg,1,clothing,shoes,1
clothing/shoes/shoes250.jpg,1,clothing,shoes,1
clothing/shoes/shoes1251.jpg,1,clothing,shoes,1
clothing/shoes/shoes1239.jpg,1,clothing,shoes,1
clothing/shoes/shoes1009.jpg,1,clothing,shoes,1
clothing/shoes/shoes1337.jpg,1,clothing,shoes,1
clothing/shoes/shoes1005.jpg,1,clothing,shoes,1
clothing/shoes/shoes1596.jpg,1,clothing,shoes,1
clothing/shoes/shoes257.jpg,1,clothing,shoes,1
clothing/shoes/shoes542.jpg,1,clothing,shoes,1
clothing/shoes/shoes1298.jpg,1,clothing,shoes,1
clothing/shoes/shoes1413.jpg,1,clothing,shoes,1
clothing/shoes/shoes123.jpg,1,clothing,shoes,1
clothing/shoes/shoes630.jpg,1,clothing,shoes,1
clothing/shoes/shoes269.jpg,1,clothing,shoes,1
clothing/shoes/shoes1902.jpg,1,clothing,shoes,1
clothing/shoes/shoes1088.jpg,1,clothing,shoes,1
clothing/shoes/shoes1537.jpg,1,clothing,shoes,1
clothing/shoes/shoes1755.jpg,1,clothing,shoes,1
clothing/shoes/shoes851.jpg,1,clothing,shoes,1
clothing/shoes/shoes991.jpg,1,clothing,shoes,1
clothing/shoes/shoes1773.jpg,1,clothing,shoes,1
clothing/shoes/shoes703.jpg,1,clothing,shoes,1
clothing/shoes/shoes1368.jpg,1,clothing,shoes,1
clothing/shoes/shoes310.jpg,1,clothing,shoes,1
clothing/shoes/shoes661.jpg,1,clothing,shoes,1
clothing/shoes/shoes1745.jpg,1,clothing,shoes,1
clothing/shoes/shoes1901.jpg,1,clothing,shoes,1
clothing/shoes/shoes1599.jpg,1,clothing,shoes,1
clothing/shoes/shoes1232.jpg,1,clothing,shoes,1
clothing/shoes/shoes421.jpg,1,clothing,shoes,1
clothing/shoes/shoes29.jpg,1,clothing,shoes,1
clothing/shoes/shoes678.jpg,1,clothing,shoes,1
clothing/shoes/shoes1652.jpg,1,clothing,shoes,1
clothing/shoes/shoes297.jpg,1,clothing,shoes,1
clothing/shoes/shoes154.jpg,1,clothing,shoes,1
clothing/shoes/shoes1365.jpg,1,clothing,shoes,1
clothing/shoes/shoes1710.jpg,1,clothing,shoes,1
clothing/shoes/shoes1884.jpg,1,clothing,shoes,1
clothing/shoes/shoes412.jpg,1,clothing,shoes,1
clothing/shoes/shoes1294.jpg,1,clothing,shoes,1
clothing/shoes/shoes615.jpg,1,clothing,shoes,1
clothing/shoes/shoes405.jpg,1,clothing,shoes,1
clothing/shoes/shoes977.jpg,1,clothing,shoes,1
clothing/shoes/shoes1748.jpg,1,clothing,shoes,1
clothing/shoes/shoes1730.jpg,1,clothing,shoes,1
clothing/shoes/shoes1625.jpg,1,clothing,shoes,1
clothing/shoes/shoes687.jpg,1,clothing,shoes,1
clothing/shoes/shoes481.jpg,1,clothing,shoes,1
clothing/shoes/shoes943.jpg,1,clothing,shoes,1
clothing/shoes/shoes1454.jpg,1,clothing,shoes,1
clothing/shoes/shoes1487.jpg,1,clothing,shoes,1
clothing/shoes/shoes230.jpg,1,clothing,shoes,1
clothing/shoes/shoes451.jpg,1,clothing,shoes,1
clothing/shoes/shoes1495.jpg,1,clothing,shoes,1
clothing/shoes/shoes1023.jpg,1,clothing,shoes,1
clothing/shoes/shoes113.jpg,1,clothing,shoes,1
clothing/shoes/shoes1017.jpg,1,clothing,shoes,1
clothing/shoes/shoes493.jpg,1,clothing,shoes,1
clothing/shoes/shoes91.jpg,1,clothing,shoes,1
clothing/shoes/shoes1186.jpg,1,clothing,shoes,1
clothing/shoes/shoes1684.jpg,1,clothing,shoes,1
clothing/shoes/shoes796.jpg,1,clothing,shoes,1
clothing/shoes/shoes1680.jpg,1,clothing,shoes,1
clothing/shoes/shoes396.jpg,1,clothing,shoes,1
clothing/shoes/shoes1412.jpg,1,clothing,shoes,1
clothing/shoes/shoes1019.jpg,1,clothing,shoes,1
clothing/shoes/shoes1018.jpg,1,clothing,shoes,1
clothing/shoes/shoes786.jpg,1,clothing,shoes,1
clothing/shoes/shoes933.jpg,1,clothing,shoes,1
clothing/shoes/shoes1373.jpg,1,clothing,shoes,1
clothing/shoes/shoes531.jpg,1,clothing,shoes,1
clothing/shoes/shoes191.jpg,1,clothing,shoes,1
clothing/shoes/shoes1202.jpg,1,clothing,shoes,1
clothing/shoes/shoes1478.jpg,1,clothing,shoes,1
clothing/shoes/shoes1622.jpg,1,clothing,shoes,1
clothing/shoes/shoes646.jpg,1,clothing,shoes,1
clothing/shoes/shoes225.jpg,1,clothing,shoes,1
clothing/shoes/shoes231.jpg,1,clothing,shoes,1
clothing/shoes/shoes1320.jpg,1,clothing,shoes,1
clothing/shoes/shoes676.jpg,1,clothing,shoes,1
clothing/shoes/shoes478.jpg,1,clothing,shoes,1
clothing/shoes/shoes1803.jpg,1,clothing,shoes,1
clothing/shoes/shoes248.jpg,1,clothing,shoes,1
clothing/shoes/shoes427.jpg,1,clothing,shoes,1
clothing/shoes/shoes1090.jpg,1,clothing,shoes,1
clothing/shoes/shoes1600.jpg,1,clothing,shoes,1
clothing/shoes/shoes649.jpg,1,clothing,shoes,1
clothing/shoes/shoes1228.jpg,1,clothing,shoes,1
clothing/shoes/shoes38.jpg,1,clothing,shoes,1
clothing/shoes/shoes1520.jpg,1,clothing,shoes,1
clothing/shoes/shoes550.jpg,1,clothing,shoes,1
clothing/shoes/shoes512.jpg,1,clothing,shoes,1
clothing/shoes/shoes1517.jpg,1,clothing,shoes,1
clothing/shoes/shoes965.jpg,1,clothing,shoes,1
clothing/shoes/shoes187.jpg,1,clothing,shoes,1
clothing/shoes/shoes243.jpg,1,clothing,shoes,1
clothing/shoes/shoes1576.jpg,1,clothing,shoes,1
clothing/shoes/shoes1375.jpg,1,clothing,shoes,1
clothing/shoes/shoes1462.jpg,1,clothing,shoes,1
clothing/shoes/shoes196.jpg,1,clothing,shoes,1
clothing/shoes/shoes74.jpg,1,clothing,shoes,1
clothing/shoes/shoes1204.jpg,1,clothing,shoes,1
clothing/shoes/shoes370.jpg,1,clothing,shoes,1
clothing/shoes/shoes272.jpg,1,clothing,shoes,1
clothing/shoes/shoes1867.jpg,1,clothing,shoes,1
clothing/shoes/shoes476.jpg,1,clothing,shoes,1
clothing/shoes/shoes1661.jpg,1,clothing,shoes,1
clothing/shoes/shoes288.jpg,1,clothing,shoes,1
clothing/shoes/shoes32.jpg,1,clothing,shoes,1
clothing/shoes/shoes961.jpg,1,clothing,shoes,1
clothing/shoes/shoes1791.jpg,1,clothing,shoes,1
clothing/shoes/shoes1595.jpg,1,clothing,shoes,1
clothing/shoes/shoes260.jpg,1,clothing,shoes,1
clothing/shoes/shoes404.jpg,1,clothing,shoes,1
clothing/shoes/shoes1031.jpg,1,clothing,shoes,1
clothing/shoes/shoes878.jpg,1,clothing,shoes,1
clothing/shoes/shoes1331.jpg,1,clothing,shoes,1
clothing/shoes/shoes22.jpg,1,clothing,shoes,1
clothing/shoes/shoes1961.jpg,1,clothing,shoes,1
clothing/shoes/shoes709.jpg,1,clothing,shoes,1
clothing/shoes/shoes1064.jpg,1,clothing,shoes,1
clothing/shoes/shoes1872.jpg,1,clothing,shoes,1
clothing/shoes/shoes807.jpg,1,clothing,shoes,1
clothing/shoes/shoes318.jpg,1,clothing,shoes,1
clothing/shoes/shoes1165.jpg,1,clothing,shoes,1
clothing/shoes/shoes39.jpg,1,clothing,shoes,1
clothing/shoes/shoes1522.jpg,1,clothing,shoes,1
clothing/shoes/shoes1751.jpg,1,clothing,shoes,1
clothing/shoes/shoes1502.jpg,1,clothing,shoes,1
clothing/shoes/shoes1461.jpg,1,clothing,shoes,1
clothing/shoes/shoes1854.jpg,1,clothing,shoes,1
clothing/shoes/shoes1086.jpg,1,clothing,shoes,1
clothing/shoes/shoes325.jpg,1,clothing,shoes,1
clothing/shoes/shoes1176.jpg,1,clothing,shoes,1
clothing/shoes/shoes1371.jpg,1,clothing,shoes,1
clothing/shoes/shoes1663.jpg,1,clothing,shoes,1
clothing/shoes/shoes896.jpg,1,clothing,shoes,1
clothing/shoes/shoes1351.jpg,1,clothing,shoes,1
clothing/shoes/shoes419.jpg,1,clothing,shoes,1
clothing/shoes/shoes1488.jpg,1,clothing,shoes,1
clothing/shoes/shoes869.jpg,1,clothing,shoes,1
clothing/shoes/shoes698.jpg,1,clothing,shoes,1
clothing/shoes/shoes1974.jpg,1,clothing,shoes,1
clothing/shoes/shoes464.jpg,1,clothing,shoes,1
clothing/shoes/shoes514.jpg,1,clothing,shoes,1
clothing/shoes/shoes1437.jpg,1,clothing,shoes,1
clothing/shoes/shoes642.jpg,1,clothing,shoes,1
clothing/shoes/shoes1665.jpg,1,clothing,shoes,1
clothing/shoes/shoes1550.jpg,1,clothing,shoes,1
clothing/shoes/shoes1682.jpg,1,clothing,shoes,1
clothing/shoes/shoes274.jpg,1,clothing,shoes,1
clothing/shoes/shoes559.jpg,1,clothing,shoes,1
clothing/shoes/shoes1792.jpg,1,clothing,shoes,1
clothing/shoes/shoes1767.jpg,1,clothing,shoes,1
clothing/shoes/shoes346.jpg,1,clothing,shoes,1
clothing/shoes/shoes1897.jpg,1,clothing,shoes,1
clothing/shoes/shoes1076.jpg,1,clothing,shoes,1
clothing/shoes/shoes622.jpg,1,clothing,shoes,1
clothing/shoes/shoes1668.jpg,1,clothing,shoes,1
clothing/shoes/shoes1440.jpg,1,clothing,shoes,1
clothing/shoes/shoes319.jpg,1,clothing,shoes,1
clothing/shoes/shoes1716.jpg,1,clothing,shoes,1
clothing/shoes/shoes910.jpg,1,clothing,shoes,1
clothing/shoes/shoes1917.jpg,1,clothing,shoes,1
clothing/shoes/shoes217.jpg,1,clothing,shoes,1
clothing/shoes/shoes1183.jpg,1,clothing,shoes,1
clothing/shoes/shoes1141.jpg,1,clothing,shoes,1
clothing/shoes/shoes242.jpg,1,clothing,shoes,1
clothing/shoes/shoes1315.jpg,1,clothing,shoes,1
clothing/shoes/shoes1208.jpg,1,clothing,shoes,1
clothing/shoes/shoes1911.jpg,1,clothing,shoes,1
clothing/shoes/shoes1553.jpg,1,clothing,shoes,1
clothing/shoes/shoes722.jpg,1,clothing,shoes,1
clothing/shoes/shoes1511.jpg,1,clothing,shoes,1
clothing/shoes/shoes667.jpg,1,clothing,shoes,1
clothing/shoes/shoes1843.jpg,1,clothing,shoes,1
clothing/shoes/shoes1968.jpg,1,clothing,shoes,1
clothing/shoes/shoes718.jpg,1,clothing,shoes,1
clothing/shoes/shoes1445.jpg,1,clothing,shoes,1
clothing/shoes/shoes1972.jpg,1,clothing,shoes,1
clothing/shoes/shoes813.jpg,1,clothing,shoes,1
clothing/shoes/shoes1703.jpg,1,clothing,shoes,1
clothing/shoes/shoes1615.jpg,1,clothing,shoes,1
clothing/shoes/shoes916.jpg,1,clothing,shoes,1
clothing/shoes/shoes1182.jpg,1,clothing,shoes,1
clothing/shoes/shoes129.jpg,1,clothing,shoes,1
clothing/shoes/shoes1532.jpg,1,clothing,shoes,1
clothing/shoes/shoes149.jpg,1,clothing,shoes,1
clothing/shoes/shoes1145.jpg,1,clothing,shoes,1
clothing/shoes/shoes860.jpg,1,clothing,shoes,1
clothing/shoes/shoes1636.jpg,1,clothing,shoes,1
clothing/shoes/shoes1736.jpg,1,clothing,shoes,1
clothing/shoes/shoes23.jpg,1,clothing,shoes,1
clothing/shoes/shoes216.jpg,1,clothing,shoes,1
clothing/shoes/shoes922.jpg,1,clothing,shoes,1
clothing/shoes/shoes95.jpg,1,clothing,shoes,1
clothing/shoes/shoes1003.jpg,1,clothing,shoes,1
clothing/shoes/shoes270.jpg,1,clothing,shoes,1
clothing/shoes/shoes928.jpg,1,clothing,shoes,1
clothing/shoes/shoes1285.jpg,1,clothing,shoes,1
clothing/shoes/shoes536.jpg,1,clothing,shoes,1
clothing/shoes/shoes1771.jpg,1,clothing,shoes,1
clothing/shoes/shoes1788.jpg,1,clothing,shoes,1
clothing/shoes/shoes1564.jpg,1,clothing,shoes,1
clothing/shoes/shoes357.jpg,1,clothing,shoes,1
clothing/shoes/shoes549.jpg,1,clothing,shoes,1
clothing/shoes/shoes881.jpg,1,clothing,shoes,1
clothing/shoes/shoes226.jpg,1,clothing,shoes,1
clothing/shoes/shoes200.jpg,1,clothing,shoes,1
clothing/shoes/shoes915.jpg,1,clothing,shoes,1
clothing/shoes/shoes907.jpg,1,clothing,shoes,1
clothing/shoes/shoes158.jpg,1,clothing,shoes,1
clothing/shoes/shoes171.jpg,1,clothing,shoes,1
clothing/shoes/shoes1753.jpg,1,clothing,shoes,1
clothing/shoes/shoes1343.jpg,1,clothing,shoes,1
clothing/shoes/shoes1946.jpg,1,clothing,shoes,1
clothing/shoes/shoes332.jpg,1,clothing,shoes,1
clothing/shoes/shoes755.jpg,1,clothing,shoes,1
clothing/shoes/shoes1149.jpg,1,clothing,shoes,1
clothing/shoes/shoes983.jpg,1,clothing,shoes,1
glass/transparent/transparent58.jpg,2,glass,transparent,1
glass/transparent/transparent13.jpg,2,glass,transparent,1
glass/transparent/transparent35.jpg,2,glass,transparent,1
glass/transparent/transparent322.jpg,2,glass,transparent,1
glass/transparent/transparent116.jpg,2,glass,transparent,1
glass/transparent/transparent611.jpg,2,glass,transparent,1
glass/transparent/transparent551.jpg,2,glass,transparent,1
glass/transparent/transparent503.jpg,2,glass,transparent,1
glass/transparent/transparent6.jpg,2,glass,transparent,1
glass/transparent/transparent651.jpg,2,glass,transparent,1
glass/transparent/transparent483.jpg,2,glass,transparent,1
glass/transparent/transparent752.jpg,2,glass,transparent,1
glass/transparent/transparent209.jpg,2,glass,transparent,1
glass/transparent/transparent74.jpg,2,glass,transparent,1
glass/transparent/transparent262.jpg,2,glass,transparent,1
glass/transparent/transparent543.jpg,2,glass,transparent,1
glass/transparent/transparent539.jpg,2,glass,transparent,1
glass/transparent/transparent284.jpg,2,glass,transparent,1
glass/transparent/transparent433.jpg,2,glass,transparent,1
glass/transparent/transparent475.jpg,2,glass,transparent,1
glass/transparent/transparent375.jpg,2,glass,transparent,1
glass/transparent/transparent238.jpg,2,glass,transparent,1
glass/transparent/transparent54.jpg,2,glass,transparent,1
glass/transparent/transparent423.jpg,2,glass,transparent,1
glass/transparent/transparent642.jpg,2,glass,transparent,1
glass/transparent/transparent577.jpg,2,glass,transparent,1
glass/transparent/transparent341.jpg,2,glass,transparent,1
glass/transparent/transparent439.jpg,2,glass,transparent,1
glass/transparent/transparent657.jpg,2,glass,transparent,1
glass/transparent/transparent681.jpg,2,glass,transparent,1
glass/transparent/transparent713.jpg,2,glass,transparent,1
glass/transparent/transparent323.jpg,2,glass,transparent,1
glass/transparent/transparent298.jpg,2,glass,transparent,1
glass/transparent/transparent270.jpg,2,glass,transparent,1
glass/transparent/transparent473.jpg,2,glass,transparent,1
glass/transparent/transparent83.jpg,2,glass,transparent,1
glass/transparent/transparent342.jpg,2,glass,transparent,1
glass/transparent/transparent316.jpg,2,glass,transparent,1
glass/transparent/transparent677.jpg,2,glass,transparent,1
glass/transparent/transparent325.jpg,2,glass,transparent,1
glass/transparent/transparent171.jpg,2,glass,transparent,1
glass/transparent/transparent314.jpg,2,glass,transparent,1
glass/transparent/transparent391.jpg,2,glass,transparent,1
glass/transparent/transparent725.jpg,2,glass,transparent,1
glass/transparent/transparent257.jpg,2,glass,transparent,1
glass/transparent/transparent99.jpg,2,glass,transparent,1
glass/transparent/transparent120.jpg,2,glass,transparent,1
glass/transparent/transparent497.jpg,2,glass,transparent,1
glass/transparent/transparent193.jpg,2,glass,transparent,1
glass/transparent/transparent267.jpg,2,glass,transparent,1
glass/transparent/transparent520.jpg,2,glass,transparent,1
glass/transparent/transparent183.jpg,2,glass,transparent,1
glass/transparent/transparent11.jpg,2,glass,transparent,1
glass/transparent/transparent134.jpg,2,glass,transparent,1
glass/transparent/transparent140.jpg,2,glass,transparent,1
glass/transparent/transparent81.jpg,2,glass,transparent,1
glass/transparent/transparent41.jpg,2,glass,transparent,1
glass/transparent/transparent643.jpg,2,glass,transparent,1
glass/transparent/transparent734.jpg,2,glass,transparent,1
glass/transparent/transparent418.jpg,2,glass,transparent,1
glass/transparent/transparent452.jpg,2,glass,transparent,1
glass/transparent/transparent350.jpg,2,glass,transparent,1
glass/transparent/transparent125.jpg,2,glass,transparent,1
glass/transparent/transparent565.jpg,2,glass,transparent,1
glass/transparent/transparent255.jpg,2,glass,transparent,1
glass/transparent/transparent685.jpg,2,glass,transparent,1
glass/transparent/transparent174.jpg,2,glass,transparent,1
glass/transparent/transparent612.jpg,2,glass,transparent,1
glass/transparent/transparent273.jpg,2,glass,transparent,1
glass/transparent/transparent335.jpg,2,glass,transparent,1
glass/transparent/transparent89.jpg,2,glass,transparent,1
glass/transparent/transparent633.jpg,2,glass,transparent,1
glass/transparent/transparent733.jpg,2,glass,transparent,1
glass/transparent/transparent260.jpg,2,glass,transparent,1
glass/transparent/transparent396.jpg,2,glass,transparent,1
glass/transparent/transparent263.jpg,2,glass,transparent,1
glass/transparent/transparent9.jpg,2,glass,transparent,1
glass/transparent/transparent765.jpg,2,glass,transparent,1
glass/transparent/transparent440.jpg,2,glass,transparent,1
glass/transparent/transparent393.jpg,2,glass,transparent,1
glass/transparent/transparent291.jpg,2,glass,transparent,1
glass/transparent/transparent34.jpg,2,glass,transparent,1
glass/transparent/transparent98.jpg,2,glass,transparent,1
glass/transparent/transparent494.jpg,2,glass,transparent,1
glass/transparent/transparent659.jpg,2,glass,transparent,1
glass/transparent/transparent324.jpg,2,glass,transparent,1
glass/transparent/transparent552.jpg,2,glass,transparent,1
glass/transparent/transparent359.jpg,2,glass,transparent,1
glass/transparent/transparent758.jpg,2,glass,transparent,1
glass/transparent/transparent479.jpg,2,glass,transparent,1
glass/transparent/transparent15.jpg,2,glass,transparent,1
glass/transparent/transparent770.jpg,2,glass,transparent,1
glass/transparent/transparent248.jpg,2,glass,transparent,1
glass/transparent/transparent487.jpg,2,glass,transparent,1
glass/transparent/transparent623.jpg,2,glass,transparent,1
glass/transparent/transparent253.jpg,2,glass,transparent,1
glass/transparent/transparent619.jpg,2,glass,transparent,1
glass/transparent/transparent117.jpg,2,glass,transparent,1
glass/transparent/transparent169.jpg,2,glass,transparent,1
glass/transparent/transparent53.jpg,2,glass,transparent,1
glass/transparent/transparent39.jpg,2,glass,transparent,1
glass/transparent/transparent653.jpg,2,glass,transparent,1
glass/transparent/transparent71.jpg,2,glass,transparent,1
glass/transparent/transparent522.jpg,2,glass,transparent,1
glass/transparent/transparent671.jpg,2,glass,transparent,1
glass/transparent/transparent621.jpg,2,glass,transparent,1
glass/transparent/transparent177.jpg,2,glass,transparent,1
glass/transparent/transparent442.jpg,2,glass,transparent,1
glass/transparent/transparent454.jpg,2,glass,transparent,1
glass/transparent/transparent97.jpg,2,glass,transparent,1
glass/transparent/transparent694.jpg,2,glass,transparent,1
glass/transparent/transparent714.jpg,2,glass,transparent,1
glass/transparent/transparent188.jpg,2,glass,transparent,1
glass/transparent/transparent597.jpg,2,glass,transparent,1
glass/transparent/transparent198.jpg,2,glass,transparent,1
glass/transparent/transparent395.jpg,2,glass,transparent,1
glass/transparent/transparent401.jpg,2,glass,transparent,1
glass/transparent/transparent650.jpg,2,glass,transparent,1
glass/transparent/transparent217.jpg,2,glass,transparent,1
glass/transparent/transparent456.jpg,2,glass,transparent,1
glass/transparent/transparent398.jpg,2,glass,transparent,1
glass/transparent/transparent191.jpg,2,glass,transparent,1
glass/transparent/transparent307.jpg,2,glass,transparent,1
glass/transparent/transparent290.jpg,2,glass,transparent,1
glass/transparent/transparent84.jpg,2,glass,transparent,1
glass/transparent/transparent584.jpg,2,glass,transparent,1
glass/transparent/transparent679.jpg,2,glass,transparent,1
glass/transparent/transparent506.jpg,2,glass,transparent,1
glass/transparent/transparent146.jpg,2,glass,transparent,1
glass/transparent/transparent250.jpg,2,glass,transparent,1
glass/transparent/transparent78.jpg,2,glass,transparent,1
glass/transparent/transparent461.jpg,2,glass,transparent,1
glass/transparent/transparent361.jpg,2,glass,transparent,1
glass/transparent/transparent656.jpg,2,glass,transparent,1
glass/transparent/transparent490.jpg,2,glass,transparent,1
glass/transparent/transparent661.jpg,2,glass,transparent,1
glass/transparent/transparent231.jpg,2,glass,transparent,1
glass/transparent/transparent469.jpg,2,glass,transparent,1
glass/transparent/transparent299.jpg,2,glass,transparent,1
glass/transparent/transparent92.jpg,2,glass,transparent,1
glass/transparent/transparent596.jpg,2,glass,transparent,1
glass/transparent/transparent123.jpg,2,glass,transparent,1
glass/transparent/transparent625.jpg,2,glass,transparent,1
glass/transparent/transparent646.jpg,2,glass,transparent,1
glass/transparent/transparent202.jpg,2,glass,transparent,1
glass/transparent/transparent399.jpg,2,glass,transparent,1
glass/transparent/transparent302.jpg,2,glass,transparent,1
glass/transparent/transparent745.jpg,2,glass,transparent,1
glass/transparent/transparent585.jpg,2,glass,transparent,1
glass/transparent/transparent594.jpg,2,glass,transparent,1
glass/transparent/transparent93.jpg,2,glass,transparent,1
glass/transparent/transparent29.jpg,2,glass,transparent,1
glass/transparent/transparent753.jpg,2,glass,transparent,1
glass/transparent/transparent667.jpg,2,glass,transparent,1
glass/transparent/transparent372.jpg,2,glass,transparent,1
glass/brown/brown598.jpg,2,glass,brown,1
glass/brown/brown169.jpg,2,glass,brown,1
glass/brown/brown268.jpg,2,glass,brown,1
glass/brown/brown596.jpg,2,glass,brown,1
glass/brown/brown437.jpg,2,glass,brown,1
glass/brown/brown250.jpg,2,glass,brown,1
glass/brown/brown401.jpg,2,glass,brown,1
glass/brown/brown221.jpg,2,glass,brown,1
glass/brown/brown463.jpg,2,glass,brown,1
glass/brown/brown549.jpg,2,glass,brown,1
glass/brown/brown350.jpg,2,glass,brown,1
glass/brown/brown312.jpg,2,glass,brown,1
glass/brown/brown150.jpg,2,glass,brown,1
glass/brown/brown488.jpg,2,glass,brown,1
glass/brown/brown324.jpg,2,glass,brown,1
glass/brown/brown384.jpg,2,glass,brown,1
glass/brown/brown530.jpg,2,glass,brown,1
glass/brown/brown26.jpg,2,glass,brown,1
glass/brown/brown584.jpg,2,glass,brown,1
glass/brown/brown319.jpg,2,glass,brown,1
glass/brown/brown442.jpg,2,glass,brown,1
glass/brown/brown254.jpg,2,glass,brown,1
glass/brown/brown341.jpg,2,glass,brown,1
glass/brown/brown91.jpg,2,glass,brown,1
glass/brown/brown461.jpg,2,glass,brown,1
glass/brown/brown440.jpg,2,glass,brown,1
glass/brown/brown219.jpg,2,glass,brown,1
glass/brown/brown82.jpg,2,glass,brown,1
glass/brown/brown483.jpg,2,glass,brown,1
glass/brown/brown580.jpg,2,glass,brown,1
glass/brown/brown159.jpg,2,glass,brown,1
glass/brown/brown471.jpg,2,glass,brown,1
glass/brown/brown337.jpg,2,glass,brown,1
glass/brown/brown489.jpg,2,glass,brown,1
glass/brown/brown515.jpg,2,glass,brown,1
glass/brown/brown451.jpg,2,glass,brown,1
glass/brown/brown167.jpg,2,glass,brown,1
glass/brown/brown315.jpg,2,glass,brown,1
glass/brown/brown309.jpg,2,glass,brown,1
glass/brown/brown529.jpg,2,glass,brown,1
glass/brown/brown118.jpg,2,glass,brown,1
glass/brown/brown328.jpg,2,glass,brown,1
glass/brown/brown480.jpg,2,glass,brown,1
glass/brown/brown108.jpg,2,glass,brown,1
glass/brown/brown374.jpg,2,glass,brown,1
glass/brown/brown182.jpg,2,glass,brown,1
glass/brown/brown418.jpg,2,glass,brown,1
glass/brown/brown522.jpg,2,glass,brown,1
glass/brown/brown200.jpg,2,glass,brown,1
glass/brown/brown162.jpg,2,glass,brown,1
glass/brown/brown41.jpg,2,glass,brown,1
glass/brown/brown462.jpg,2,glass,brown,1
glass/brown/brown257.jpg,2,glass,brown,1
glass/brown/brown231.jpg,2,glass,brown,1
glass/brown/brown151.jpg,2,glass,brown,1
glass/brown/brown205.jpg,2,glass,brown,1
glass/brown/brown391.jpg,2,glass,brown,1
glass/brown/brown100.jpg,2,glass,brown,1
glass/brown/brown334.jpg,2,glass,brown,1
glass/brown/brown564.jpg,2,glass,brown,1
glass/brown/brown339.jpg,2,glass,brown,1
glass/brown/brown129.jpg,2,glass,brown,1
glass/brown/brown5.jpg,2,glass,brown,1
glass/brown/brown357.jpg,2,glass,brown,1
glass/brown/brown161.jpg,2,glass,brown,1
glass/brown/brown1.jpg,2,glass,brown,1
glass/brown/brown411.jpg,2,glass,brown,1
glass/brown/brown477.jpg,2,glass,brown,1
glass/brown/brown589.jpg,2,glass,brown,1
glass/brown/brown139.jpg,2,glass,brown,1
glass/brown/brown356.jpg,2,glass,brown,1
glass/brown/brown537.jpg,2,glass,brown,1
glass/brown/brown329.jpg,2,glass,brown,1
glass/brown/brown520.jpg,2,glass,brown,1
glass/brown/brown248.jpg,2,glass,brown,1
glass/brown/brown48.jpg,2,glass,brown,1
glass/brown/brown208.jpg,2,glass,brown,1
glass/brown/brown575.jpg,2,glass,brown,1
glass/brown/brown123.jpg,2,glass,brown,1
glass/brown/brown371.jpg,2,glass,brown,1
glass/brown/brown21.jpg,2,glass,brown,1
glass/brown/brown603.jpg,2,glass,brown,1
glass/brown/brown96.jpg,2,glass,brown,1
glass/brown/brown582.jpg,2,glass,brown,1
glass/brown/brown311.jpg,2,glass,brown,1
glass/brown/brown280.jpg,2,glass,brown,1
glass/brown/brown126.jpg,2,glass,brown,1
glass/brown/brown198.jpg,2,glass,brown,1
glass/brown/brown513.jpg,2,glass,brown,1
glass/brown/brown514.jpg,2,glass,brown,1
glass/brown/brown396.jpg,2,glass,brown,1
glass/brown/brown533.jpg,2,glass,brown,1
glass/brown/brown585.jpg,2,glass,brown,1
glass/brown/brown158.jpg,2,glass,brown,1
glass/brown/brown410.jpg,2,glass,brown,1
glass/brown/brown521.jpg,2,glass,brown,1
glass/brown/brown538.jpg,2,glass,brown,1
glass/brown/brown9.jpg,2,glass,brown,1
glass/brown/brown528.jpg,2,glass,brown,1
glass/brown/brown78.jpg,2,glass,brown,1
glass/brown/brown174.jpg,2,glass,brown,1
glass/brown/brown508.jpg,2,glass,brown,1
glass/brown/brown190.jpg,2,glass,brown,1
glass/brown/brown252.jpg,2,glass,brown,1
glass/brown/brown378.jpg,2,glass,brown,1
glass/brown/brown42.jpg,2,glass,brown,1
glass/brown/brown269.jpg,2,glass,brown,1
glass/brown/brown443.jpg,2,glass,brown,1
glass/brown/brown323.jpg,2,glass,brown,1
glass/brown/brown570.jpg,2,glass,brown,1
glass/brown/brown606.jpg,2,glass,brown,1
glass/brown/brown433.jpg,2,glass,brown,1
glass/brown/brown136.jpg,2,glass,brown,1
glass/brown/brown485.jpg,2,glass,brown,1
glass/brown/brown297.jpg,2,glass,brown,1
glass/brown/brown69.jpg,2,glass,brown,1
glass/brown/brown115.jpg,2,glass,brown,1
glass/brown/brown313.jpg,2,glass,brown,1
glass/brown/brown331.jpg,2,glass,brown,1
glass/brown/brown445.jpg,2,glass,brown,1
glass/brown/brown185.jpg,2,glass,brown,1
glass/green/green140.jpg,2,glass,green,1
glass/green/green571.jpg,2,glass,green,1
glass/green/green50.jpg,2,glass,green,1
glass/green/green592.jpg,2,glass,green,1
glass/green/green295.jpg,2,glass,green,1
glass/green/green1.jpg,2,glass,green,1
glass/green/green515.jpg,2,glass,green,1
glass/green/green130.jpg,2,glass,green,1
glass/green/green438.jpg,2,glass,green,1
glass/green/green160.jpg,2,glass,green,1
glass/green/green95.jpg,2,glass,green,1
glass/green/green467.jpg,2,glass,green,1
glass/green/green135.jpg,2,glass,green,1
glass/green/green108.jpg,2,glass,green,1
glass/green/green344.jpg,2,glass,green,1
glass/green/green90.jpg,2,glass,green,1
glass/green/green283.jpg,2,glass,green,1
glass/green/green72.jpg,2,glass,green,1
glass/green/green104.jpg,2,glass,green,1
glass/green/green470.jpg,2,glass,green,1
glass/green/green465.jpg,2,glass,green,1
glass/green/green432.jpg,2,glass,green,1
glass/green/green114.jpg,2,glass,green,1
glass/green/green461.jpg,2,glass,green,1
glass/green/green297.jpg,2,glass,green,1
glass/green/green559.jpg,2,glass,green,1
glass/green/green39.jpg,2,glass,green,1
glass/green/green7.jpg,2,glass,green,1
glass/green/green293.jpg,2,glass,green,1
glass/green/green392.jpg,2,glass,green,1
glass/green/green58.jpg,2,glass,green,1
glass/green/green419.jpg,2,glass,green,1
glass/green/green507.jpg,2,glass,green,1
glass/green/green551.jpg,2,glass,green,1
glass/green/green479.jpg,2,glass,green,1
glass/green/green89.jpg,2,glass,green,1
glass/green/green434.jpg,2,glass,green,1
glass/green/green243.jpg,2,glass,green,1
glass/green/green609.jpg,2,glass,green,1
glass/green/green59.jpg,2,glass,green,1
glass/green/green469.jpg,2,glass,green,1
glass/green/green612.jpg,2,glass,green,1
glass/green/green335.jpg,2,glass,green,1
glass/green/green338.jpg,2,glass,green,1
glass/green/green410.jpg,2,glass,green,1
glass/green/green234.jpg,2,glass,green,1
glass/green/green513.jpg,2,glass,green,1
glass/green/green355.jpg,2,glass,green,1
glass/green/green44.jpg,2,glass,green,1
glass/green/green111.jpg,2,glass,green,1
glass/green/green41.jpg,2,glass,green,1
glass/green/green86.jpg,2,glass,green,1
glass/green/green57.jpg,2,glass,green,1
glass/green/green517.jpg,2,glass,green,1
glass/green/green144.jpg,2,glass,green,1
glass/green/green435.jpg,2,glass,green,1
glass/green/green184.jpg,2,glass,green,1
glass/green/green318.jpg,2,glass,green,1
glass/green/green495.jpg,2,glass,green,1
glass/green/green286.jpg,2,glass,green,1
glass/green/green210.jpg,2,glass,green,1
glass/green/green451.jpg,2,glass,green,1
glass/green/green63.jpg,2,glass,green,1
glass/green/green229.jpg,2,glass,green,1
glass/green/green25.jpg,2,glass,green,1
glass/green/green309.jpg,2,glass,green,1
glass/green/green196.jpg,2,glass,green,1
glass/green/green247.jpg,2,glass,green,1
glass/green/green120.jpg,2,glass,green,1
glass/green/green136.jpg,2,glass,green,1
glass/green/green207.jpg,2,glass,green,1
glass/green/green137.jpg,2,glass,green,1
glass/green/green102.jpg,2,glass,green,1
glass/green/green509.jpg,2,glass,green,1
glass/green/green87.jpg,2,glass,green,1
glass/green/green257.jpg,2,glass,green,1
glass/green/green239.jpg,2,glass,green,1
glass/green/green616.jpg,2,glass,green,1
glass/green/green287.jpg,2,glass,green,1
glass/green/green109.jpg,2,glass,green,1
glass/green/green463.jpg,2,glass,green,1
glass/green/green280.jpg,2,glass,green,1
glass/green/green331.jpg,2,glass,green,1
glass/green/green225.jpg,2,glass,green,1
glass/green/green166.jpg,2,glass,green,1
glass/green/green365.jpg,2,glass,green,1
glass/green/green388.jpg,2,glass,green,1
glass/green/green401.jpg,2,glass,green,1
glass/green/green553.jpg,2,glass,green,1
glass/green/green373.jpg,2,glass,green,1
glass/green/green538.jpg,2,glass,green,1
glass/green/green157.jpg,2,glass,green,1
glass/green/green316.jpg,2,glass,green,1
glass/green/green351.jpg,2,glass,green,1
glass/green/green168.jpg,2,glass,green,1
glass/green/green382.jpg,2,glass,green,1
glass/green/green322.jpg,2,glass,green,1
glass/green/green417.jpg,2,glass,green,1
glass/green/green52.jpg,2,glass,green,1
glass/green/green566.jpg,2,glass,green,1
glass/green/green200.jpg,2,glass,green,1
glass/green/green13.jpg,2,glass,green,1
glass/green/green218.jpg,2,glass,green,1
glass/green/green442.jpg,2,glass,green,1
glass/green/green588.jpg,2,glass,green,1
glass/green/green172.jpg,2,glass,green,1
glass/green/green341.jpg,2,glass,green,1
glass/green/green142.jpg,2,glass,green,1
glass/green/green356.jpg,2,glass,green,1
glass/green/green340.jpg,2,glass,green,1
glass/green/green312.jpg,2,glass,green,1
glass/green/green254.jpg,2,glass,green,1
glass/green/green499.jpg,2,glass,green,1
glass/green/green258.jpg,2,glass,green,1
glass/green/green242.jpg,2,glass,green,1
glass/green/green414.jpg,2,glass,green,1
glass/green/green279.jpg,2,glass,green,1
glass/green/green233.jpg,2,glass,green,1
glass/green/green514.jpg,2,glass,green,1
glass/green/green348.jpg,2,glass,green,1
glass/green/green582.jpg,2,glass,green,1
glass/green/green53.jpg,2,glass,green,1
glass/green/green502.jpg,2,glass,green,1
glass/green/green339.jpg,2,glass,green,1
glass/green/green202.jpg,2,glass,green,1
glass/green/green389.jpg,2,glass,green,1
metal/metal640.jpg,3,metal,metal,1
metal/metal265.jpg,3,metal,metal,1
metal/metal712.jpg,3,metal,metal,1
metal/metal324.jpg,3,metal,metal,1
metal/metal98.jpg,3,metal,metal,1
metal/metal141.jpg,3,metal,metal,1
metal/metal49.jpg,3,metal,metal,1
metal/metal542.jpg,3,metal,metal,1
metal/metal561.jpg,3,metal,metal,1
metal/metal629.jpg,3,metal,metal,1
metal/metal604.jpg,3,metal,metal,1
metal/metal334.jpg,3,metal,metal,1
metal/metal7.jpg,3,metal,metal,1
metal/metal285.jpg,3,metal,metal,1
metal/metal85.jpg,3,metal,metal,1
metal/metal146.jpg,3,metal,metal,1
metal/metal517.jpg,3,metal,metal,1
metal/metal390.jpg,3,metal,metal,1
metal/metal318.jpg,3,metal,metal,1
metal/metal148.jpg,3,metal,metal,1
metal/metal292.jpg,3,metal,metal,1
metal/metal644.jpg,3,metal,metal,1
metal/metal157.jpg,3,metal,metal,1
metal/metal342.jpg,3,metal,metal,1
metal/metal706.jpg,3,metal,metal,1
metal/metal76.jpg,3,metal,metal,1
metal/metal463.jpg,3,metal,metal,1
metal/metal239.jpg,3,metal,metal,1
metal/metal184.jpg,3,metal,metal,1
metal/metal717.jpg,3,metal,metal,1
metal/metal439.jpg,3,metal,metal,1
metal/metal587.jpg,3,metal,metal,1
metal/metal531.jpg,3,metal,metal,1
metal/metal573.jpg,3,metal,metal,1
metal/metal131.jpg,3,metal,metal,1
metal/metal420.jpg,3,metal,metal,1
metal/metal668.jpg,3,metal,metal,1
metal/metal477.jpg,3,metal,metal,1
metal/metal297.jpg,3,metal,metal,1
metal/metal66.jpg,3,metal,metal,1
metal/metal457.jpg,3,metal,metal,1
metal/metal336.jpg,3,metal,metal,1
metal/metal539.jpg,3,metal,metal,1
metal/metal213.jpg,3,metal,metal,1
metal/metal614.jpg,3,metal,metal,1
metal/metal373.jpg,3,metal,metal,1
metal/metal276.jpg,3,metal,metal,1
metal/metal291.jpg,3,metal,metal,1
metal/metal662.jpg,3,metal,metal,1
metal/metal677.jpg,3,metal,metal,1
metal/metal690.jpg,3,metal,metal,1
metal/metal708.jpg,3,metal,metal,1
metal/metal88.jpg,3,metal,metal,1
metal/metal722.jpg,3,metal,metal,1
metal/metal71.jpg,3,metal,metal,1
metal/metal60.jpg,3,metal,metal,1
metal/metal22.jpg,3,metal,metal,1
metal/metal697.jpg,3,metal,metal,1
metal/metal243.jpg,3,metal,metal,1
metal/metal115.jpg,3,metal,metal,1
metal/metal378.jpg,3,metal,metal,1
metal/metal321.jpg,3,metal,metal,1
metal/metal724.jpg,3,metal,metal,1
metal/metal67.jpg,3,metal,metal,1
metal/metal628.jpg,3,metal,metal,1
metal/metal328.jpg,3,metal,metal,1
metal/metal64.jpg,3,metal,metal,1
metal/metal392.jpg,3,metal,metal,1
metal/metal135.jpg,3,metal,metal,1
metal/metal744.jpg,3,metal,metal,1
metal/metal423.jpg,3,metal,metal,1
metal/metal703.jpg,3,metal,metal,1
metal/metal467.jpg,3,metal,metal,1
metal/metal177.jpg,3,metal,metal,1
metal/metal375.jpg,3,metal,metal,1
metal/metal12.jpg,3,metal,metal,1
metal/metal762.jpg,3,metal,metal,1
metal/metal579.jpg,3,metal,metal,1
metal/metal62.jpg,3,metal,metal,1
metal/metal214.jpg,3,metal,metal,1
metal/metal726.jpg,3,metal,metal,1
metal/metal151.jpg,3,metal,metal,1
metal/metal346.jpg,3,metal,metal,1
metal/metal279.jpg,3,metal,metal,1
metal/metal376.jpg,3,metal,metal,1
metal/metal405.jpg,3,metal,metal,1
metal/metal431.jpg,3,metal,metal,1
metal/metal691.jpg,3,metal,metal,1
metal/metal730.jpg,3,metal,metal,1
metal/metal298.jpg,3,metal,metal,1
metal/metal397.jpg,3,metal,metal,1
metal/metal275.jpg,3,metal,metal,1
metal/metal638.jpg,3,metal,metal,1
metal/metal767.jpg,3,metal,metal,1
metal/metal437.jpg,3,metal,metal,1
metal/metal486.jpg,3,metal,metal,1
metal/metal632.jpg,3,metal,metal,1
metal/metal261.jpg,3,metal,metal,1
metal/metal694.jpg,3,metal,metal,1
metal/metal489.jpg,3,metal,metal,1
metal/metal613.jpg,3,metal,metal,1
metal/metal409.jpg,3,metal,metal,1
metal/metal5.jpg,3,metal,metal,1
metal/metal230.jpg,3,metal,metal,1
metal/metal760.jpg,3,metal,metal,1
metal/metal394.jpg,3,metal,metal,1
metal/metal185.jpg,3,metal,metal,1
metal/metal182.jpg,3,metal,metal,1
metal/metal495.jpg,3,metal,metal,1
metal/metal591.jpg,3,metal,metal,1
metal/metal557.jpg,3,metal,metal,1
metal/metal132.jpg,3,metal,metal,1
metal/metal476.jpg,3,metal,metal,1
metal/metal548.jpg,3,metal,metal,1
metal/metal395.jpg,3,metal,metal,1
metal/metal624.jpg,3,metal,metal,1
metal/metal468.jpg,3,metal,metal,1
metal/metal616.jpg,3,metal,metal,1
metal/metal92.jpg,3,metal,metal,1
metal/metal344.jpg,3,metal,metal,1
metal/metal428.jpg,3,metal,metal,1
metal/metal53.jpg,3,metal,metal,1
metal/metal221.jpg,3,metal,metal,1
metal/metal145.jpg,3,metal,metal,1
metal/metal207.jpg,3,metal,metal,1
metal/metal659.jpg,3,metal,metal,1
metal/metal35.jpg,3,metal,metal,1
metal/metal440.jpg,3,metal,metal,1
metal/metal175.jpg,3,metal,metal,1
metal/metal574.jpg,3,metal,metal,1
metal/metal759.jpg,3,metal,metal,1
metal/metal560.jpg,3,metal,metal,1
metal/metal658.jpg,3,metal,metal,1
metal/metal90.jpg,3,metal,metal,1
metal/metal73.jpg,3,metal,metal,1
metal/metal259.jpg,3,metal,metal,1
metal/metal368.jpg,3,metal,metal,1
metal/metal631.jpg,3,metal,metal,1
metal/metal470.jpg,3,metal,metal,1
metal/metal634.jpg,3,metal,metal,1
metal/metal235.jpg,3,metal,metal,1
metal/metal455.jpg,3,metal,metal,1
metal/metal354.jpg,3,metal,metal,1
metal/metal747.jpg,3,metal,metal,1
metal/metal475.jpg,3,metal,metal,1
metal/metal302.jpg,3,metal,metal,1
metal/metal99.jpg,3,metal,metal,1
metal/metal479.jpg,3,metal,metal,1
metal/metal55.jpg,3,metal,metal,1
metal/metal201.jpg,3,metal,metal,1
metal/metal142.jpg,3,metal,metal,1
metal/metal65.jpg,3,metal,metal,1
metal/metal51.jpg,3,metal,metal,1
metal/metal570.jpg,3,metal,metal,1
organic/organic225.jpg,4,organic,organic,1
organic/organic66.jpg,4,organic,organic,1
organic/organic430.jpg,4,organic,organic,1
organic/organic394.jpg,4,organic,organic,1
organic/organic980.jpg,4,organic,organic,1
organic/organic88.jpg,4,organic,organic,1
organic/organic975.jpg,4,organic,organic,1
organic/organic56.jpg,4,organic,organic,1
organic/organic495.jpg,4,organic,organic,1
organic/organic522.jpg,4,organic,organic,1
organic/organic380.jpg,4,organic,organic,1
organic/organic837.jpg,4,organic,organic,1
organic/organic901.jpg,4,organic,organic,1
organic/organic774.jpg,4,organic,organic,1
organic/organic104.jpg,4,organic,organic,1
organic/organic55.jpg,4,organic,organic,1
organic/organic809.jpg,4,organic,organic,1
organic/organic26.jpg,4,organic,organic,1
organic/organic142.jpg,4,organic,organic,1
organic/organic829.jpg,4,organic,organic,1
organic/organic327.jpg,4,organic,organic,1
organic/organic905.jpg,4,organic,organic,1
organic/organic256.jpg,4,organic,organic,1
organic/organic287.jpg,4,organic,organic,1
organic/organic933.jpg,4,organic,organic,1
organic/organic218.jpg,4,organic,organic,1
organic/organic210.jpg,4,organic,organic,1
organic/organic215.jpg,4,organic,organic,1
organic/organic37.jpg,4,organic,organic,1
organic/organic622.jpg,4,organic,organic,1
organic/organic112.jpg,4,organic,organic,1
organic/organic383.jpg,4,organic,organic,1
organic/organic792.jpg,4,organic,organic,1
organic/organic915.jpg,4,organic,organic,1
organic/organic255.jpg,4,organic,organic,1
organic/organic618.jpg,4,organic,organic,1
organic/organic860.jpg,4,organic,organic,1
organic/organic521.jpg,4,organic,organic,1
organic/organic196.jpg,4,organic,organic,1
organic/organic119.jpg,4,organic,organic,1
organic/organic280.jpg,4,organic,organic,1
organic/organic182.jpg,4,organic,organic,1
organic/organic665.jpg,4,organic,organic,1
organic/organic227.jpg,4,organic,organic,1
organic/organic252.jpg,4,organic,organic,1
organic/organic405.jpg,4,organic,organic,1
organic/organic941.jpg,4,organic,organic,1
organic/organic646.jpg,4,organic,organic,1
organic/organic942.jpg,4,organic,organic,1
organic/organic61.jpg,4,organic,organic,1
organic/organic298.jpg,4,organic,organic,1
organic/organic5.jpg,4,organic,organic,1
organic/organic621.jpg,4,organic,organic,1
organic/organic516.jpg,4,organic,organic,1
organic/organic363.jpg,4,organic,organic,1
organic/organic577.jpg,4,organic,organic,1
organic/organic604.jpg,4,organic,organic,1
organic/organic788.jpg,4,organic,organic,1
organic/organic432.jpg,4,organic,organic,1
organic/organic785.jpg,4,organic,organic,1
organic/organic939.jpg,4,organic,organic,1
organic/organic418.jpg,4,organic,organic,1
organic/organic851.jpg,4,organic,organic,1
organic/organic154.jpg,4,organic,organic,1
organic/organic247.jpg,4,organic,organic,1
organic/organic884.jpg,4,organic,organic,1
organic/organic804.jpg,4,organic,organic,1
organic/organic895.jpg,4,organic,organic,1
organic/organic366.jpg,4,organic,organic,1
organic/organic655.jpg,4,organic,organic,1
organic/organic358.jpg,4,organic,organic,1
organic/organic543.jpg,4,organic,organic,1
organic/organic883.jpg,4,organic,organic,1
organic/organic62.jpg,4,organic,organic,1
organic/organic434.jpg,4,organic,organic,1
organic/organic981.jpg,4,organic,organic,1
organic/organic96.jpg,4,organic,organic,1
organic/organic6.jpg,4,organic,organic,1
organic/organic728.jpg,4,organic,organic,1
organic/organic926.jpg,4,organic,organic,1
organic/organic3.jpg,4,organic,organic,1
organic/organic301.jpg,4,organic,organic,1
organic/organic524.jpg,4,organic,organic,1
organic/organic207.jpg,4,organic,organic,1
organic/organic397.jpg,4,organic,organic,1
organic/organic438.jpg,4,organic,organic,1
organic/organic77.jpg,4,organic,organic,1
organic/organic19.jpg,4,organic,organic,1
organic/organic797.jpg,4,organic,organic,1
organic/organic689.jpg,4,organic,organic,1
organic/organic448.jpg,4,organic,organic,1
organic/organic165.jpg,4,organic,organic,1
organic/organic742.jpg,4,organic,organic,1
organic/organic89.jpg,4,organic,organic,1
organic/organic948.jpg,4,organic,organic,1
organic/organic92.jpg,4,organic,organic,1
organic/organic122.jpg,4,organic,organic,1
organic/organic53.jpg,4,organic,organic,1
organic/organic475.jpg,4,organic,organic,1
organic/organic286.jpg,4,organic,organic,1
organic/organic735.jpg,4,organic,organic,1
organic/organic209.jpg,4,organic,organic,1
organic/organic21.jpg,4,organic,organic,1
organic/organic687.jpg,4,organic,organic,1
organic/organic703.jpg,4,organic,organic,1
organic/organic771.jpg,4,organic,organic,1
organic/organic800.jpg,4,organic,organic,1
organic/organic267.jpg,4,organic,organic,1
organic/organic268.jpg,4,organic,organic,1
organic/organic619.jpg,4,organic,organic,1
organic/organic593.jpg,4,organic,organic,1
organic/organic943.jpg,4,organic,organic,1
organic/organic81.jpg,4,organic,organic,1
organic/organic563.jpg,4,organic,organic,1
organic/organic473.jpg,4,organic,organic,1
organic/organic657.jpg,4,organic,organic,1
organic/organic439.jpg,4,organic,organic,1
organic/organic148.jpg,4,organic,organic,1
organic/organic519.jpg,4,organic,organic,1
organic/organic955.jpg,4,organic,organic,1
organic/organic550.jpg,4,organic,organic,1
organic/organic967.jpg,4,organic,organic,1
organic/organic956.jpg,4,organic,organic,1
organic/organic461.jpg,4,organic,organic,1
organic/organic388.jpg,4,organic,organic,1
organic/organic212.jpg,4,organic,organic,1
organic/organic673.jpg,4,organic,organic,1
organic/organic395.jpg,4,organic,organic,1
organic/organic688.jpg,4,organic,organic,1
organic/organic147.jpg,4,organic,organic,1
organic/organic404.jpg,4,organic,organic,1
organic/organic874.jpg,4,organic,organic,1
organic/organic888.jpg,4,organic,organic,1
organic/organic567.jpg,4,organic,organic,1
organic/organic180.jpg,4,organic,organic,1
organic/organic27.jpg,4,organic,organic,1
organic/organic923.jpg,4,organic,organic,1
organic/organic503.jpg,4,organic,organic,1
organic/organic839.jpg,4,organic,organic,1
organic/organic610.jpg,4,organic,organic,1
organic/organic443.jpg,4,organic,organic,1
organic/organic8.jpg,4,organic,organic,1
organic/organic746.jpg,4,organic,organic,1
organic/organic548.jpg,4,organic,organic,1
organic/organic878.jpg,4,organic,organic,1
organic/organic146.jpg,4,organic,organic,1
organic/organic14.jpg,4,organic,organic,1
organic/organic326.jpg,4,organic,organic,1
organic/organic666.jpg,4,organic,organic,1
organic/organic806.jpg,4,organic,organic,1
organic/organic641.jpg,4,organic,organic,1
organic/organic251.jpg,4,organic,organic,1
organic/organic93.jpg,4,organic,organic,1
organic/organic660.jpg,4,organic,organic,1
organic/organic900.jpg,4,organic,organic,1
organic/organic928.jpg,4,organic,organic,1
organic/organic440.jpg,4,organic,organic,1
organic/organic711.jpg,4,organic,organic,1
organic/organic640.jpg,4,organic,organic,1
organic/organic872.jpg,4,organic,organic,1
organic/organic90.jpg,4,organic,organic,1
organic/organic555.jpg,4,organic,organic,1
organic/organic114.jpg,4,organic,organic,1
organic/organic602.jpg,4,organic,organic,1
organic/organic530.jpg,4,organic,organic,1
organic/organic831.jpg,4,organic,organic,1
organic/organic898.jpg,4,organic,organic,1
organic/organic594.jpg,4,organic,organic,1
organic/organic910.jpg,4,organic,organic,1
organic/organic803.jpg,4,organic,organic,1
organic/organic566.jpg,4,organic,organic,1
organic/organic69.jpg,4,organic,organic,1
organic/organic79.jpg,4,organic,organic,1
organic/organic504.jpg,4,organic,organic,1
organic/organic45.jpg,4,organic,organic,1
organic/organic765.jpg,4,organic,organic,1
organic/organic425.jpg,4,organic,organic,1
organic/organic856.jpg,4,organic,organic,1
organic/organic798.jpg,4,organic,organic,1
organic/organic87.jpg,4,organic,organic,1
organic/organic263.jpg,4,organic,organic,1
organic/organic843.jpg,4,organic,organic,1
organic/organic808.jpg,4,organic,organic,1
organic/organic402.jpg,4,organic,organic,1
organic/organic588.jpg,4,organic,organic,1
organic/organic827.jpg,4,organic,organic,1
organic/organic635.jpg,4,organic,organic,1
organic/organic376.jpg,4,organic,organic,1
organic/organic206.jpg,4,organic,organic,1
organic/organic581.jpg,4,organic,organic,1
organic/organic48.jpg,4,organic,organic,1
organic/organic708.jpg,4,organic,organic,1
organic/organic761.jpg,4,organic,organic,1
organic/organic864.jpg,4,organic,organic,1
organic/organic936.jpg,4,organic,organic,1
organic/organic678.jpg,4,organic,organic,1
organic/organic726.jpg,4,organic,organic,1
papery/cardboard/cardboard112.jpg,5,papery,cardboard,1
papery/cardboard/cardboard245.jpg,5,papery,cardboard,1
papery/cardboard/cardboard537.jpg,5,papery,cardboard,1
papery/cardboard/cardboard814.jpg,5,papery,cardboard,1
papery/cardboard/cardboard399.jpg,5,papery,cardboard,1
papery/cardboard/cardboard786.jpg,5,papery,cardboard,1
papery/cardboard/cardboard549.jpg,5,papery,cardboard,1
papery/cardboard/cardboard756.jpg,5,papery,cardboard,1
papery/cardboard/cardboard641.jpg,5,papery,cardboard,1
papery/cardboard/cardboard661.jpg,5,papery,cardboard,1
papery/cardboard/cardboard829.jpg,5,papery,cardboard,1
papery/cardboard/cardboard824.jpg,5,papery,cardboard,1
papery/cardboard/cardboard372.jpg,5,papery,cardboard,1
papery/cardboard/cardboard292.jpg,5,papery,cardboard,1
papery/cardboard/cardboard89.jpg,5,papery,cardboard,1
papery/cardboard/cardboard69.jpg,5,papery,cardboard,1
papery/cardboard/cardboard472.jpg,5,papery,cardboard,1
papery/cardboard/cardboard671.jpg,5,papery,cardboard,1
papery/cardboard/cardboard483.jpg,5,papery,cardboard,1
papery/cardboard/cardboard243.jpg,5,papery,cardboard,1
papery/cardboard/cardboard141.jpg,5,papery,cardboard,1
papery/cardboard/cardboard81.jpg,5,papery,cardboard,1
papery/cardboard/cardboard17.jpg,5,papery,cardboard,1
papery/cardboard/cardboard643.jpg,5,papery,cardboard,1
papery/cardboard/cardboard566.jpg,5,papery,cardboard,1
papery/cardboard/cardboard791.jpg,5,papery,cardboard,1
papery/cardboard/cardboard511.jpg,5,papery,cardboard,1
papery/cardboard/cardboard228.jpg,5,papery,cardboard,1
papery/cardboard/cardboard654.jpg,5,papery,cardboard,1
papery/cardboard/cardboard644.jpg,5,papery,cardboard,1
papery/cardboard/cardboard820.jpg,5,papery,cardboard,1
papery/cardboard/cardboard616.jpg,5,papery,cardboard,1
papery/cardboard/cardboard506.jpg,5,papery,cardboard,1
papery/cardboard/cardboard841.jpg,5,papery,cardboard,1
papery/cardboard/cardboard142.jpg,5,papery,cardboard,1
papery/cardboard/cardboard316.jpg,5,papery,cardboard,1
papery/cardboard/cardboard278.jpg,5,papery,cardboard,1
papery/cardboard/cardboard91.jpg,5,papery,cardboard,1
papery/cardboard/cardboard683.jpg,5,papery,cardboard,1
papery/cardboard/cardboard25.jpg,5,papery,cardboard,1
papery/cardboard/cardboard410.jpg,5,papery,cardboard,1
papery/cardboard/cardboard291.jpg,5,papery,cardboard,1
papery/cardboard/cardboard489.jpg,5,papery,cardboard,1
papery/cardboard/cardboard256.jpg,5,papery,cardboard,1
papery/cardboard/cardboard487.jpg,5,papery,cardboard,1
papery/cardboard/cardboard70.jpg,5,papery,cardboard,1
papery/cardboard/cardboard464.jpg,5,papery,cardboard,1
papery/cardboard/cardboard424.jpg,5,papery,cardboard,1
papery/cardboard/cardboard434.jpg,5,papery,cardboard,1
papery/cardboard/cardboard68.jpg,5,papery,cardboard,1
papery/cardboard/cardboard842.jpg,5,papery,cardboard,1
papery/cardboard/cardboard571.jpg,5,papery,cardboard,1
papery/cardboard/cardboard696.jpg,5,papery,cardboard,1
papery/cardboard/cardboard156.jpg,5,papery,cardboard,1
papery/cardboard/cardboard614.jpg,5,papery,cardboard,1
papery/cardboard/cardboard60.jpg,5,papery,cardboard,1
papery/cardboard/cardboard534.jpg,5,papery,cardboard,1
papery/cardboard/cardboard210.jpg,5,papery,cardboard,1
papery/cardboard/cardboard324.jpg,5,papery,cardboard,1
papery/cardboard/cardboard674.jpg,5,papery,cardboard,1
papery/cardboard/cardboard878.jpg,5,papery,cardboard,1
papery/cardboard/cardboard362.jpg,5,papery,cardboard,1
papery/cardboard/cardboard318.jpg,5,papery,cardboard,1
papery/cardboard/cardboard516.jpg,5,papery,cardboard,1
papery/cardboard/cardboard469.jpg,5,papery,cardboard,1
papery/cardboard/cardboard53.jpg,5,papery,cardboard,1
papery/cardboard/cardboard102.jpg,5,papery,cardboard,1
papery/cardboard/cardboard705.jpg,5,papery,cardboard,1
papery/cardboard/cardboard356.jpg,5,papery,cardboard,1
papery/cardboard/cardboard726.jpg,5,papery,cardboard,1
papery/cardboard/cardboard522.jpg,5,papery,cardboard,1
papery/cardboard/cardboard543.jpg,5,papery,cardboard,1
papery/cardboard/cardboard588.jpg,5,papery,cardboard,1
papery/cardboard/cardboard622.jpg,5,papery,cardboard,1
papery/cardboard/cardboard74.jpg,5,papery,cardboard,1
papery/cardboard/cardboard576.jpg,5,papery,cardboard,1
papery/cardboard/cardboard300.jpg,5,papery,cardboard,1
papery/cardboard/cardboard560.jpg,5,papery,cardboard,1
papery/cardboard/cardboard402.jpg,5,papery,cardboard,1
papery/cardboard/cardboard633.jpg,5,papery,cardboard,1
papery/cardboard/cardboard670.jpg,5,papery,cardboard,1
papery/cardboard/cardboard208.jpg,5,papery,cardboard,1
papery/cardboard/cardboard508.jpg,5,papery,cardboard,1
papery/cardboard/cardboard151.jpg,5,papery,cardboard,1
papery/cardboard/cardboard456.jpg,5,papery,cardboard,1
papery/cardboard/cardboard330.jpg,5,papery,cardboard,1
papery/cardboard/cardboard788.jpg,5,papery,cardboard,1
papery/cardboard/cardboard772.jpg,5,papery,cardboard,1
papery/cardboard/cardboard577.jpg,5,papery,cardboard,1
papery/cardboard/cardboard34.jpg,5,papery,cardboard,1
papery/cardboard/cardboard422.jpg,5,papery,cardboard,1
papery/cardboard/cardboard482.jpg,5,papery,cardboard,1
papery/cardboard/cardboard267.jpg,5,papery,cardboard,1
papery/cardboard/cardboard465.jpg,5,papery,cardboard,1
papery/cardboard/cardboard595.jpg,5,papery,cardboard,1
papery/cardboard/cardboard334.jpg,5,papery,cardboard,1
papery/cardboard/cardboard541.jpg,5,papery,cardboard,1
papery/cardboard/cardboard734.jpg,5,papery,cardboard,1
papery/cardboard/cardboard557.jpg,5,papery,cardboard,1
papery/cardboard/cardboard82.jpg,5,papery,cardboard,1
papery/cardboard/cardboard681.jpg,5,papery,cardboard,1
papery/cardboard/cardboard36.jpg,5,papery,cardboard,1
papery/cardboard/cardboard774.jpg,5,papery,cardboard,1
papery/cardboard/cardboard132.jpg,5,papery,cardboard,1
papery/cardboard/cardboard353.jpg,5,papery,cardboard,1
papery/cardboard/cardboard760.jpg,5,papery,cardboard,1
papery/cardboard/cardboard460.jpg,5,papery,cardboard,1
papery/cardboard/cardboard599.jpg,5,papery,cardboard,1
papery/cardboard/cardboard343.jpg,5,papery,cardboard,1
papery/cardboard/cardboard213.jpg,5,papery,cardboard,1
papery/cardboard/cardboard876.jpg,5,papery,cardboard,1
papery/cardboard/cardboard747.jpg,5,papery,cardboard,1
papery/cardboard/cardboard499.jpg,5,papery,cardboard,1
papery/cardboard/cardboard76.jpg,5,papery,cardboard,1
papery/cardboard/cardboard490.jpg,5,papery,cardboard,1
papery/cardboard/cardboard231.jpg,5,papery,cardboard,1
papery/cardboard/cardboard629.jpg,5,papery,cardboard,1
papery/cardboard/cardboard352.jpg,5,papery,cardboard,1
papery/cardboard/cardboard650.jpg,5,papery,cardboard,1
papery/cardboard/cardboard812.jpg,5,papery,cardboard,1
papery/cardboard/cardboard733.jpg,5,papery,cardboard,1
papery/cardboard/cardboard50.jpg,5,papery,cardboard,1
papery/cardboard/cardboard118.jpg,5,papery,cardboard,1
papery/cardboard/cardboard414.jpg,5,papery,cardboard,1
papery/cardboard/cardboard605.jpg,5,papery,cardboard,1
papery/cardboard/cardboard553.jpg,5,papery,cardboard,1
papery/cardboard/cardboard593.jpg,5,papery,cardboard,1
papery/cardboard/cardboard310.jpg,5,papery,cardboard,1
papery/cardboard/cardboard61.jpg,5,papery,cardboard,1
papery/cardboard/cardboard754.jpg,5,papery,cardboard,1
papery/cardboard/cardboard52.jpg,5,papery,cardboard,1
papery/cardboard/cardboard473.jpg,5,papery,cardboard,1
papery/cardboard/cardboard51.jpg,5,papery,cardboard,1
papery/cardboard/cardboard415.jpg,5,papery,cardboard,1
papery/cardboard/cardboard265.jpg,5,papery,cardboard,1
papery/cardboard/cardboard161.jpg,5,papery,cardboard,1
papery/cardboard/cardboard388.jpg,5,papery,cardboard,1
papery/cardboard/cardboard335.jpg,5,papery,cardboard,1
papery/cardboard/cardboard835.jpg,5,papery,cardboard,1
papery/cardboard/cardboard62.jpg,5,papery,cardboard,1
papery/cardboard/cardboard18.jpg,5,papery,cardboard,1
papery/cardboard/cardboard677.jpg,5,papery,cardboard,1
papery/cardboard/cardboard720.jpg,5,papery,cardboard,1
papery/cardboard/cardboard811.jpg,5,papery,cardboard,1
papery/cardboard/cardboard323.jpg,5,papery,cardboard,1
papery/cardboard/cardboard568.jpg,5,papery,cardboard,1
papery/cardboard/cardboard428.jpg,5,papery,cardboard,1
papery/cardboard/cardboard651.jpg,5,papery,cardboard,1
papery/cardboard/cardboard127.jpg,5,papery,cardboard,1
papery/cardboard/cardboard39.jpg,5,papery,cardboard,1
papery/cardboard/cardboard813.jpg,5,papery,cardboard,1
papery/cardboard/cardboard676.jpg,5,papery,cardboard,1
papery/cardboard/cardboard159.jpg,5,papery,cardboard,1
papery/cardboard/cardboard296.jpg,5,papery,cardboard,1
papery/cardboard/cardboard673.jpg,5,papery,cardboard,1
papery/cardboard/cardboard596.jpg,5,papery,cardboard,1
papery/cardboard/cardboard167.jpg,5,papery,cardboard,1
papery/cardboard/cardboard573.jpg,5,papery,cardboard,1
papery/cardboard/cardboard321.jpg,5,papery,cardboard,1
papery/cardboard/cardboard648.jpg,5,papery,cardboard,1
papery/cardboard/cardboard207.jpg,5,papery,cardboard,1
papery/cardboard/cardboard891.jpg,5,papery,cardboard,1
papery/cardboard/cardboard363.jpg,5,papery,cardboard,1
papery/cardboard/cardboard844.jpg,5,papery,cardboard,1
papery/cardboard/cardboard783.jpg,5,papery,cardboard,1
papery/cardboard/cardboard154.jpg,5,papery,cardboard,1
papery/cardboard/cardboard586.jpg,5,papery,cardboard,1
papery/cardboard/cardboard121.jpg,5,papery,cardboard,1
papery/cardboard/cardboard479.jpg,5,papery,cardboard,1
papery/cardboard/cardboard111.jpg,5,papery,cardboard,1
papery/cardboard/cardboard601.jpg,5,papery,cardboard,1
papery/cardboard/cardboard771.jpg,5,papery,cardboard,1
papery/cardboard/cardboard80.jpg,5,papery,cardboard,1
papery/cardboard/cardboard505.jpg,5,papery,cardboard,1
papery/cardboard/cardboard838.jpg,5,papery,cardboard,1
papery/cardboard/cardboard695.jpg,5,papery,cardboard,1
papery/cardboard/cardboard235.jpg,5,papery,cardboard,1
papery/cardboard/cardboard855.jpg,5,papery,cardboard,1
papery/paper/paper955.jpg,5,papery,paper,1
papery/paper/paper572.jpg,5,papery,paper,1
papery/paper/paper879.jpg,5,papery,paper,1
papery/paper/paper622.jpg,5,papery,paper,1
papery/paper/paper739.jpg,5,papery,paper,1
papery/paper/paper617.jpg,5,papery,paper,1
papery/paper/paper521.jpg,5,papery,paper,1
papery/paper/paper736.jpg,5,papery,paper,1
papery/paper/paper440.jpg,5,papery,paper,1
papery/paper/paper73.jpg,5,papery,paper,1
papery/paper/paper557.jpg,5,papery,paper,1
papery/paper/paper846.jpg,5,papery,paper,1
papery/paper/paper123.jpg,5,papery,paper,1
papery/paper/paper817.jpg,5,papery,paper,1
papery/paper/paper242.jpg,5,papery,paper,1
papery/paper/paper37.jpg,5,papery,paper,1
papery/paper/paper652.jpg,5,papery,paper,1
papery/paper/paper561.jpg,5,papery,paper,1
papery/paper/paper603.jpg,5,papery,paper,1
papery/paper/paper826.jpg,5,papery,paper,1
papery/paper/paper109.jpg,5,papery,paper,1
papery/paper/paper320.jpg,5,papery,paper,1
papery/paper/paper299.jpg,5,papery,paper,1
papery/paper/paper681.jpg,5,papery,paper,1
papery/paper/paper939.jpg,5,papery,paper,1
papery/paper/paper483.jpg,5,papery,paper,1
papery/paper/paper71.jpg,5,papery,paper,1
papery/paper/paper895.jpg,5,papery,paper,1
papery/paper/paper597.jpg,5,papery,paper,1
papery/paper/paper211.jpg,5,papery,paper,1
papery/paper/paper577.jpg,5,papery,paper,1
papery/paper/paper334.jpg,5,papery,paper,1
papery/paper/paper621.jpg,5,papery,paper,1
papery/paper/paper354.jpg,5,papery,paper,1
papery/paper/paper815.jpg,5,papery,paper,1
papery/paper/paper96.jpg,5,papery,paper,1
papery/paper/paper381.jpg,5,papery,paper,1
papery/paper/paper934.jpg,5,papery,paper,1
papery/paper/paper993.jpg,5,papery,paper,1
papery/paper/paper1005.jpg,5,papery,paper,1
papery/paper/paper335.jpg,5,papery,paper,1
papery/paper/paper338.jpg,5,papery,paper,1
papery/paper/paper510.jpg,5,papery,paper,1
papery/paper/paper804.jpg,5,papery,paper,1
papery/paper/paper240.jpg,5,papery,paper,1
papery/paper/paper566.jpg,5,papery,paper,1
papery/paper/paper419.jpg,5,papery,paper,1
papery/paper/paper823.jpg,5,papery,paper,1
papery/paper/paper339.jpg,5,papery,paper,1
papery/paper/paper433.jpg,5,papery,paper,1
papery/paper/paper95.jpg,5,papery,paper,1
papery/paper/paper710.jpg,5,papery,paper,1
papery/paper/paper258.jpg,5,papery,paper,1
papery/paper/paper266.jpg,5,papery,paper,1
papery/paper/paper169.jpg,5,papery,paper,1
papery/paper/paper400.jpg,5,papery,paper,1
papery/paper/paper361.jpg,5,papery,paper,1
papery/paper/paper366.jpg,5,papery,paper,1
papery/paper/paper492.jpg,5,papery,paper,1
papery/paper/paper1007.jpg,5,papery,paper,1
papery/paper/paper451.jpg,5,papery,paper,1
papery/paper/paper271.jpg,5,papery,paper,1
papery/paper/paper1027.jpg,5,papery,paper,1
papery/paper/paper192.jpg,5,papery,paper,1
papery/paper/paper115.jpg,5,papery,paper,1
papery/paper/paper163.jpg,5,papery,paper,1
papery/paper/paper567.jpg,5,papery,paper,1
papery/paper/paper281.jpg,5,papery,paper,1
papery/paper/paper46.jpg,5,papery,paper,1
papery/paper/paper901.jpg,5,papery,paper,1
papery/paper/paper903.jpg,5,papery,paper,1
papery/paper/paper800.jpg,5,papery,paper,1
papery/paper/paper684.jpg,5,papery,paper,1
papery/paper/paper1040.jpg,5,papery,paper,1
papery/paper/paper1048.jpg,5,papery,paper,1
papery/paper/paper94.jpg,5,papery,paper,1
papery/paper/paper1020.jpg,5,papery,paper,1
papery/paper/paper637.jpg,5,papery,paper,1
papery/paper/paper167.jpg,5,papery,paper,1
papery/paper/paper896.jpg,5,papery,paper,1
papery/paper/paper1013.jpg,5,papery,paper,1
papery/paper/paper831.jpg,5,papery,paper,1
papery/paper/paper395.jpg,5,papery,paper,1
papery/paper/paper222.jpg,5,papery,paper,1
papery/paper/paper787.jpg,5,papery,paper,1
papery/paper/paper1019.jpg,5,papery,paper,1
papery/paper/paper580.jpg,5,papery,paper,1
papery/paper/paper698.jpg,5,papery,paper,1
papery/paper/paper56.jpg,5,papery,paper,1
papery/paper/paper924.jpg,5,papery,paper,1
papery/paper/paper241.jpg,5,papery,paper,1
papery/paper/paper106.jpg,5,papery,paper,1
papery/paper/paper699.jpg,5,papery,paper,1
papery/paper/paper840.jpg,5,papery,paper,1
papery/paper/paper75.jpg,5,papery,paper,1
papery/paper/paper756.jpg,5,papery,paper,1
papery/paper/paper18.jpg,5,papery,paper,1
papery/paper/paper212.jpg,5,papery,paper,1
papery/paper/paper584.jpg,5,papery,paper,1
papery/paper/paper322.jpg,5,papery,paper,1
papery/paper/paper155.jpg,5,papery,paper,1
papery/paper/paper6.jpg,5,papery,paper,1
papery/paper/paper332.jpg,5,papery,paper,1
papery/paper/paper849.jpg,5,papery,paper,1
papery/paper/paper133.jpg,5,papery,paper,1
papery/paper/paper101.jpg,5,papery,paper,1
papery/paper/paper651.jpg,5,papery,paper,1
papery/paper/paper277.jpg,5,papery,paper,1
papery/paper/paper724.jpg,5,papery,paper,1
papery/paper/paper733.jpg,5,papery,paper,1
papery/paper/paper591.jpg,5,papery,paper,1
papery/paper/paper44.jpg,5,papery,paper,1
papery/paper/paper764.jpg,5,papery,paper,1
papery/paper/paper444.jpg,5,papery,paper,1
papery/paper/paper687.jpg,5,papery,paper,1
papery/paper/paper80.jpg,5,papery,paper,1
papery/paper/paper159.jpg,5,papery,paper,1
papery/paper/paper512.jpg,5,papery,paper,1
papery/paper/paper248.jpg,5,papery,paper,1
papery/paper/paper664.jpg,5,papery,paper,1
papery/paper/paper881.jpg,5,papery,paper,1
papery/paper/paper843.jpg,5,papery,paper,1
papery/paper/paper960.jpg,5,papery,paper,1
papery/paper/paper172.jpg,5,papery,paper,1
papery/paper/paper1023.jpg,5,papery,paper,1
papery/paper/paper202.jpg,5,papery,paper,1
papery/paper/paper1029.jpg,5,papery,paper,1
papery/paper/paper635.jpg,5,papery,paper,1
papery/paper/paper390.jpg,5,papery,paper,1
papery/paper/paper790.jpg,5,papery,paper,1
papery/paper/paper965.jpg,5,papery,paper,1
papery/paper/paper889.jpg,5,papery,paper,1
papery/paper/paper59.jpg,5,papery,paper,1
papery/paper/paper362.jpg,5,papery,paper,1
papery/paper/paper403.jpg,5,papery,paper,1
papery/paper/paper220.jpg,5,papery,paper,1
papery/paper/paper898.jpg,5,papery,paper,1
papery/paper/paper98.jpg,5,papery,paper,1
papery/paper/paper918.jpg,5,papery,paper,1
papery/paper/paper226.jpg,5,papery,paper,1
papery/paper/paper87.jpg,5,papery,paper,1
papery/paper/paper676.jpg,5,papery,paper,1
papery/paper/paper284.jpg,5,papery,paper,1
papery/paper/paper700.jpg,5,papery,paper,1
papery/paper/paper719.jpg,5,papery,paper,1
papery/paper/paper999.jpg,5,papery,paper,1
papery/paper/paper386.jpg,5,papery,paper,1
papery/paper/paper173.jpg,5,papery,paper,1
papery/paper/paper976.jpg,5,papery,paper,1
papery/paper/paper1035.jpg,5,papery,paper,1
papery/paper/paper907.jpg,5,papery,paper,1
papery/paper/paper464.jpg,5,papery,paper,1
papery/paper/paper498.jpg,5,papery,paper,1
papery/paper/paper525.jpg,5,papery,paper,1
papery/paper/paper407.jpg,5,papery,paper,1
papery/paper/paper820.jpg,5,papery,paper,1
papery/paper/paper228.jpg,5,papery,paper,1
papery/paper/paper221.jpg,5,papery,paper,1
papery/paper/paper268.jpg,5,papery,paper,1
papery/paper/paper830.jpg,5,papery,paper,1
papery/paper/paper60.jpg,5,papery,paper,1
papery/paper/paper186.jpg,5,papery,paper,1
papery/paper/paper546.jpg,5,papery,paper,1
papery/paper/paper229.jpg,5,papery,paper,1
papery/paper/paper191.jpg,5,papery,paper,1
papery/paper/paper615.jpg,5,papery,paper,1
papery/paper/paper38.jpg,5,papery,paper,1
papery/paper/paper769.jpg,5,papery,paper,1
papery/paper/paper556.jpg,5,papery,paper,1
papery/paper/paper122.jpg,5,papery,paper,1
papery/paper/paper72.jpg,5,papery,paper,1
papery/paper/paper856.jpg,5,papery,paper,1
papery/paper/paper527.jpg,5,papery,paper,1
papery/paper/paper579.jpg,5,papery,paper,1
papery/paper/paper1016.jpg,5,papery,paper,1
papery/paper/paper100.jpg,5,papery,paper,1
papery/paper/paper142.jpg,5,papery,paper,1
papery/paper/paper558.jpg,5,papery,paper,1
papery/paper/paper583.jpg,5,papery,paper,1
papery/paper/paper930.jpg,5,papery,paper,1
papery/paper/paper164.jpg,5,papery,paper,1
papery/paper/paper844.jpg,5,papery,paper,1
papery/paper/paper246.jpg,5,papery,paper,1
papery/paper/paper854.jpg,5,papery,paper,1
papery/paper/paper496.jpg,5,papery,paper,1
papery/paper/paper722.jpg,5,papery,paper,1
papery/paper/paper36.jpg,5,papery,paper,1
papery/paper/paper1033.jpg,5,papery,paper,1
papery/paper/paper305.jpg,5,papery,paper,1
papery/paper/paper951.jpg,5,papery,paper,1
papery/paper/paper921.jpg,5,papery,paper,1
papery/paper/paper144.jpg,5,papery,paper,1
papery/paper/paper686.jpg,5,papery,paper,1
papery/paper/paper51.jpg,5,papery,paper,1
papery/paper/paper897.jpg,5,papery,paper,1
papery/paper/paper1047.jpg,5,papery,paper,1
papery/paper/paper940.jpg,5,papery,paper,1
papery/paper/paper383.jpg,5,papery,paper,1
papery/paper/paper973.jpg,5,papery,paper,1
papery/paper/paper130.jpg,5,papery,paper,1
papery/paper/paper290.jpg,5,papery,paper,1
papery/paper/paper775.jpg,5,papery,paper,1
papery/paper/paper559.jpg,5,papery,paper,1
papery/paper/paper150.jpg,5,papery,paper,1
papery/paper/paper234.jpg,5,papery,paper,1
papery/paper/paper508.jpg,5,papery,paper,1
papery/paper/paper61.jpg,5,papery,paper,1
papery/paper/paper463.jpg,5,papery,paper,1
papery/paper/paper307.jpg,5,papery,paper,1
papery/paper/paper424.jpg,5,papery,paper,1
plastic/plastic522.jpg,6,plastic,plastic,1
plastic/plastic538.jpg,6,plastic,plastic,1
plastic/plastic240.jpg,6,plastic,plastic,1
plastic/plastic721.jpg,6,plastic,plastic,1
plastic/plastic861.jpg,6,plastic,plastic,1
plastic/plastic709.jpg,6,plastic,plastic,1
plastic/plastic135.jpg,6,plastic,plastic,1
plastic/plastic333.jpg,6,plastic,plastic,1
plastic/plastic672.jpg,6,plastic,plastic,1
plastic/plastic323.jpg,6,plastic,plastic,1
plastic/plastic457.jpg,6,plastic,plastic,1
plastic/plastic96.jpg,6,plastic,plastic,1
plastic/plastic7.jpg,6,plastic,plastic,1
plastic/plastic591.jpg,6,plastic,plastic,1
plastic/plastic727.jpg,6,plastic,plastic,1
plastic/plastic193.jpg,6,plastic,plastic,1
plastic/plastic562.jpg,6,plastic,plastic,1
plastic/plastic696.jpg,6,plastic,plastic,1
plastic/plastic528.jpg,6,plastic,plastic,1
plastic/plastic195.jpg,6,plastic,plastic,1
plastic/plastic769.jpg,6,plastic,plastic,1
plastic/plastic483.jpg,6,plastic,plastic,1
plastic/plastic720.jpg,6,plastic,plastic,1
plastic/plastic61.jpg,6,plastic,plastic,1
plastic/plastic119.jpg,6,plastic,plastic,1
plastic/plastic58.jpg,6,plastic,plastic,1
plastic/plastic776.jpg,6,plastic,plastic,1
plastic/plastic496.jpg,6,plastic,plastic,1
plastic/plastic813.jpg,6,plastic,plastic,1
plastic/plastic687.jpg,6,plastic,plastic,1
plastic/plastic188.jpg,6,plastic,plastic,1
plastic/plastic267.jpg,6,plastic,plastic,1
plastic/plastic453.jpg,6,plastic,plastic,1
plastic/plastic10.jpg,6,plastic,plastic,1
plastic/plastic167.jpg,6,plastic,plastic,1
plastic/plastic790.jpg,6,plastic,plastic,1
plastic/plastic395.jpg,6,plastic,plastic,1
plastic/plastic356.jpg,6,plastic,plastic,1
plastic/plastic851.jpg,6,plastic,plastic,1
plastic/plastic734.jpg,6,plastic,plastic,1
plastic/plastic476.jpg,6,plastic,plastic,1
plastic/plastic145.jpg,6,plastic,plastic,1
plastic/plastic378.jpg,6,plastic,plastic,1
plastic/plastic174.jpg,6,plastic,plastic,1
plastic/plastic531.jpg,6,plastic,plastic,1
plastic/plastic439.jpg,6,plastic,plastic,1
plastic/plastic425.jpg,6,plastic,plastic,1
plastic/plastic842.jpg,6,plastic,plastic,1
plastic/plastic666.jpg,6,plastic,plastic,1
plastic/plastic502.jpg,6,plastic,plastic,1
plastic/plastic233.jpg,6,plastic,plastic,1
plastic/plastic336.jpg,6,plastic,plastic,1
plastic/plastic420.jpg,6,plastic,plastic,1
plastic/plastic530.jpg,6,plastic,plastic,1
plastic/plastic152.jpg,6,plastic,plastic,1
plastic/plastic719.jpg,6,plastic,plastic,1
plastic/plastic111.jpg,6,plastic,plastic,1
plastic/plastic796.jpg,6,plastic,plastic,1
plastic/plastic828.jpg,6,plastic,plastic,1
plastic/plastic568.jpg,6,plastic,plastic,1
plastic/plastic445.jpg,6,plastic,plastic,1
plastic/plastic806.jpg,6,plastic,plastic,1
plastic/plastic526.jpg,6,plastic,plastic,1
plastic/plastic23.jpg,6,plastic,plastic,1
plastic/plastic358.jpg,6,plastic,plastic,1
plastic/plastic546.jpg,6,plastic,plastic,1
plastic/plastic683.jpg,6,plastic,plastic,1
plastic/plastic724.jpg,6,plastic,plastic,1
plastic/plastic821.jpg,6,plastic,plastic,1
plastic/plastic391.jpg,6,plastic,plastic,1
plastic/plastic571.jpg,6,plastic,plastic,1
plastic/plastic643.jpg,6,plastic,plastic,1
plastic/plastic369.jpg,6,plastic,plastic,1
plastic/plastic661.jpg,6,plastic,plastic,1
plastic/plastic488.jpg,6,plastic,plastic,1
plastic/plastic250.jpg,6,plastic,plastic,1
plastic/plastic308.jpg,6,plastic,plastic,1
plastic/plastic222.jpg,6,plastic,plastic,1
plastic/plastic517.jpg,6,plastic,plastic,1
plastic/plastic236.jpg,6,plastic,plastic,1
plastic/plastic782.jpg,6,plastic,plastic,1
plastic/plastic640.jpg,6,plastic,plastic,1
plastic/plastic305.jpg,6,plastic,plastic,1
plastic/plastic650.jpg,6,plastic,plastic,1
plastic/plastic848.jpg,6,plastic,plastic,1
plastic/plastic182.jpg,6,plastic,plastic,1
plastic/plastic646.jpg,6,plastic,plastic,1
plastic/plastic733.jpg,6,plastic,plastic,1
plastic/plastic444.jpg,6,plastic,plastic,1
plastic/plastic857.jpg,6,plastic,plastic,1
plastic/plastic149.jpg,6,plastic,plastic,1
plastic/plastic228.jpg,6,plastic,plastic,1
plastic/plastic337.jpg,6,plastic,plastic,1
plastic/plastic387.jpg,6,plastic,plastic,1
plastic/plastic40.jpg,6,plastic,plastic,1
plastic/plastic794.jpg,6,plastic,plastic,1
plastic/plastic108.jpg,6,plastic,plastic,1
plastic/plastic110.jpg,6,plastic,plastic,1
plastic/plastic26.jpg,6,plastic,plastic,1
plastic/plastic367.jpg,6,plastic,plastic,1
plastic/plastic731.jpg,6,plastic,plastic,1
plastic/plastic89.jpg,6,plastic,plastic,1
plastic/plastic21.jpg,6,plastic,plastic,1
plastic/plastic68.jpg,6,plastic,plastic,1
plastic/plastic448.jpg,6,plastic,plastic,1
plastic/plastic319.jpg,6,plastic,plastic,1
plastic/plastic435.jpg,6,plastic,plastic,1
plastic/plastic600.jpg,6,plastic,plastic,1
plastic/plastic386.jpg,6,plastic,plastic,1
plastic/plastic288.jpg,6,plastic,plastic,1
plastic/plastic783.jpg,6,plastic,plastic,1
plastic/plastic370.jpg,6,plastic,plastic,1
plastic/plastic357.jpg,6,plastic,plastic,1
plastic/plastic352.jpg,6,plastic,plastic,1
plastic/plastic628.jpg,6,plastic,plastic,1
plastic/plastic264.jpg,6,plastic,plastic,1
plastic/plastic147.jpg,6,plastic,plastic,1
plastic/plastic636.jpg,6,plastic,plastic,1
plastic/plastic289.jpg,6,plastic,plastic,1
plastic/plastic786.jpg,6,plastic,plastic,1
plastic/plastic748.jpg,6,plastic,plastic,1
plastic/plastic154.jpg,6,plastic,plastic,1
plastic/plastic598.jpg,6,plastic,plastic,1
plastic/plastic72.jpg,6,plastic,plastic,1
plastic/plastic95.jpg,6,plastic,plastic,1
plastic/plastic220.jpg,6,plastic,plastic,1
plastic/plastic118.jpg,6,plastic,plastic,1
plastic/plastic548.jpg,6,plastic,plastic,1
plastic/plastic362.jpg,6,plastic,plastic,1
plastic/plastic653.jpg,6,plastic,plastic,1
plastic/plastic125.jpg,6,plastic,plastic,1
plastic/plastic490.jpg,6,plastic,plastic,1
plastic/plastic560.jpg,6,plastic,plastic,1
plastic/plastic836.jpg,6,plastic,plastic,1
plastic/plastic777.jpg,6,plastic,plastic,1
plastic/plastic185.jpg,6,plastic,plastic,1
plastic/plastic578.jpg,6,plastic,plastic,1
plastic/plastic446.jpg,6,plastic,plastic,1
plastic/plastic544.jpg,6,plastic,plastic,1
plastic/plastic621.jpg,6,plastic,plastic,1
plastic/plastic690.jpg,6,plastic,plastic,1
plastic/plastic504.jpg,6,plastic,plastic,1
plastic/plastic418.jpg,6,plastic,plastic,1
plastic/plastic845.jpg,6,plastic,plastic,1
plastic/plastic831.jpg,6,plastic,plastic,1
plastic/plastic1.jpg,6,plastic,plastic,1
plastic/plastic595.jpg,6,plastic,plastic,1
plastic/plastic227.jpg,6,plastic,plastic,1
plastic/plastic753.jpg,6,plastic,plastic,1
plastic/plastic679.jpg,6,plastic,plastic,1
plastic/plastic638.jpg,6,plastic,plastic,1
plastic/plastic487.jpg,6,plastic,plastic,1
plastic/plastic410.jpg,6,plastic,plastic,1
plastic/plastic633.jpg,6,plastic,plastic,1
plastic/plastic656.jpg,6,plastic,plastic,1
plastic/plastic717.jpg,6,plastic,plastic,1
plastic/plastic211.jpg,6,plastic,plastic,1
plastic/plastic322.jpg,6,plastic,plastic,1
plastic/plastic50.jpg,6,plastic,plastic,1
plastic/plastic505.jpg,6,plastic,plastic,1
plastic/plastic37.jpg,6,plastic,plastic,1
plastic/plastic338.jpg,6,plastic,plastic,1
plastic/plastic559.jpg,6,plastic,plastic,1
plastic/plastic555.jpg,6,plastic,plastic,1
plastic/plastic491.jpg,6,plastic,plastic,1
plastic/plastic285.jpg,6,plastic,plastic,1
plastic/plastic243.jpg,6,plastic,plastic,1
plastic/plastic825.jpg,6,plastic,plastic,1
plastic/plastic634.jpg,6,plastic,plastic,1
plastic/plastic66.jpg,6,plastic,plastic,1
plastic/plastic248.jpg,6,plastic,plastic,1
plastic/plastic744.jpg,6,plastic,plastic,1
plastic/plastic451.jpg,6,plastic,plastic,1
undifferentiated/undifferentiated260.jpg,7,undifferentiated,undifferentiated,1
undifferentiated/undifferentiated624.jpg,7,undifferentiated,undifferentiated,1
undifferentiated/undifferentiated449.jpg,7,undifferentiated,undifferentiated,1
undifferentiated/undifferentiated21.jpg,7,undifferentiated,undifferentiated,1
undifferentiated/undifferentiated50.jpg,7,undifferentiated,undifferentiated,1
undifferentiated/undifferentiated605.jpg,7,undifferentiated,undifferentiated,1
undifferentiated/undifferentiated421.jpg,7,undifferentiated,undifferentiated,1
undifferentiated/undifferentiated687.jpg,7,undifferentiated,undifferentiated,1
undifferentiated/undifferentiated587.jpg,7,undifferentiated,undifferentiated,1
undifferentiated/undifferentiated282.jpg,7,undifferentiated,undifferentiated,1
undifferentiated/undifferentiated102.jpg,7,undifferentiated,undifferentiated,1
undifferentiated/undifferentiated77.jpg,7,undifferentiated,undifferentiated,1
undifferentiated/undifferentiated315.jpg,7,undifferentiated,undifferentiated,1
undifferentiated/undifferentiated611.jpg,7,undifferentiated,undifferentiated,1
undifferentiated/undifferentiated566.jpg,7,undifferentiated,undifferentiated,1
undifferentiated/undifferentiated226.jpg,7,undifferentiated,undifferentiated,1
undifferentiated/undifferentiated220.jpg,7,undifferentiated,undifferentiated,1
undifferentiated/undifferentiated667.jpg,7,undifferentiated,undifferentiated,1
undifferentiated/undifferentiated446.jpg,7,undifferentiated,undifferentiated,1
undifferentiated/undifferentiated20.jpg,7,undifferentiated,undifferentiated,1
undifferentiated/undifferentiated387.jpg,7,undifferentiated,undifferentiated,1
undifferentiated/undifferentiated402.jpg,7,undifferentiated,undifferentiated,1
undifferentiated/undifferentiated507.jpg,7,undifferentiated,undifferentiated,1
undifferentiated/undifferentiated309.jpg,7,undifferentiated,undifferentiated,1
undifferentiated/undifferentiated535.jpg,7,undifferentiated,undifferentiated,1
undifferentiated/undifferentiated214.jpg,7,undifferentiated,undifferentiated,1
undifferentiated/undifferentiated437.jpg,7,undifferentiated,undifferentiated,1
undifferentiated/undifferentiated405.jpg,7,undifferentiated,undifferentiated,1
undifferentiated/undifferentiated154.jpg,7,undifferentiated,undifferentiated,1
undifferentiated/undifferentiated297.jpg,7,undifferentiated,undifferentiated,1
undifferentiated/undifferentiated538.jpg,7,undifferentiated,undifferentiated,1
undifferentiated/undifferentiated13.jpg,7,undifferentiated,undifferentiated,1
undifferentiated/undifferentiated401.jpg,7,undifferentiated,undifferentiated,1
undifferentiated/undifferentiated329.jpg,7,undifferentiated,undifferentiated,1
undifferentiated/undifferentiated558.jpg,7,undifferentiated,undifferentiated,1
undifferentiated/undifferentiated262.jpg,7,undifferentiated,undifferentiated,1
undifferentiated/undifferentiated55.jpg,7,undifferentiated,undifferentiated,1
undifferentiated/undifferentiated174.jpg,7,undifferentiated,undifferentiated,1
undifferentiated/undifferentiated479.jpg,7,undifferentiated,undifferentiated,1
undifferentiated/undifferentiated586.jpg,7,undifferentiated,undifferentiated,1
undifferentiated/undifferentiated662.jpg,7,undifferentiated,undifferentiated,1
undifferentiated/undifferentiated74.jpg,7,undifferentiated,undifferentiated,1
undifferentiated/undifferentiated42.jpg,7,undifferentiated,undifferentiated,1
undifferentiated/undifferentiated250.jpg,7,undifferentiated,undifferentiated,1
undifferentiated/undifferentiated677.jpg,7,undifferentiated,undifferentiated,1
undifferentiated/undifferentiated676.jpg,7,undifferentiated,undifferentiated,1
undifferentiated/undifferentiated658.jpg,7,undifferentiated,undifferentiated,1
undifferentiated/undifferentiated210.jpg,7,undifferentiated,undifferentiated,1
undifferentiated/undifferentiated610.jpg,7,undifferentiated,undifferentiated,1
undifferentiated/undifferentiated361.jpg,7,undifferentiated,undifferentiated,1
undifferentiated/undifferentiated330.jpg,7,undifferentiated,undifferentiated,1
undifferentiated/undifferentiated622.jpg,7,undifferentiated,undifferentiated,1
undifferentiated/undifferentiated332.jpg,7,undifferentiated,undifferentiated,1
undifferentiated/undifferentiated431.jpg,7,undifferentiated,undifferentiated,1
undifferentiated/undifferentiated6.jpg,7,undifferentiated,undifferentiated,1
undifferentiated/undifferentiated549.jpg,7,undifferentiated,undifferentiated,1
undifferentiated/undifferentiated347.jpg,7,undifferentiated,undifferentiated,1
undifferentiated/undifferentiated15.jpg,7,undifferentiated,undifferentiated,1
undifferentiated/undifferentiated265.jpg,7,undifferentiated,undifferentiated,1
undifferentiated/undifferentiated430.jpg,7,undifferentiated,undifferentiated,1
undifferentiated/undifferentiated668.jpg,7,undifferentiated,undifferentiated,1
undifferentiated/undifferentiated333.jpg,7,undifferentiated,undifferentiated,1
undifferentiated/undifferentiated600.jpg,7,undifferentiated,undifferentiated,1
undifferentiated/undifferentiated472.jpg,7,undifferentiated,undifferentiated,1
undifferentiated/undifferentiated444.jpg,7,undifferentiated,undifferentiated,1
undifferentiated/undifferentiated243.jpg,7,undifferentiated,undifferentiated,1
undifferentiated/undifferentiated671.jpg,7,undifferentiated,undifferentiated,1
undifferentiated/undifferentiated522.jpg,7,undifferentiated,undifferentiated,1
undifferentiated/undifferentiated164.jpg,7,undifferentiated,undifferentiated,1
undifferentiated/undifferentiated452.jpg,7,undifferentiated,undifferentiated,1
undifferentiated/undifferentiated246.jpg,7,undifferentiated,undifferentiated,1
undifferentiated/undifferentiated391.jpg,7,undifferentiated,undifferentiated,1
undifferentiated/undifferentiated539.jpg,7,undifferentiated,undifferentiated,1
undifferentiated/undifferentiated504.jpg,7,undifferentiated,undifferentiated,1
undifferentiated/undifferentiated493.jpg,7,undifferentiated,undifferentiated,1
undifferentiated/undifferentiated234.jpg,7,undifferentiated,undifferentiated,1
undifferentiated/undifferentiated161.jpg,7,undifferentiated,undifferentiated,1
undifferentiated/undifferentiated537.jpg,7,undifferentiated,undifferentiated,1
undifferentiated/undifferentiated542.jpg,7,undifferentiated,undifferentiated,1
undifferentiated/undifferentiated58.jpg,7,undifferentiated,undifferentiated,1
undifferentiated/undifferentiated139.jpg,7,undifferentiated,undifferentiated,1
undifferentiated/undifferentiated563.jpg,7,undifferentiated,undifferentiated,1
undifferentiated/undifferentiated556.jpg,7,undifferentiated,undifferentiated,1
undifferentiated/undifferentiated131.jpg,7,undifferentiated,undifferentiated,1
undifferentiated/undifferentiated454.jpg,7,undifferentiated,undifferentiated,1
undifferentiated/undifferentiated323.jpg,7,undifferentiated,undifferentiated,1
undifferentiated/undifferentiated381.jpg,7,undifferentiated,undifferentiated,1
undifferentiated/undifferentiated242.jpg,7,undifferentiated,undifferentiated,1
undifferentiated/undifferentiated674.jpg,7,undifferentiated,undifferentiated,1
undifferentiated/undifferentiated515.jpg,7,undifferentiated,undifferentiated,1
undifferentiated/undifferentiated571.jpg,7,undifferentiated,undifferentiated,1
undifferentiated/undifferentiated485.jpg,7,undifferentiated,undifferentiated,1
undifferentiated/undifferentiated175.jpg,7,undifferentiated,undifferentiated,1
undifferentiated/undifferentiated659.jpg,7,undifferentiated,undifferentiated,1
undifferentiated/undifferentiated114.jpg,7,undifferentiated,undifferentiated,1
undifferentiated/undifferentiated584.jpg,7,undifferentiated,undifferentiated,1
undifferentiated/undifferentiated121.jpg,7,undifferentiated,undifferentiated,1
undifferentiated/undifferentiated523.jpg,7,undifferentiated,undifferentiated,1
undifferentiated/undifferentiated358.jpg,7,undifferentiated,undifferentiated,1
undifferentiated/undifferentiated640.jpg,7,undifferentiated,undifferentiated,1
undifferentiated/undifferentiated420.jpg,7,undifferentiated,undifferentiated,1
undifferentiated/undifferentiated231.jpg,7,undifferentiated,undifferentiated,1
undifferentiated/undifferentiated373.jpg,7,undifferentiated,undifferentiated,1
undifferentiated/undifferentiated258.jpg,7,undifferentiated,undifferentiated,1
undifferentiated/undifferentiated578.jpg,7,undifferentiated,undifferentiated,1
undifferentiated/undifferentiated362.jpg,7,undifferentiated,undifferentiated,1
undifferentiated/undifferentiated186.jpg,7,undifferentiated,undifferentiated,1
undifferentiated/undifferentiated255.jpg,7,undifferentiated,undifferentiated,1
undifferentiated/undifferentiated407.jpg,7,undifferentiated,undifferentiated,1
undifferentiated/undifferentiated366.jpg,7,undifferentiated,undifferentiated,1
undifferentiated/undifferentiated147.jpg,7,undifferentiated,undifferentiated,1
undifferentiated/undifferentiated118.jpg,7,undifferentiated,undifferentiated,1
undifferentiated/undifferentiated468.jpg,7,undifferentiated,undifferentiated,1
undifferentiated/undifferentiated652.jpg,7,undifferentiated,undifferentiated,1
undifferentiated/undifferentiated221.jpg,7,undifferentiated,undifferentiated,1
undifferentiated/undifferentiated141.jpg,7,undifferentiated,undifferentiated,1
undifferentiated/undifferentiated562.jpg,7,undifferentiated,undifferentiated,1
undifferentiated/undifferentiated80.jpg,7,undifferentiated,undifferentiated,1
undifferentiated/undifferentiated238.jpg,7,undifferentiated,undifferentiated,1
undifferentiated/undifferentiated543.jpg,7,undifferentiated,undifferentiated,1
undifferentiated/undifferentiated645.jpg,7,undifferentiated,undifferentiated,1
undifferentiated/undifferentiated560.jpg,7,undifferentiated,undifferentiated,1
undifferentiated/undifferentiated367.jpg,7,undifferentiated,undifferentiated,1
undifferentiated/undifferentiated299.jpg,7,undifferentiated,undifferentiated,1
undifferentiated/undifferentiated683.jpg,7,undifferentiated,undifferentiated,1
undifferentiated/undifferentiated369.jpg,7,undifferentiated,undifferentiated,1
undifferentiated/undifferentiated70.jpg,7,undifferentiated,undifferentiated,1
undifferentiated/undifferentiated475.jpg,7,undifferentiated,undifferentiated,1
undifferentiated/undifferentiated630.jpg,7,undifferentiated,undifferentiated,1
undifferentiated/undifferentiated275.jpg,7,undifferentiated,undifferentiated,1
undifferentiated/undifferentiated25.jpg,7,undifferentiated,undifferentiated,1
undifferentiated/undifferentiated61.jpg,7,undifferentiated,undifferentiated,1
undifferentiated/undifferentiated355.jpg,7,undifferentiated,undifferentiated,1
undifferentiated/undifferentiated267.jpg,7,undifferentiated,undifferentiated,1
undifferentiated/undifferentiated653.jpg,7,undifferentiated,undifferentiated,1
undifferentiated/undifferentiated465.jpg,7,undifferentiated,undifferentiated,1
undifferentiated/undifferentiated520.jpg,7,undifferentiated,undifferentiated,1
undifferentiated/undifferentiated227.jpg,7,undifferentiated,undifferentiated,1
undifferentiated/undifferentiated664.jpg,7,undifferentiated,undifferentiated,1
